name,index,bas_yil,bas_ay,son_yil,son_ay,L_ay,S,I,tepe
Edirne,SPI12,1966,5,1966,5,1,0.026,0.026,0.026
Edirne,SPI12,1967,12,1968,1,2,0.558,0.279,0.385
Edirne,SPI12,1968,3,1969,3,13,8.927,0.687,1.382
Edirne,SPI12,1969,9,1969,11,3,0.487,0.162,0.331
Edirne,SPI12,1970,1,1970,3,3,0.758,0.253,0.398
Edirne,SPI12,1970,12,1970,12,1,0.126,0.126,0.126
Edirne,SPI12,1971,2,1971,2,1,0.123,0.123,0.123
Edirne,SPI12,1971,5,1971,5,1,0.088,0.088,0.088
Edirne,SPI12,1972,3,1972,9,7,3.677,0.525,1.181
Edirne,SPI12,1972,12,1972,12,1,0.273,0.273,0.273
Edirne,SPI12,1973,10,1975,5,20,16.743,0.837,1.762
Edirne,SPI12,1976,6,1977,5,12,9.403,0.784,1.521
Edirne,SPI12,1977,8,1977,8,1,0.016,0.016,0.016
Edirne,SPI12,1977,12,1978,4,5,0.999,0.2,0.346
Edirne,SPI12,1978,6,1978,12,7,2.025,0.289,0.48
Edirne,SPI12,1979,3,1979,10,8,3.858,0.482,1.059
Edirne,SPI12,1980,11,1980,11,1,0.082,0.082,0.082
Edirne,SPI12,1982,1,1984,2,26,15.427,0.593,2.091
Edirne,SPI12,1984,10,1984,10,1,0.023,0.023,0.023
Edirne,SPI12,1985,3,1987,11,33,33.534,1.016,2.13
Edirne,SPI12,1988,1,1988,2,2,0.422,0.211,0.294
Edirne,SPI12,1988,4,1991,10,43,27.068,0.629,1.511
Edirne,SPI12,1991,12,1994,12,37,29.956,0.81,1.605
Edirne,SPI12,1996,1,1996,1,1,0.308,0.308,0.308
Edirne,SPI12,1996,7,1996,8,2,0.385,0.193,0.204
Edirne,SPI12,1996,10,1996,10,1,0.1,0.1,0.1
Edirne,SPI12,1997,2,1997,6,5,1.655,0.331,0.412
Edirne,SPI12,1997,9,1997,9,1,0.116,0.116,0.116
Edirne,SPI12,1997,11,1997,11,1,0.013,0.013,0.013
Edirne,SPI12,2000,2,2002,9,32,35.503,1.109,1.811
Edirne,SPI12,2003,11,2005,1,15,12.031,0.802,1.683
Edirne,SPI12,2005,6,2005,6,1,0.306,0.306,0.306
Edirne,SPI12,2007,7,2007,10,4,2.405,0.601,0.954
Edirne,SPI12,2008,1,2009,9,21,10.888,0.518,1.776
Edirne,SPI12,2011,3,2012,1,11,5.56,0.505,0.881
Edirne,SPI12,2012,3,2012,4,2,0.023,0.011,0.019
Edirne,SPI12,2012,9,2012,12,4,1.991,0.498,0.974
Edirne,SPI12,2014,1,2014,4,4,1.453,0.363,0.827
Edirne,SPI12,2016,10,2017,9,12,10.349,0.862,1.772
Edirne,SPI12,2019,3,2019,3,1,0.395,0.395,0.395
Edirne,SPI12,2019,6,2020,12,19,20.496,1.079,2.178
Edirne,SPI12,2022,1,2022,1,1,0.135,0.135,0.135
Edirne,SPI12,2022,3,2022,8,6,1.634,0.272,0.661
Edirne,SPI12,2022,10,2024,12,27,24.227,0.897,1.757
Edirne,SPEI12,1967,12,1967,12,1,0.075,0.075,0.075
Edirne,SPEI12,1968,4,1969,3,12,9.06,0.755,1.536
Edirne,SPEI12,1969,11,1969,11,1,0.133,0.133,0.133
Edirne,SPEI12,1970,1,1970,4,4,0.492,0.123,0.301
Edirne,SPEI12,1972,6,1972,9,4,2.855,0.714,1.08
Edirne,SPEI12,1972,12,1972,12,1,0.156,0.156,0.156
Edirne,SPEI12,1973,10,1973,11,2,0.842,0.421,0.437
Edirne,SPEI12,1974,1,1974,12,12,7.645,0.637,1.312
Edirne,SPEI12,1975,2,1975,4,3,0.632,0.211,0.406
Edirne,SPEI12,1976,8,1977,2,7,3.518,0.503,0.889
Edirne,SPEI12,1978,1,1978,2,2,0.122,0.061,0.071
Edirne,SPEI12,1978,7,1978,8,2,0.138,0.069,0.124
Edirne,SPEI12,1979,5,1979,6,2,0.81,0.405,0.567
Edirne,SPEI12,1979,9,1979,10,2,1.177,0.589,0.843
Edirne,SPEI12,1982,1,1982,3,3,1.374,0.458,0.621
Edirne,SPEI12,1982,11,1983,8,10,8.828,0.883,1.954
Edirne,SPEI12,1983,11,1983,12,2,0.517,0.259,0.424
Edirne,SPEI12,1985,5,1987,10,30,23.737,0.791,1.841
Edirne,SPEI12,1988,7,1989,7,13,6.827,0.525,1.297
Edirne,SPEI12,1989,11,1991,2,16,9.565,0.598,1.116
Edirne,SPEI12,1991,4,1991,4,1,0.038,0.038,0.038
Edirne,SPEI12,1991,9,1991,10,2,0.357,0.178,0.232
Edirne,SPEI12,1991,12,1992,5,6,2.59,0.432,0.714
Edirne,SPEI12,1992,10,1994,12,27,17.47,0.647,1.753
Edirne,SPEI12,1996,1,1996,1,1,0.065,0.065,0.065
Edirne,SPEI12,1997,2,1997,5,4,0.839,0.21,0.252
Edirne,SPEI12,2000,2,2002,9,32,40.65,1.27,1.993
Edirne,SPEI12,2003,11,2005,1,15,10.573,0.705,1.37
Edirne,SPEI12,2005,6,2005,6,1,0.192,0.192,0.192
Edirne,SPEI12,2007,7,2007,11,5,4.31,0.862,1.28
Edirne,SPEI12,2008,1,2009,9,21,14.894,0.709,1.849
Edirne,SPEI12,2011,2,2012,1,12,7.307,0.609,1.097
Edirne,SPEI12,2012,4,2012,4,1,0.036,0.036,0.036
Edirne,SPEI12,2012,7,2013,2,8,6.537,0.817,1.584
Edirne,SPEI12,2013,4,2013,5,2,1.053,0.526,1.044
Edirne,SPEI12,2013,12,2014,4,5,3.747,0.749,1.41
Edirne,SPEI12,2015,12,2015,12,1,0.352,0.352,0.352
Edirne,SPEI12,2016,9,2017,9,13,15.348,1.181,2.011
Edirne,SPEI12,2019,3,2019,4,2,1.307,0.653,1.031
Edirne,SPEI12,2019,6,2020,12,19,29.156,1.535,2.806
Edirne,SPEI12,2021,5,2021,8,4,0.861,0.215,0.492
Edirne,SPEI12,2022,1,2024,12,36,53.017,1.473,3.447
Kırklareli,SPI12,1965,12,1965,12,1,0.428,0.428,0.428
Kırklareli,SPI12,1966,2,1966,2,1,0.26,0.26,0.26
Kırklareli,SPI12,1967,12,1968,1,2,0.693,0.346,0.482
Kırklareli,SPI12,1968,4,1968,4,1,0.026,0.026,0.026
Kırklareli,SPI12,1968,6,1969,6,13,4.304,0.331,1.078
Kırklareli,SPI12,1969,8,1970,9,14,4.917,0.351,0.597
Kırklareli,SPI12,1970,12,1971,6,7,2.316,0.331,0.52
Kırklareli,SPI12,1972,2,1972,9,8,4.743,0.593,0.924
Kırklareli,SPI12,1972,11,1972,12,2,0.359,0.179,0.273
Kırklareli,SPI12,1973,11,1973,11,1,0.028,0.028,0.028
Kırklareli,SPI12,1974,2,1974,4,3,0.513,0.171,0.265
Kırklareli,SPI12,1974,9,1974,10,2,0.772,0.386,0.653
Kırklareli,SPI12,1974,12,1975,6,7,1.49,0.213,0.377
Kırklareli,SPI12,1976,5,1976,7,3,0.3,0.1,0.152
Kırklareli,SPI12,1976,10,1976,11,2,0.548,0.274,0.29
Kırklareli,SPI12,1978,1,1978,2,2,0.185,0.092,0.136
Kırklareli,SPI12,1978,7,1978,12,6,1.485,0.248,0.51
Kırklareli,SPI12,1979,3,1979,6,4,1.364,0.341,0.4
Kırklareli,SPI12,1980,11,1980,11,1,0.695,0.695,0.695
Kırklareli,SPI12,1982,11,1984,2,16,14.561,0.91,1.699
Kırklareli,SPI12,1984,6,1987,10,41,36.756,0.896,1.818
Kırklareli,SPI12,1988,1,1988,1,1,0.173,0.173,0.173
Kırklareli,SPI12,1988,4,1988,5,2,0.278,0.139,0.19
Kırklareli,SPI12,1989,2,1995,4,75,76.771,1.024,3.025
Kırklareli,SPI12,1996,6,1997,9,16,14.364,0.898,1.66
Kırklareli,SPI12,2000,3,2002,9,31,54.179,1.748,3.13
Kırklareli,SPI12,2003,11,2004,7,9,5.364,0.596,1.252
Kırklareli,SPI12,2004,9,2005,1,5,1.991,0.398,0.747
Kırklareli,SPI12,2005,6,2005,9,4,1.062,0.266,0.433
Kırklareli,SPI12,2007,3,2007,4,2,0.496,0.248,0.291
Kırklareli,SPI12,2007,6,2007,11,6,2.657,0.443,0.842
Kırklareli,SPI12,2008,1,2009,1,13,6.078,0.468,1.11
Kırklareli,SPI12,2011,2,2011,12,11,7.103,0.646,0.927
Kırklareli,SPI12,2012,2,2012,3,2,0.058,0.029,0.053
Kırklareli,SPI12,2014,2,2014,4,3,1.023,0.341,0.546
Kırklareli,SPI12,2015,12,2015,12,1,0.457,0.457,0.457
Kırklareli,SPI12,2016,9,2017,9,13,4.418,0.34,0.737
Kırklareli,SPI12,2020,1,2020,5,5,2.217,0.443,0.664
Kırklareli,SPI12,2020,7,2020,12,6,4.01,0.668,0.965
Kırklareli,SPI12,2022,12,2023,11,12,11.669,0.972,1.715
Kırklareli,SPI12,2024,4,2024,4,1,0.078,0.078,0.078
Kırklareli,SPI12,2024,6,2024,8,3,0.634,0.211,0.267
Kırklareli,SPI12,2024,11,2024,12,2,2.318,1.159,1.297
Kırklareli,SPEI12,1965,12,1965,12,1,0.191,0.191,0.191
Kırklareli,SPEI12,1966,2,1966,2,1,0.201,0.201,0.201
Kırklareli,SPEI12,1967,12,1968,1,2,0.347,0.173,0.317
Kırklareli,SPEI12,1968,5,1969,3,11,5.318,0.483,1.191
Kırklareli,SPEI12,1969,9,1970,5,9,3.647,0.405,0.63
Kırklareli,SPEI12,1970,7,1970,9,3,1.413,0.471,0.578
Kırklareli,SPEI12,1970,12,1971,6,7,1.632,0.233,0.506
Kırklareli,SPEI12,1972,3,1972,9,7,3.816,0.545,0.97
Kırklareli,SPEI12,1972,11,1972,12,2,0.312,0.156,0.202
Kırklareli,SPEI12,1974,3,1974,3,1,0.02,0.02,0.02
Kırklareli,SPEI12,1974,10,1974,10,1,0.271,0.271,0.271
Kırklareli,SPEI12,1974,12,1974,12,1,0.097,0.097,0.097
Kırklareli,SPEI12,1975,2,1975,7,6,0.806,0.134,0.336
Kırklareli,SPEI12,1975,9,1975,9,1,0.025,0.025,0.025
Kırklareli,SPEI12,1978,11,1978,12,2,0.393,0.197,0.24
Kırklareli,SPEI12,1979,4,1979,6,3,0.579,0.193,0.266
Kırklareli,SPEI12,1980,11,1980,11,1,0.449,0.449,0.449
Kırklareli,SPEI12,1982,12,1984,2,15,12.672,0.845,1.643
Kırklareli,SPEI12,1984,6,1984,7,2,0.092,0.046,0.077
Kırklareli,SPEI12,1984,9,1984,10,2,0.55,0.275,0.406
Kırklareli,SPEI12,1984,12,1985,1,2,0.267,0.134,0.228
Kırklareli,SPEI12,1985,3,1987,7,29,27.81,0.959,1.683
Kırklareli,SPEI12,1987,10,1987,10,1,0.001,0.001,0.001
Kırklareli,SPEI12,1988,4,1988,5,2,0.217,0.108,0.131
Kırklareli,SPEI12,1989,3,1993,4,50,33.277,0.666,1.386
Kırklareli,SPEI12,1993,6,1995,6,25,29.841,1.194,3.293
Kırklareli,SPEI12,1996,6,1997,7,14,12.589,0.899,1.648
Kırklareli,SPEI12,1997,9,1997,9,1,0.182,0.182,0.182
Kırklareli,SPEI12,2000,1,2002,9,33,62.084,1.881,4.753
Kırklareli,SPEI12,2003,9,2003,9,1,0.088,0.088,0.088
Kırklareli,SPEI12,2003,11,2004,7,9,6.214,0.69,1.459
Kırklareli,SPEI12,2004,10,2005,1,4,1.295,0.324,0.441
Kırklareli,SPEI12,2005,6,2005,9,4,1.263,0.316,0.433
Kırklareli,SPEI12,2007,3,2007,4,2,0.533,0.267,0.276
Kırklareli,SPEI12,2007,6,2009,1,20,12.987,0.649,1.303
Kırklareli,SPEI12,2009,6,2009,6,1,0.008,0.008,0.008
Kırklareli,SPEI12,2011,2,2011,12,11,9.63,0.875,1.229
Kırklareli,SPEI12,2012,10,2012,10,1,0.063,0.063,0.063
Kırklareli,SPEI12,2013,12,2014,4,5,2.566,0.513,0.953
Kırklareli,SPEI12,2015,12,2017,9,22,13.624,0.619,1.121
Kırklareli,SPEI12,2019,7,2019,7,1,0.176,0.176,0.176
Kırklareli,SPEI12,2019,11,2020,5,7,5.222,0.746,1.206
Kırklareli,SPEI12,2020,7,2021,1,7,5.963,0.852,1.27
Kırklareli,SPEI12,2022,11,2024,12,26,27.628,1.063,2.161
Lüleburgaz,SPI12,1968,6,1970,2,21,5.489,0.261,0.825
Lüleburgaz,SPI12,1972,3,1973,2,12,6.658,0.555,0.908
Lüleburgaz,SPI12,1973,5,1973,5,1,0.073,0.073,0.073
Lüleburgaz,SPI12,1973,7,1975,6,24,19.843,0.827,1.793
Lüleburgaz,SPI12,1976,10,1976,11,2,0.032,0.016,0.023
Lüleburgaz,SPI12,1977,8,1977,8,1,0.19,0.19,0.19
Lüleburgaz,SPI12,1977,10,1978,9,12,4.945,0.412,1.01
Lüleburgaz,SPI12,1978,12,1978,12,1,0.248,0.248,0.248
Lüleburgaz,SPI12,1979,2,1979,10,9,5.073,0.564,0.924
Lüleburgaz,SPI12,1981,5,1981,10,6,2.206,0.368,0.609
Lüleburgaz,SPI12,1982,11,1984,2,16,13.617,0.851,1.419
Lüleburgaz,SPI12,1984,8,1984,10,3,0.294,0.098,0.169
Lüleburgaz,SPI12,1984,12,1985,12,13,12.048,0.927,1.541
Lüleburgaz,SPI12,1986,11,1987,10,12,12.473,1.039,1.826
Lüleburgaz,SPI12,1988,1,1988,2,2,0.199,0.1,0.16
Lüleburgaz,SPI12,1988,10,1988,10,1,0.22,0.22,0.22
Lüleburgaz,SPI12,1988,12,1990,9,22,14.797,0.673,1.449
Lüleburgaz,SPI12,1990,11,1990,11,1,0.224,0.224,0.224
Lüleburgaz,SPI12,1991,9,1991,9,1,0.259,0.259,0.259
Lüleburgaz,SPI12,1991,12,1992,2,3,0.207,0.069,0.09
Lüleburgaz,SPI12,1992,4,1992,5,2,0.492,0.246,0.411
Lüleburgaz,SPI12,1992,11,1993,1,3,0.206,0.069,0.09
Lüleburgaz,SPI12,1993,3,1993,4,2,0.449,0.224,0.353
Lüleburgaz,SPI12,1993,6,1994,12,19,19.024,1.001,2.003
Lüleburgaz,SPI12,1996,1,1996,1,1,0.149,0.149,0.149
Lüleburgaz,SPI12,1996,3,1996,4,2,0.093,0.046,0.051
Lüleburgaz,SPI12,1996,6,1996,11,6,1.022,0.17,0.38
Lüleburgaz,SPI12,1997,2,1997,3,2,0.495,0.247,0.284
Lüleburgaz,SPI12,2000,11,2001,11,13,10.871,0.836,1.887
Lüleburgaz,SPI12,2002,1,2002,2,2,0.187,0.093,0.163
Lüleburgaz,SPI12,2002,4,2002,6,3,1.354,0.451,0.658
Lüleburgaz,SPI12,2002,12,2003,3,4,0.932,0.233,0.423
Lüleburgaz,SPI12,2003,6,2005,9,28,28.037,1.001,1.753
Lüleburgaz,SPI12,2006,12,2009,2,27,19.136,0.709,1.625
Lüleburgaz,SPI12,2009,5,2009,8,4,2.496,0.624,0.785
Lüleburgaz,SPI12,2011,11,2012,4,6,2.287,0.381,0.527
Lüleburgaz,SPI12,2012,6,2012,11,6,1.566,0.261,0.399
Lüleburgaz,SPI12,2014,2,2014,6,5,1.321,0.264,0.567
Lüleburgaz,SPI12,2015,9,2015,9,1,0.359,0.359,0.359
Lüleburgaz,SPI12,2015,12,2017,9,22,20.399,0.927,1.837
Lüleburgaz,SPI12,2019,3,2019,4,2,0.671,0.336,0.462
Lüleburgaz,SPI12,2019,6,2020,12,19,38.688,2.036,3.517
Lüleburgaz,SPI12,2021,5,2021,10,6,2.005,0.334,0.451
Lüleburgaz,SPI12,2022,11,2024,12,26,29.972,1.153,2.282
Lüleburgaz,SPEI12,1968,6,1968,11,6,1.164,0.194,0.338
Lüleburgaz,SPEI12,1969,1,1969,3,3,1.073,0.358,0.611
Lüleburgaz,SPEI12,1969,6,1969,6,1,0.19,0.19,0.19
Lüleburgaz,SPEI12,1969,9,1969,9,1,0.146,0.146,0.146
Lüleburgaz,SPEI12,1970,1,1970,1,1,0.021,0.021,0.021
Lüleburgaz,SPEI12,1972,3,1972,3,1,0.005,0.005,0.005
Lüleburgaz,SPEI12,1972,5,1972,9,5,2.513,0.503,0.709
Lüleburgaz,SPEI12,1972,11,1973,2,4,1.279,0.32,0.514
Lüleburgaz,SPEI12,1973,9,1974,12,16,9.087,0.568,1.276
Lüleburgaz,SPEI12,1975,4,1975,5,2,0.535,0.268,0.281
Lüleburgaz,SPEI12,1977,8,1977,8,1,0.14,0.14,0.14
Lüleburgaz,SPEI12,1977,10,1978,3,6,1.812,0.302,0.601
Lüleburgaz,SPEI12,1978,7,1978,7,1,0.036,0.036,0.036
Lüleburgaz,SPEI12,1979,3,1979,10,8,2.276,0.285,0.691
Lüleburgaz,SPEI12,1981,6,1981,9,4,1.348,0.337,0.496
Lüleburgaz,SPEI12,1982,12,1983,1,2,0.529,0.264,0.355
Lüleburgaz,SPEI12,1983,3,1984,2,12,7.544,0.629,1.131
Lüleburgaz,SPEI12,1985,3,1985,12,10,6.799,0.68,1.064
Lüleburgaz,SPEI12,1986,11,1986,11,1,0.103,0.103,0.103
Lüleburgaz,SPEI12,1987,1,1987,9,9,5.73,0.637,1.255
Lüleburgaz,SPEI12,1989,4,1990,8,17,5.755,0.339,0.868
Lüleburgaz,SPEI12,1991,9,1991,9,1,0.142,0.142,0.142
Lüleburgaz,SPEI12,1992,5,1992,5,1,0.08,0.08,0.08
Lüleburgaz,SPEI12,1993,7,1994,12,18,17.929,0.996,2.212
Lüleburgaz,SPEI12,1996,1,1996,1,1,0.132,0.132,0.132
Lüleburgaz,SPEI12,2000,3,2000,4,2,0.126,0.063,0.122
Lüleburgaz,SPEI12,2000,6,2001,11,18,12.613,0.701,1.59
Lüleburgaz,SPEI12,2002,4,2002,6,3,0.951,0.317,0.452
Lüleburgaz,SPEI12,2002,12,2003,3,4,1.677,0.419,0.547
Lüleburgaz,SPEI12,2003,6,2005,11,30,53.44,1.781,4.753
Lüleburgaz,SPEI12,2006,1,2006,7,7,2.438,0.348,0.64
Lüleburgaz,SPEI12,2006,12,2007,3,4,0.497,0.124,0.255
Lüleburgaz,SPEI12,2007,6,2009,2,21,19.42,0.925,1.782
Lüleburgaz,SPEI12,2009,5,2009,8,4,2.781,0.695,0.892
Lüleburgaz,SPEI12,2011,12,2012,4,5,0.905,0.181,0.252
Lüleburgaz,SPEI12,2012,6,2012,11,6,2.535,0.423,0.578
Lüleburgaz,SPEI12,2014,2,2014,6,5,1.879,0.376,0.706
Lüleburgaz,SPEI12,2015,8,2017,9,26,24.971,0.96,2.119
Lüleburgaz,SPEI12,2019,2,2019,4,3,0.948,0.316,0.63
Lüleburgaz,SPEI12,2019,6,2020,12,19,45.59,2.399,4.753
Lüleburgaz,SPEI12,2021,5,2021,10,6,1.83,0.305,0.507
Lüleburgaz,SPEI12,2022,11,2024,12,26,52.065,2.003,4.753
Sarıyer,SPI12,1966,11,1968,11,25,22.139,0.886,1.268
Sarıyer,SPI12,1970,1,1970,4,4,0.956,0.239,0.453
Sarıyer,SPI12,1970,6,1970,8,3,0.777,0.259,0.408
Sarıyer,SPI12,1971,9,1972,10,14,11.561,0.826,1.873
Sarıyer,SPI12,1972,12,1973,2,3,0.583,0.194,0.367
Sarıyer,SPI12,1973,8,1974,4,9,5.437,0.604,1.014
Sarıyer,SPI12,1974,6,1974,6,1,0.077,0.077,0.077
Sarıyer,SPI12,1976,2,1977,6,17,15.041,0.885,1.69
Sarıyer,SPI12,1977,8,1977,12,5,2.326,0.465,0.648
Sarıyer,SPI12,1978,7,1978,7,1,0.003,0.003,0.003
Sarıyer,SPI12,1979,4,1979,6,3,0.504,0.168,0.235
Sarıyer,SPI12,1979,10,1979,10,1,0.093,0.093,0.093
Sarıyer,SPI12,1982,11,1984,6,20,14.919,0.746,1.338
Sarıyer,SPI12,1984,10,1984,12,3,0.527,0.176,0.304
Sarıyer,SPI12,1985,3,1985,10,8,6.464,0.808,1.803
Sarıyer,SPI12,1986,10,1987,7,10,9.382,0.938,1.852
Sarıyer,SPI12,1988,7,1991,1,31,26.77,0.864,1.869
Sarıyer,SPI12,1992,9,1995,1,29,40.235,1.387,2.295
Sarıyer,SPI12,1995,6,1995,6,1,0.113,0.113,0.113
Sarıyer,SPI12,1995,12,1996,3,4,1.595,0.399,0.936
Sarıyer,SPI12,1996,7,1996,11,5,1.808,0.362,0.52
Sarıyer,SPI12,1997,1,1997,7,7,4.504,0.643,1.043
Sarıyer,SPI12,1998,10,1998,10,1,0.142,0.142,0.142
Sarıyer,SPI12,1999,1,1999,1,1,0.056,0.056,0.056
Sarıyer,SPI12,1999,5,1999,6,2,0.841,0.42,0.577
Sarıyer,SPI12,2001,1,2001,11,11,7.404,0.673,1.423
Sarıyer,SPI12,2003,1,2003,1,1,0.028,0.028,0.028
Sarıyer,SPI12,2003,7,2004,7,13,8.6,0.662,1.505
Sarıyer,SPI12,2005,8,2005,8,1,0.113,0.113,0.113
Sarıyer,SPI12,2007,1,2008,8,20,21.718,1.086,2.447
Sarıyer,SPI12,2011,9,2012,9,13,9.645,0.742,1.508
Sarıyer,SPI12,2013,10,2015,1,16,24.154,1.51,2.621
Sarıyer,SPI12,2015,7,2015,7,1,0.067,0.067,0.067
Sarıyer,SPI12,2015,9,2015,9,1,0.311,0.311,0.311
Sarıyer,SPI12,2015,12,2016,12,13,8.245,0.634,1.691
Sarıyer,SPI12,2017,3,2017,6,4,0.574,0.144,0.269
Sarıyer,SPI12,2019,12,2021,11,24,19.157,0.798,1.597
Sarıyer,SPI12,2022,1,2022,7,7,3.859,0.551,1.0
Sarıyer,SPI12,2022,11,2023,11,13,15.994,1.23,2.475
Sarıyer,SPI12,2024,4,2024,8,5,0.675,0.135,0.234
Sarıyer,SPI12,2024,10,2024,12,3,2.957,0.986,1.516
Sarıyer,SPEI12,1966,10,1968,11,26,22.58,0.868,1.46
Sarıyer,SPEI12,1970,1,1970,4,4,1.058,0.264,0.419
Sarıyer,SPEI12,1970,6,1970,8,3,1.071,0.357,0.601
Sarıyer,SPEI12,1971,9,1972,9,13,8.993,0.692,1.506
Sarıyer,SPEI12,1972,12,1973,1,2,0.334,0.167,0.258
Sarıyer,SPEI12,1973,9,1974,4,8,2.939,0.367,0.681
Sarıyer,SPEI12,1975,9,1975,9,1,0.087,0.087,0.087
Sarıyer,SPEI12,1976,2,1977,5,16,9.255,0.578,1.053
Sarıyer,SPEI12,1977,8,1977,12,5,1.857,0.371,0.483
Sarıyer,SPEI12,1979,10,1979,10,1,0.006,0.006,0.006
Sarıyer,SPEI12,1982,12,1983,10,11,9.307,0.846,1.368
Sarıyer,SPEI12,1983,12,1984,6,7,3.144,0.449,0.951
Sarıyer,SPEI12,1984,12,1984,12,1,0.1,0.1,0.1
Sarıyer,SPEI12,1985,4,1985,9,6,4.538,0.756,1.494
Sarıyer,SPEI12,1986,10,1987,6,9,7.7,0.856,1.622
Sarıyer,SPEI12,1988,7,1990,11,29,21.453,0.74,1.645
Sarıyer,SPEI12,1991,1,1991,1,1,0.01,0.01,0.01
Sarıyer,SPEI12,1992,9,1995,2,30,34.568,1.152,2.104
Sarıyer,SPEI12,1995,6,1995,6,1,0.342,0.342,0.342
Sarıyer,SPEI12,1995,12,1996,2,3,1.297,0.432,0.928
Sarıyer,SPEI12,1996,7,1996,8,2,0.263,0.132,0.135
Sarıyer,SPEI12,1996,11,1996,11,1,0.186,0.186,0.186
Sarıyer,SPEI12,1997,2,1997,6,5,3.469,0.694,0.963
Sarıyer,SPEI12,1998,10,1998,10,1,0.308,0.308,0.308
Sarıyer,SPEI12,1999,1,1999,1,1,0.199,0.199,0.199
Sarıyer,SPEI12,1999,3,1999,7,5,1.706,0.341,0.769
Sarıyer,SPEI12,1999,10,1999,10,1,0.084,0.084,0.084
Sarıyer,SPEI12,2001,1,2001,11,11,10.339,0.94,1.701
Sarıyer,SPEI12,2003,1,2003,1,1,0.192,0.192,0.192
Sarıyer,SPEI12,2003,8,2004,7,12,7.616,0.635,1.262
Sarıyer,SPEI12,2005,8,2005,8,1,0.195,0.195,0.195
Sarıyer,SPEI12,2007,1,2008,8,20,24.324,1.216,2.289
Sarıyer,SPEI12,2011,9,2012,10,14,9.192,0.657,1.338
Sarıyer,SPEI12,2013,5,2013,5,1,0.11,0.11,0.11
Sarıyer,SPEI12,2013,8,2015,1,18,28.587,1.588,4.753
Sarıyer,SPEI12,2015,5,2015,5,1,0.082,0.082,0.082
Sarıyer,SPEI12,2015,7,2015,9,3,0.93,0.31,0.613
Sarıyer,SPEI12,2015,11,2017,6,20,16.98,0.849,2.002
Sarıyer,SPEI12,2018,1,2018,1,1,0.194,0.194,0.194
Sarıyer,SPEI12,2018,7,2018,10,4,1.181,0.295,0.588
Sarıyer,SPEI12,2019,12,2022,7,32,31.871,0.996,2.099
Sarıyer,SPEI12,2022,11,2023,12,14,17.642,1.26,2.157
Sarıyer,SPEI12,2024,3,2024,12,10,9.728,0.973,1.95
Tekirdağ,SPI12,1967,11,1968,1,3,0.537,0.179,0.313
Tekirdağ,SPI12,1968,5,1968,7,3,0.14,0.047,0.065
Tekirdağ,SPI12,1970,1,1970,2,2,0.414,0.207,0.276
Tekirdağ,SPI12,1970,7,1970,9,3,0.174,0.058,0.085
Tekirdağ,SPI12,1971,2,1971,2,1,0.004,0.004,0.004
Tekirdağ,SPI12,1971,6,1971,6,1,0.088,0.088,0.088
Tekirdağ,SPI12,1972,1,1972,9,9,9.593,1.066,1.576
Tekirdağ,SPI12,1972,11,1973,1,3,1.304,0.435,0.592
Tekirdağ,SPI12,1973,8,1975,5,22,18.999,0.864,1.866
Tekirdağ,SPI12,1976,6,1976,8,3,0.965,0.322,0.449
Tekirdağ,SPI12,1976,11,1976,11,1,0.162,0.162,0.162
Tekirdağ,SPI12,1977,10,1978,1,4,0.948,0.237,0.536
Tekirdağ,SPI12,1978,3,1978,3,1,0.072,0.072,0.072
Tekirdağ,SPI12,1979,9,1979,10,2,0.525,0.262,0.346
Tekirdağ,SPI12,1980,10,1980,12,3,0.876,0.292,0.504
Tekirdağ,SPI12,1981,4,1981,9,6,1.557,0.26,0.401
Tekirdağ,SPI12,1982,12,1984,2,15,13.224,0.882,1.846
Tekirdağ,SPI12,1984,9,1986,2,18,11.796,0.655,1.55
Tekirdağ,SPI12,1986,4,1986,5,2,0.533,0.267,0.273
Tekirdağ,SPI12,1986,11,1986,11,1,0.39,0.39,0.39
Tekirdağ,SPI12,1987,1,1987,11,11,4.345,0.395,0.593
Tekirdağ,SPI12,1988,1,1988,6,6,1.757,0.293,0.773
Tekirdağ,SPI12,1989,4,1989,4,1,0.193,0.193,0.193
Tekirdağ,SPI12,1989,11,1991,2,16,15.318,0.957,1.586
Tekirdağ,SPI12,1991,12,1993,1,14,9.814,0.701,1.381
Tekirdağ,SPI12,1993,3,1993,4,2,0.185,0.092,0.155
Tekirdağ,SPI12,1993,6,1994,9,16,10.876,0.68,0.973
Tekirdağ,SPI12,1997,2,1997,9,8,2.358,0.295,0.539
Tekirdağ,SPI12,2000,3,2000,3,1,0.165,0.165,0.165
Tekirdağ,SPI12,2000,11,2001,11,13,9.98,0.768,1.207
Tekirdağ,SPI12,2005,1,2008,9,45,43.972,0.977,3.06
Tekirdağ,SPI12,2008,11,2009,8,10,11.328,1.133,1.887
Tekirdağ,SPI12,2012,9,2012,12,4,3.303,0.826,1.328
Tekirdağ,SPI12,2013,12,2014,8,9,10.806,1.201,2.113
Tekirdağ,SPI12,2015,10,2015,10,1,0.075,0.075,0.075
Tekirdağ,SPI12,2015,12,2018,1,26,19.036,0.732,1.327
Tekirdağ,SPI12,2019,3,2019,3,1,0.092,0.092,0.092
Tekirdağ,SPI12,2019,6,2023,12,55,70.735,1.286,2.698
Tekirdağ,SPI12,2024,11,2024,12,2,3.279,1.639,1.764
Tekirdağ,SPEI12,1967,11,1967,12,2,0.181,0.09,0.179
Tekirdağ,SPEI12,1968,5,1968,7,3,0.42,0.14,0.155
Tekirdağ,SPEI12,1970,1,1970,2,2,0.294,0.147,0.193
Tekirdağ,SPEI12,1970,4,1970,4,1,0.064,0.064,0.064
Tekirdağ,SPEI12,1970,7,1970,9,3,0.598,0.199,0.245
Tekirdağ,SPEI12,1972,1,1972,9,9,7.451,0.828,1.267
Tekirdağ,SPEI12,1972,11,1973,1,3,1.103,0.368,0.513
Tekirdağ,SPEI12,1973,9,1975,5,21,12.582,0.599,1.433
Tekirdağ,SPEI12,1976,6,1976,7,2,0.252,0.126,0.181
Tekirdağ,SPEI12,1977,11,1978,1,3,0.469,0.156,0.376
Tekirdağ,SPEI12,1979,9,1979,9,1,0.26,0.26,0.26
Tekirdağ,SPEI12,1980,11,1980,11,1,0.165,0.165,0.165
Tekirdağ,SPEI12,1981,4,1981,4,1,0.117,0.117,0.117
Tekirdağ,SPEI12,1981,6,1981,9,4,0.496,0.124,0.239
Tekirdağ,SPEI12,1982,12,1984,2,15,11.303,0.754,1.717
Tekirdağ,SPEI12,1984,12,1985,1,2,0.162,0.081,0.109
Tekirdağ,SPEI12,1985,3,1986,1,11,7.971,0.725,1.359
Tekirdağ,SPEI12,1986,4,1986,5,2,0.277,0.139,0.219
Tekirdağ,SPEI12,1986,11,1986,11,1,0.338,0.338,0.338
Tekirdağ,SPEI12,1987,1,1987,3,3,0.645,0.215,0.424
Tekirdağ,SPEI12,1987,6,1987,7,2,0.155,0.077,0.089
Tekirdağ,SPEI12,1987,9,1987,10,2,0.095,0.048,0.051
Tekirdağ,SPEI12,1988,1,1988,3,3,0.618,0.206,0.426
Tekirdağ,SPEI12,1989,4,1989,4,1,0.2,0.2,0.2
Tekirdağ,SPEI12,1989,11,1991,1,15,11.549,0.77,1.204
Tekirdağ,SPEI12,1991,12,1993,1,14,5.099,0.364,0.96
Tekirdağ,SPEI12,1993,6,1994,9,16,8.564,0.535,0.767
Tekirdağ,SPEI12,1997,2,1997,5,4,0.984,0.246,0.452
Tekirdağ,SPEI12,1997,7,1997,9,3,0.482,0.161,0.325
Tekirdağ,SPEI12,2000,2,2000,4,3,0.64,0.213,0.363
Tekirdağ,SPEI12,2000,11,2001,11,13,13.071,1.005,1.561
Tekirdağ,SPEI12,2002,12,2002,12,1,0.13,0.13,0.13
Tekirdağ,SPEI12,2005,1,2008,9,45,46.602,1.036,4.753
Tekirdağ,SPEI12,2008,11,2009,9,11,12.896,1.172,1.866
Tekirdağ,SPEI12,2012,8,2013,9,14,8.816,0.63,1.897
Tekirdağ,SPEI12,2013,12,2014,8,9,13.281,1.476,2.247
Tekirdağ,SPEI12,2015,9,2018,2,30,29.548,0.985,2.001
Tekirdağ,SPEI12,2018,4,2018,5,2,0.488,0.244,0.246
Tekirdağ,SPEI12,2018,10,2018,11,2,0.343,0.171,0.293
Tekirdağ,SPEI12,2019,1,2024,12,72,90.016,1.25,2.912
Uzunköprü,SPI12,1965,12,1965,12,1,0.038,0.038,0.038
Uzunköprü,SPI12,1966,2,1966,8,7,1.18,0.169,0.328
Uzunköprü,SPI12,1967,11,1968,11,13,8.602,0.662,1.232
Uzunköprü,SPI12,1969,1,1969,1,1,0.407,0.407,0.407
Uzunköprü,SPI12,1969,9,1969,9,1,0.007,0.007,0.007
Uzunköprü,SPI12,1971,5,1971,5,1,0.019,0.019,0.019
Uzunköprü,SPI12,1972,3,1972,7,5,1.248,0.25,0.468
Uzunköprü,SPI12,1972,12,1972,12,1,0.325,0.325,0.325
Uzunköprü,SPI12,1974,4,1974,4,1,0.074,0.074,0.074
Uzunköprü,SPI12,1974,6,1974,7,2,0.164,0.082,0.103
Uzunköprü,SPI12,1974,9,1974,10,2,0.777,0.388,0.469
Uzunköprü,SPI12,1974,12,1974,12,1,0.148,0.148,0.148
Uzunköprü,SPI12,1976,6,1977,1,8,2.479,0.31,0.659
Uzunköprü,SPI12,1981,9,1981,9,1,0.005,0.005,0.005
Uzunköprü,SPI12,1982,11,1984,2,16,12.228,0.764,1.94
Uzunköprü,SPI12,1984,9,1984,10,2,0.59,0.295,0.328
Uzunköprü,SPI12,1984,12,1986,7,20,18.328,0.916,1.768
Uzunköprü,SPI12,1986,11,1986,11,1,0.306,0.306,0.306
Uzunköprü,SPI12,1987,1,1987,11,11,6.642,0.604,1.025
Uzunköprü,SPI12,1988,1,1988,1,1,0.035,0.035,0.035
Uzunköprü,SPI12,1988,5,1988,8,4,0.461,0.115,0.234
Uzunköprü,SPI12,1988,10,1988,10,1,0.294,0.294,0.294
Uzunköprü,SPI12,1988,12,1989,5,6,3.131,0.522,0.811
Uzunköprü,SPI12,1989,11,1991,9,23,17.093,0.743,1.696
Uzunköprü,SPI12,1991,12,1994,12,37,44.388,1.2,2.092
Uzunköprü,SPI12,1997,2,1997,2,1,0.196,0.196,0.196
Uzunköprü,SPI12,2000,1,2002,8,32,30.076,0.94,1.969
Uzunköprü,SPI12,2003,9,2003,9,1,0.028,0.028,0.028
Uzunköprü,SPI12,2003,11,2006,2,28,26.492,0.946,2.007
Uzunköprü,SPI12,2007,3,2009,9,31,29.086,0.938,2.142
Uzunköprü,SPI12,2011,3,2011,3,1,0.097,0.097,0.097
Uzunköprü,SPI12,2011,7,2011,7,1,0.01,0.01,0.01
Uzunköprü,SPI12,2011,11,2011,11,1,0.24,0.24,0.24
Uzunköprü,SPI12,2012,1,2012,1,1,0.039,0.039,0.039
Uzunköprü,SPI12,2012,10,2012,10,1,0.117,0.117,0.117
Uzunköprü,SPI12,2014,2,2014,4,3,1.26,0.42,0.667
Uzunköprü,SPI12,2014,6,2014,6,1,0.113,0.113,0.113
Uzunköprü,SPI12,2015,11,2017,9,23,20.815,0.905,1.581
Uzunköprü,SPI12,2019,3,2019,9,7,3.708,0.53,1.015
Uzunköprü,SPI12,2019,11,2020,12,14,11.628,0.831,1.357
Uzunköprü,SPI12,2022,12,2024,12,25,44.667,1.787,2.433
Uzunköprü,SPEI12,1965,12,1965,12,1,0.129,0.129,0.129
Uzunköprü,SPEI12,1966,2,1966,8,7,2.632,0.376,0.634
Uzunköprü,SPEI12,1967,11,1968,11,13,8.435,0.649,1.262
Uzunköprü,SPEI12,1969,1,1969,1,1,0.497,0.497,0.497
Uzunköprü,SPEI12,1972,3,1972,4,2,0.35,0.175,0.178
Uzunköprü,SPEI12,1972,6,1972,6,1,0.078,0.078,0.078
Uzunköprü,SPEI12,1972,12,1972,12,1,0.29,0.29,0.29
Uzunköprü,SPEI12,1974,10,1974,10,1,0.184,0.184,0.184
Uzunköprü,SPEI12,1976,10,1976,11,2,0.223,0.111,0.173
Uzunköprü,SPEI12,1982,12,1984,2,15,9.871,0.658,1.774
Uzunköprü,SPEI12,1984,10,1984,10,1,0.08,0.08,0.08
Uzunköprü,SPEI12,1984,12,1984,12,1,0.103,0.103,0.103
Uzunköprü,SPEI12,1985,3,1986,6,16,14.696,0.919,1.544
Uzunköprü,SPEI12,1986,11,1986,11,1,0.138,0.138,0.138
Uzunköprü,SPEI12,1987,1,1987,3,3,1.066,0.355,0.628
Uzunköprü,SPEI12,1987,6,1987,10,5,1.515,0.303,0.396
Uzunköprü,SPEI12,1988,6,1988,8,3,0.202,0.067,0.151
Uzunköprü,SPEI12,1988,10,1988,10,1,0.199,0.199,0.199
Uzunköprü,SPEI12,1988,12,1989,5,6,2.478,0.413,0.827
Uzunköprü,SPEI12,1989,12,1990,3,4,1.159,0.29,0.416
Uzunköprü,SPEI12,1990,6,1991,7,14,9.534,0.681,1.13
Uzunköprü,SPEI12,1991,9,1991,9,1,0.129,0.129,0.129
Uzunköprü,SPEI12,1992,4,1992,5,2,0.235,0.117,0.21
Uzunköprü,SPEI12,1992,8,1994,12,29,33.363,1.15,2.0
Uzunköprü,SPEI12,1997,2,1997,2,1,0.119,0.119,0.119
Uzunköprü,SPEI12,1999,12,2002,8,33,34.07,1.032,2.417
Uzunköprü,SPEI12,2003,11,2006,2,28,22.896,0.818,1.741
Uzunköprü,SPEI12,2007,3,2009,10,32,32.595,1.019,2.325
Uzunköprü,SPEI12,2011,3,2011,4,2,0.711,0.356,0.465
Uzunköprü,SPEI12,2011,7,2011,9,3,0.338,0.113,0.205
Uzunköprü,SPEI12,2011,11,2011,11,1,0.155,0.155,0.155
Uzunköprü,SPEI12,2012,1,2012,1,1,0.077,0.077,0.077
Uzunköprü,SPEI12,2012,10,2012,11,2,0.776,0.388,0.493
Uzunköprü,SPEI12,2013,5,2013,5,1,0.266,0.266,0.266
Uzunköprü,SPEI12,2013,12,2014,6,7,3.77,0.539,1.151
Uzunköprü,SPEI12,2015,11,2017,9,23,25.64,1.115,1.828
Uzunköprü,SPEI12,2018,10,2018,10,1,0.005,0.005,0.005
Uzunköprü,SPEI12,2018,12,2018,12,1,0.048,0.048,0.048
Uzunköprü,SPEI12,2019,2,2019,9,8,4.598,0.575,1.326
Uzunköprü,SPEI12,2019,11,2021,2,16,14.822,0.926,1.502
Uzunköprü,SPEI12,2021,5,2021,5,1,0.123,0.123,0.123
Uzunköprü,SPEI12,2021,7,2021,9,3,0.442,0.147,0.222
Uzunköprü,SPEI12,2022,12,2024,12,25,61.888,2.476,4.753
Çorlu,SPI12,1967,6,1967,6,1,0.055,0.055,0.055
Çorlu,SPI12,1967,11,1968,8,10,4.093,0.409,0.906
Çorlu,SPI12,1969,9,1970,2,6,1.904,0.317,0.585
Çorlu,SPI12,1971,12,1973,2,15,17.53,1.169,2.175
Çorlu,SPI12,1973,9,1975,2,18,10.248,0.569,1.215
Çorlu,SPI12,1975,5,1975,5,1,0.182,0.182,0.182
Çorlu,SPI12,1977,10,1977,12,3,0.376,0.125,0.233
Çorlu,SPI12,1979,4,1979,6,3,0.339,0.113,0.178
Çorlu,SPI12,1979,9,1979,10,2,0.438,0.219,0.225
Çorlu,SPI12,1982,11,1984,3,17,14.442,0.85,1.587
Çorlu,SPI12,1984,7,1986,6,24,15.337,0.639,1.508
Çorlu,SPI12,1986,8,1986,8,1,0.007,0.007,0.007
Çorlu,SPI12,1986,11,1988,10,24,24.232,1.01,1.922
Çorlu,SPI12,1988,12,1991,3,28,21.594,0.771,1.676
Çorlu,SPI12,1992,4,1994,12,33,34.389,1.042,1.693
Çorlu,SPI12,1996,1,1997,9,21,5.968,0.284,0.7
Çorlu,SPI12,2000,9,2000,9,1,0.051,0.051,0.051
Çorlu,SPI12,2000,11,2001,11,13,14.292,1.099,1.546
Çorlu,SPI12,2003,9,2003,9,1,0.391,0.391,0.391
Çorlu,SPI12,2003,11,2004,7,9,5.149,0.572,0.985
Çorlu,SPI12,2004,10,2005,11,14,6.93,0.495,0.978
Çorlu,SPI12,2006,1,2006,2,2,0.515,0.258,0.339
Çorlu,SPI12,2006,5,2006,6,2,0.476,0.238,0.373
Çorlu,SPI12,2006,12,2008,5,18,15.276,0.849,2.131
Çorlu,SPI12,2008,11,2009,6,8,5.258,0.657,1.604
Çorlu,SPI12,2012,6,2012,11,6,1.906,0.318,0.58
Çorlu,SPI12,2014,1,2014,5,5,2.392,0.478,0.803
Çorlu,SPI12,2015,12,2017,6,19,12.959,0.682,1.502
Çorlu,SPI12,2019,7,2020,12,18,22.177,1.232,2.489
Çorlu,SPI12,2022,1,2022,3,3,0.908,0.303,0.36
Çorlu,SPI12,2022,5,2024,12,32,46.696,1.459,3.043
Çorlu,SPEI12,1967,6,1967,6,1,0.043,0.043,0.043
Çorlu,SPEI12,1967,11,1968,8,10,3.476,0.348,0.706
Çorlu,SPEI12,1969,11,1970,4,6,0.837,0.14,0.466
Çorlu,SPEI12,1972,1,1973,2,14,13.846,0.989,1.825
Çorlu,SPEI12,1973,11,1974,4,6,3.274,0.546,0.926
Çorlu,SPEI12,1974,8,1975,2,7,1.971,0.282,0.565
Çorlu,SPEI12,1975,5,1975,6,2,0.403,0.202,0.339
Çorlu,SPEI12,1977,11,1977,12,2,0.294,0.147,0.206
Çorlu,SPEI12,1979,6,1979,6,1,0.103,0.103,0.103
Çorlu,SPEI12,1979,9,1979,10,2,0.305,0.152,0.232
Çorlu,SPEI12,1982,12,1984,2,15,12.844,0.856,1.629
Çorlu,SPEI12,1984,9,1984,12,4,0.841,0.21,0.334
Çorlu,SPEI12,1985,3,1986,5,15,10.667,0.711,1.376
Çorlu,SPEI12,1986,11,1988,10,24,17.204,0.717,1.313
Çorlu,SPEI12,1989,2,1989,9,8,2.815,0.352,0.943
Çorlu,SPEI12,1989,11,1991,1,15,12.73,0.849,1.425
Çorlu,SPEI12,1992,5,1995,2,34,28.752,0.846,1.77
Çorlu,SPEI12,1996,1,1996,1,1,0.334,0.334,0.334
Çorlu,SPEI12,1996,6,1996,6,1,0.039,0.039,0.039
Çorlu,SPEI12,1996,11,1996,12,2,0.351,0.175,0.349
Çorlu,SPEI12,1997,2,1997,4,3,0.961,0.32,0.508
Çorlu,SPEI12,1997,9,1997,9,1,0.442,0.442,0.442
Çorlu,SPEI12,2000,9,2000,9,1,0.051,0.051,0.051
Çorlu,SPEI12,2000,11,2001,11,13,16.939,1.303,1.939
Çorlu,SPEI12,2002,2,2002,2,1,0.164,0.164,0.164
Çorlu,SPEI12,2003,9,2003,9,1,0.407,0.407,0.407
Çorlu,SPEI12,2003,11,2004,7,9,5.525,0.614,1.213
Çorlu,SPEI12,2004,10,2005,11,14,7.218,0.516,1.049
Çorlu,SPEI12,2006,1,2006,2,2,0.288,0.144,0.244
Çorlu,SPEI12,2006,5,2006,6,2,0.48,0.24,0.35
Çorlu,SPEI12,2006,11,2008,6,20,22.018,1.101,2.998
Çorlu,SPEI12,2008,11,2009,7,9,6.764,0.752,1.616
Çorlu,SPEI12,2012,6,2012,12,7,3.925,0.561,1.118
Çorlu,SPEI12,2013,5,2013,5,1,0.061,0.061,0.061
Çorlu,SPEI12,2013,12,2014,6,7,5.35,0.764,1.407
Çorlu,SPEI12,2015,12,2017,6,19,19.62,1.033,1.898
Çorlu,SPEI12,2019,7,2021,1,19,25.575,1.346,2.536
Çorlu,SPEI12,2021,5,2021,10,6,1.778,0.296,0.525
Çorlu,SPEI12,2022,1,2024,12,36,65.396,1.817,4.753
İpsala,SPI12,1967,12,1968,2,3,0.606,0.202,0.339
İpsala,SPI12,1968,4,1968,8,5,1.367,0.273,0.498
İpsala,SPI12,1968,10,1968,10,1,0.085,0.085,0.085
İpsala,SPI12,1969,1,1969,1,1,0.131,0.131,0.131
İpsala,SPI12,1969,9,1969,9,1,0.033,0.033,0.033
İpsala,SPI12,1971,1,1971,2,2,0.366,0.183,0.211
İpsala,SPI12,1972,1,1972,9,9,4.889,0.543,0.927
İpsala,SPI12,1974,1,1974,10,10,5.714,0.571,0.764
İpsala,SPI12,1977,6,1978,9,16,4.851,0.303,0.774
İpsala,SPI12,1980,11,1980,11,1,0.167,0.167,0.167
İpsala,SPI12,1982,12,1983,8,9,4.514,0.502,1.193
İpsala,SPI12,1984,12,1987,11,36,32.675,0.908,1.73
İpsala,SPI12,1988,12,1989,9,10,2.884,0.288,0.598
İpsala,SPI12,1989,11,1991,7,21,10.495,0.5,1.242
İpsala,SPI12,1991,9,1991,10,2,0.187,0.093,0.17
İpsala,SPI12,1991,12,1994,12,37,30.703,0.83,1.436
İpsala,SPI12,1997,2,1997,3,2,0.315,0.158,0.292
İpsala,SPI12,2000,3,2000,4,2,0.182,0.091,0.15
İpsala,SPI12,2000,12,2000,12,1,0.366,0.366,0.366
İpsala,SPI12,2001,2,2001,3,2,0.498,0.249,0.408
İpsala,SPI12,2001,5,2001,6,2,0.203,0.101,0.15
İpsala,SPI12,2001,10,2001,11,2,1.163,0.582,0.843
İpsala,SPI12,2002,1,2002,2,2,0.298,0.149,0.165
İpsala,SPI12,2002,4,2002,9,6,2.455,0.409,0.545
İpsala,SPI12,2002,12,2002,12,1,0.079,0.079,0.079
İpsala,SPI12,2003,11,2005,1,15,9.661,0.644,1.396
İpsala,SPI12,2005,3,2005,5,3,0.593,0.198,0.372
İpsala,SPI12,2007,1,2009,8,32,22.879,0.715,2.016
İpsala,SPI12,2011,2,2012,4,15,18.2,1.213,2.554
İpsala,SPI12,2015,12,2016,1,2,0.269,0.135,0.148
İpsala,SPI12,2016,3,2021,11,69,82.565,1.197,2.583
İpsala,SPI12,2022,1,2024,12,36,45.274,1.258,3.057
İpsala,SPEI12,1967,12,1968,2,3,0.241,0.08,0.12
İpsala,SPEI12,1968,4,1968,11,8,2.215,0.277,0.717
İpsala,SPEI12,1969,1,1969,1,1,0.131,0.131,0.131
İpsala,SPEI12,1970,4,1970,4,1,0.157,0.157,0.157
İpsala,SPEI12,1970,7,1970,9,3,0.273,0.091,0.125
İpsala,SPEI12,1971,1,1971,2,2,0.436,0.218,0.269
İpsala,SPEI12,1972,2,1972,9,8,3.423,0.428,0.663
İpsala,SPEI12,1974,2,1974,10,9,3.139,0.349,0.541
İpsala,SPEI12,1977,8,1978,3,8,2.575,0.322,0.662
İpsala,SPEI12,1978,5,1978,7,3,0.243,0.081,0.097
İpsala,SPEI12,1983,1,1983,8,8,4.429,0.554,1.264
İpsala,SPEI12,1985,3,1987,10,32,27.374,0.855,1.593
İpsala,SPEI12,1989,1,1989,7,7,2.251,0.322,0.586
İpsala,SPEI12,1989,11,1991,4,18,7.853,0.436,1.161
İpsala,SPEI12,1991,6,1991,7,2,0.221,0.11,0.175
İpsala,SPEI12,1991,9,1991,9,1,0.259,0.259,0.259
İpsala,SPEI12,1991,12,1994,12,37,28.802,0.778,1.505
İpsala,SPEI12,1997,2,1997,3,2,0.435,0.218,0.34
İpsala,SPEI12,2000,3,2000,9,7,1.349,0.193,0.384
İpsala,SPEI12,2000,11,2001,11,13,5.269,0.405,1.125
İpsala,SPEI12,2002,1,2002,2,2,0.905,0.453,0.453
İpsala,SPEI12,2002,4,2002,9,6,3.719,0.62,0.78
İpsala,SPEI12,2002,12,2002,12,1,0.085,0.085,0.085
İpsala,SPEI12,2003,11,2005,1,15,9.448,0.63,1.089
İpsala,SPEI12,2005,3,2005,5,3,0.415,0.138,0.285
İpsala,SPEI12,2007,1,2009,8,32,28.647,0.895,2.657
İpsala,SPEI12,2011,2,2012,4,15,17.461,1.164,1.887
İpsala,SPEI12,2012,10,2012,10,1,0.252,0.252,0.252
İpsala,SPEI12,2015,12,2021,11,72,92.731,1.288,2.327
İpsala,SPEI12,2022,1,2024,12,36,56.355,1.565,4.753
