name,indeks,k,D,MK_z,MK_p,Sen_egim_10yil
Edirne,SPEI,1,1,3.22,0.0013,0.103
Edirne,SPEI,1,2,2.88,0.0039,0.226
Edirne,SPEI,1,3,1.81,0.0699,0.135
Edirne,SPEI,1,4,0.91,0.3649,0.0
Edirne,SPEI,1,5,1.44,0.1493,0.0
Edirne,SPEI,3,1,1.97,0.049,0.093
Edirne,SPEI,3,2,2.46,0.0139,0.212
Edirne,SPEI,3,3,1.91,0.0557,0.251
Edirne,SPEI,3,4,2.19,0.0288,0.372
Edirne,SPEI,3,5,2.66,0.0079,0.249
Edirne,SPEI,3,6,2.34,0.0194,0.0
Edirne,SPEI,3,7,1.62,0.1042,0.0
Edirne,SPEI,3,8,1.99,0.0471,0.0
Edirne,SPEI,3,9,2.18,0.0291,0.0
Edirne,SPEI,6,1,2.15,0.0314,0.123
Edirne,SPEI,6,2,2.0,0.0451,0.242
Edirne,SPEI,6,3,2.08,0.0375,0.345
Edirne,SPEI,6,4,2.21,0.027,0.364
Edirne,SPEI,6,5,2.44,0.0148,0.482
Edirne,SPEI,6,6,2.16,0.031,0.0
Edirne,SPEI,6,7,1.98,0.0481,0.0
Edirne,SPEI,6,8,1.62,0.1061,0.0
Edirne,SPEI,6,9,1.83,0.0667,0.0
Edirne,SPEI,6,10,2.34,0.0192,0.0
Edirne,SPEI,6,11,2.17,0.0301,0.0
Edirne,SPEI,6,12,2.19,0.0287,0.0
Edirne,SPEI,9,1,2.28,0.0228,0.129
Edirne,SPEI,9,2,2.19,0.0289,0.248
Edirne,SPEI,9,3,2.47,0.0134,0.371
Edirne,SPEI,9,4,2.47,0.0136,0.345
Edirne,SPEI,9,5,2.6,0.0093,0.269
Edirne,SPEI,9,6,3.05,0.0023,0.263
Edirne,SPEI,9,7,2.46,0.014,0.0
Edirne,SPEI,9,8,2.6,0.0093,0.0
Edirne,SPEI,9,9,2.28,0.0225,0.0
Edirne,SPEI,9,10,2.46,0.0137,0.0
Edirne,SPEI,9,11,2.88,0.0039,0.0
Edirne,SPEI,9,12,3.13,0.0018,0.0
Edirne,SPEI,12,1,2.72,0.0065,0.174
Edirne,SPEI,12,2,2.63,0.0086,0.317
Edirne,SPEI,12,3,2.85,0.0044,0.452
Edirne,SPEI,12,4,2.88,0.004,0.498
Edirne,SPEI,12,5,2.7,0.007,0.335
Edirne,SPEI,12,6,2.43,0.0153,0.0
Edirne,SPEI,12,7,2.33,0.02,0.0
Edirne,SPEI,12,8,2.14,0.032,0.0
Edirne,SPEI,12,9,1.9,0.0572,0.0
Edirne,SPEI,12,10,2.28,0.0228,0.0
Edirne,SPEI,12,11,2.5,0.0123,0.0
Edirne,SPEI,12,12,2.34,0.0195,0.0
Edirne,SPI,1,1,2.22,0.0262,0.107
Edirne,SPI,1,2,1.25,0.2114,0.139
Edirne,SPI,1,3,-0.53,0.5952,0.0
Edirne,SPI,1,4,0.05,0.959,0.0
Edirne,SPI,1,5,-0.42,0.6733,0.0
Edirne,SPI,3,1,-0.08,0.9374,-0.006
Edirne,SPI,3,2,0.12,0.9063,0.014
Edirne,SPI,3,3,-0.05,0.9582,0.0
Edirne,SPI,3,4,0.27,0.7887,0.0
Edirne,SPI,3,5,0.57,0.5672,0.0
Edirne,SPI,3,6,-0.1,0.9169,0.0
Edirne,SPI,3,7,-0.89,0.3714,0.0
Edirne,SPI,3,8,-1.8,0.0725,0.0
Edirne,SPI,6,1,-0.09,0.9322,-0.004
Edirne,SPI,6,2,-0.48,0.628,-0.025
Edirne,SPI,6,3,-0.36,0.7184,-0.012
Edirne,SPI,6,4,-0.8,0.4255,-0.041
Edirne,SPI,6,5,-1.48,0.1394,0.0
Edirne,SPI,6,6,-0.71,0.4781,0.0
Edirne,SPI,6,7,-0.47,0.635,0.0
Edirne,SPI,6,8,-0.28,0.777,0.0
Edirne,SPI,6,9,-0.47,0.6354,0.0
Edirne,SPI,6,10,-0.58,0.5617,0.0
Edirne,SPI,6,11,-0.36,0.716,0.0
Edirne,SPI,6,12,0.46,0.6443,0.0
Edirne,SPI,9,1,-0.88,0.3807,-0.045
Edirne,SPI,9,2,-0.6,0.5466,-0.037
Edirne,SPI,9,3,-0.38,0.7028,0.0
Edirne,SPI,9,4,-0.13,0.8934,0.0
Edirne,SPI,9,5,-0.23,0.8198,0.0
Edirne,SPI,9,6,-0.34,0.7358,0.0
Edirne,SPI,9,7,-0.46,0.6474,0.0
Edirne,SPI,9,8,-0.27,0.7875,0.0
Edirne,SPI,9,9,-0.15,0.8784,0.0
Edirne,SPI,9,10,-0.55,0.5806,0.0
Edirne,SPI,9,11,0.17,0.862,0.0
Edirne,SPI,9,12,0.7,0.4821,0.0
Edirne,SPI,12,1,0.35,0.7282,0.004
Edirne,SPI,12,2,0.56,0.5756,0.0
Edirne,SPI,12,3,0.32,0.751,0.0
Edirne,SPI,12,4,0.27,0.79,0.0
Edirne,SPI,12,5,0.04,0.9679,0.0
Edirne,SPI,12,6,0.07,0.941,0.0
Edirne,SPI,12,7,-0.11,0.9086,0.0
Edirne,SPI,12,8,0.03,0.9725,0.0
Edirne,SPI,12,9,0.11,0.9117,0.0
Edirne,SPI,12,10,0.13,0.9001,0.0
Edirne,SPI,12,11,0.34,0.7316,0.0
Edirne,SPI,12,12,0.12,0.9014,0.0
Kırklareli,SPEI,1,1,2.22,0.0266,0.087
Kırklareli,SPEI,1,2,2.55,0.0107,0.234
Kırklareli,SPEI,1,3,1.71,0.0874,0.108
Kırklareli,SPEI,1,4,-0.75,0.4555,0.0
Kırklareli,SPEI,3,1,1.56,0.1181,0.085
Kırklareli,SPEI,3,2,1.29,0.1975,0.14
Kırklareli,SPEI,3,3,0.9,0.3686,0.119
Kırklareli,SPEI,3,4,1.05,0.2955,0.0
Kırklareli,SPEI,3,5,1.16,0.2462,0.0
Kırklareli,SPEI,3,6,2.43,0.015,0.0
Kırklareli,SPEI,3,7,1.75,0.0807,0.0
Kırklareli,SPEI,3,8,1.04,0.3005,0.0
Kırklareli,SPEI,6,1,0.85,0.3952,0.06
Kırklareli,SPEI,6,2,1.62,0.1053,0.172
Kırklareli,SPEI,6,3,1.72,0.0852,0.225
Kırklareli,SPEI,6,4,0.99,0.3225,0.0
Kırklareli,SPEI,6,5,0.91,0.3637,0.0
Kırklareli,SPEI,6,6,0.5,0.6154,0.0
Kırklareli,SPEI,6,7,0.85,0.3969,0.0
Kırklareli,SPEI,6,8,0.74,0.4593,0.0
Kırklareli,SPEI,6,9,1.2,0.2318,0.0
Kırklareli,SPEI,6,10,0.97,0.3342,0.0
Kırklareli,SPEI,6,11,0.6,0.547,0.0
Kırklareli,SPEI,9,1,1.02,0.3075,0.055
Kırklareli,SPEI,9,2,1.25,0.212,0.121
Kırklareli,SPEI,9,3,0.71,0.4761,0.008
Kırklareli,SPEI,9,4,0.73,0.4637,0.0
Kırklareli,SPEI,9,5,1.41,0.158,0.0
Kırklareli,SPEI,9,6,1.82,0.0686,0.0
Kırklareli,SPEI,9,7,2.0,0.0454,0.0
Kırklareli,SPEI,9,8,1.64,0.1004,0.0
Kırklareli,SPEI,9,9,1.75,0.0798,0.0
Kırklareli,SPEI,9,10,1.8,0.072,0.0
Kırklareli,SPEI,9,11,1.8,0.0716,0.0
Kırklareli,SPEI,9,12,1.76,0.0779,0.0
Kırklareli,SPEI,12,1,1.36,0.175,0.063
Kırklareli,SPEI,12,2,1.83,0.0675,0.134
Kırklareli,SPEI,12,3,1.7,0.089,0.057
Kırklareli,SPEI,12,4,1.71,0.0864,0.013
Kırklareli,SPEI,12,5,1.65,0.0981,0.0
Kırklareli,SPEI,12,6,1.43,0.1526,0.0
Kırklareli,SPEI,12,7,1.5,0.1337,0.0
Kırklareli,SPEI,12,8,0.86,0.3911,0.0
Kırklareli,SPEI,12,9,1.01,0.3126,0.0
Kırklareli,SPEI,12,10,1.15,0.2504,0.0
Kırklareli,SPEI,12,11,1.27,0.2046,0.0
Kırklareli,SPEI,12,12,1.36,0.1737,0.0
Kırklareli,SPI,1,1,1.11,0.2662,0.053
Kırklareli,SPI,1,2,0.16,0.875,0.0
Kırklareli,SPI,1,3,-0.24,0.8072,0.0
Kırklareli,SPI,1,4,-1.7,0.0891,0.0
Kırklareli,SPI,3,1,-0.27,0.7886,-0.019
Kırklareli,SPI,3,2,-0.67,0.5003,-0.082
Kırklareli,SPI,3,3,-1.41,0.1598,-0.188
Kırklareli,SPI,3,4,-1.59,0.1127,0.0
Kırklareli,SPI,3,5,-1.27,0.2047,0.0
Kırklareli,SPI,3,6,-0.45,0.6547,0.0
Kırklareli,SPI,3,7,-0.57,0.5704,0.0
Kırklareli,SPI,3,8,-0.99,0.3243,0.0
Kırklareli,SPI,6,1,-0.73,0.4638,-0.042
Kırklareli,SPI,6,2,-0.64,0.525,-0.07
Kırklareli,SPI,6,3,-0.69,0.4885,-0.001
Kırklareli,SPI,6,4,-0.96,0.3357,0.0
Kırklareli,SPI,6,5,-0.56,0.5769,0.0
Kırklareli,SPI,6,6,-0.67,0.5043,0.0
Kırklareli,SPI,6,7,-0.32,0.7514,0.0
Kırklareli,SPI,6,8,0.54,0.5861,0.0
Kırklareli,SPI,6,9,0.77,0.4421,0.0
Kırklareli,SPI,6,10,0.78,0.4337,0.0
Kırklareli,SPI,6,11,0.76,0.4455,0.0
Kırklareli,SPI,9,1,-0.84,0.4021,-0.049
Kırklareli,SPI,9,2,-0.94,0.3457,-0.089
Kırklareli,SPI,9,3,-1.22,0.223,-0.114
Kırklareli,SPI,9,4,-0.82,0.4115,0.0
Kırklareli,SPI,9,5,0.09,0.9244,0.0
Kırklareli,SPI,9,6,-0.04,0.9666,0.0
Kırklareli,SPI,9,7,0.43,0.6652,0.0
Kırklareli,SPI,9,8,0.53,0.5948,0.0
Kırklareli,SPI,9,9,0.51,0.6112,0.0
Kırklareli,SPI,9,10,0.71,0.4778,0.0
Kırklareli,SPI,9,11,0.45,0.6514,0.0
Kırklareli,SPI,9,12,0.22,0.8248,0.0
Kırklareli,SPI,12,1,-0.03,0.9738,0.0
Kırklareli,SPI,12,2,-0.13,0.8948,0.0
Kırklareli,SPI,12,3,-0.21,0.8308,0.0
Kırklareli,SPI,12,4,-0.24,0.8072,0.0
Kırklareli,SPI,12,5,-0.32,0.7476,0.0
Kırklareli,SPI,12,6,-0.39,0.6946,0.0
Kırklareli,SPI,12,7,-0.65,0.5133,0.0
Kırklareli,SPI,12,8,-0.14,0.8899,0.0
Kırklareli,SPI,12,9,0.05,0.9589,0.0
Kırklareli,SPI,12,10,0.0,1.0,0.0
Kırklareli,SPI,12,11,-0.03,0.9759,0.0
Kırklareli,SPI,12,12,-0.1,0.9195,0.0
Lüleburgaz,SPEI,1,1,2.65,0.0081,0.102
Lüleburgaz,SPEI,1,2,2.68,0.0073,0.2
Lüleburgaz,SPEI,1,3,2.0,0.0457,0.16
Lüleburgaz,SPEI,1,4,1.16,0.2449,0.0
Lüleburgaz,SPEI,1,5,2.59,0.0097,0.0
Lüleburgaz,SPEI,3,1,1.76,0.0786,0.088
Lüleburgaz,SPEI,3,2,2.04,0.0413,0.215
Lüleburgaz,SPEI,3,3,2.06,0.0398,0.341
Lüleburgaz,SPEI,3,4,2.27,0.0232,0.396
Lüleburgaz,SPEI,3,5,2.45,0.0142,0.255
Lüleburgaz,SPEI,3,6,2.89,0.0039,0.0
Lüleburgaz,SPEI,3,7,2.37,0.018,0.0
Lüleburgaz,SPEI,3,8,2.83,0.0046,0.0
Lüleburgaz,SPEI,3,9,3.01,0.0026,0.0
Lüleburgaz,SPEI,6,1,2.64,0.0082,0.173
Lüleburgaz,SPEI,6,2,2.74,0.0062,0.345
Lüleburgaz,SPEI,6,3,2.62,0.0089,0.449
Lüleburgaz,SPEI,6,4,2.4,0.0165,0.375
Lüleburgaz,SPEI,6,5,2.31,0.0211,0.437
Lüleburgaz,SPEI,6,6,2.02,0.043,0.0
Lüleburgaz,SPEI,6,7,3.0,0.0027,0.0
Lüleburgaz,SPEI,6,8,3.13,0.0018,0.0
Lüleburgaz,SPEI,6,9,3.02,0.0025,0.0
Lüleburgaz,SPEI,6,10,3.07,0.0021,0.0
Lüleburgaz,SPEI,6,11,3.55,0.0004,0.0
Lüleburgaz,SPEI,6,12,3.73,0.0002,0.0
Lüleburgaz,SPEI,9,1,2.79,0.0053,0.178
Lüleburgaz,SPEI,9,2,2.64,0.0084,0.316
Lüleburgaz,SPEI,9,3,2.4,0.0162,0.405
Lüleburgaz,SPEI,9,4,3.09,0.002,0.531
Lüleburgaz,SPEI,9,5,3.09,0.002,0.015
Lüleburgaz,SPEI,9,6,3.0,0.0027,0.0
Lüleburgaz,SPEI,9,7,2.98,0.0028,0.0
Lüleburgaz,SPEI,9,8,3.04,0.0024,0.0
Lüleburgaz,SPEI,9,9,3.25,0.0012,0.0
Lüleburgaz,SPEI,9,10,3.53,0.0004,0.0
Lüleburgaz,SPEI,9,11,3.61,0.0003,0.0
Lüleburgaz,SPEI,9,12,3.81,0.0001,0.0
Lüleburgaz,SPEI,12,1,3.23,0.0012,0.192
Lüleburgaz,SPEI,12,2,3.19,0.0014,0.321
Lüleburgaz,SPEI,12,3,2.91,0.0036,0.374
Lüleburgaz,SPEI,12,4,3.11,0.0019,0.453
Lüleburgaz,SPEI,12,5,3.33,0.0009,0.494
Lüleburgaz,SPEI,12,6,3.21,0.0013,0.312
Lüleburgaz,SPEI,12,7,3.16,0.0016,0.0
Lüleburgaz,SPEI,12,8,2.02,0.0431,0.0
Lüleburgaz,SPEI,12,9,2.24,0.0253,0.0
Lüleburgaz,SPEI,12,10,2.52,0.0117,0.0
Lüleburgaz,SPEI,12,11,2.85,0.0044,0.0
Lüleburgaz,SPEI,12,12,2.83,0.0046,0.0
Lüleburgaz,SPI,1,1,1.69,0.0915,0.092
Lüleburgaz,SPI,1,2,1.45,0.1462,0.134
Lüleburgaz,SPI,1,3,0.87,0.3858,0.0
Lüleburgaz,SPI,1,4,0.61,0.5392,0.0
Lüleburgaz,SPI,3,1,0.87,0.3844,0.057
Lüleburgaz,SPI,3,2,0.99,0.3231,0.108
Lüleburgaz,SPI,3,3,0.77,0.4394,0.1
Lüleburgaz,SPI,3,4,1.49,0.137,0.031
Lüleburgaz,SPI,3,5,1.08,0.2797,0.0
Lüleburgaz,SPI,3,6,1.41,0.1596,0.0
Lüleburgaz,SPI,3,7,1.48,0.1396,0.0
Lüleburgaz,SPI,3,8,1.0,0.3155,0.0
Lüleburgaz,SPI,6,1,1.31,0.1908,0.085
Lüleburgaz,SPI,6,2,1.33,0.1839,0.167
Lüleburgaz,SPI,6,3,0.93,0.3523,0.044
Lüleburgaz,SPI,6,4,0.87,0.3858,0.0
Lüleburgaz,SPI,6,5,0.69,0.4872,0.0
Lüleburgaz,SPI,6,6,1.26,0.2083,0.0
Lüleburgaz,SPI,6,7,2.23,0.0256,0.0
Lüleburgaz,SPI,6,8,1.99,0.0462,0.0
Lüleburgaz,SPI,6,9,2.23,0.0259,0.0
Lüleburgaz,SPI,6,10,2.24,0.0248,0.0
Lüleburgaz,SPI,6,11,1.91,0.0556,0.0
Lüleburgaz,SPI,6,12,2.85,0.0044,0.0
Lüleburgaz,SPI,9,1,0.9,0.3664,0.051
Lüleburgaz,SPI,9,2,0.95,0.3413,0.095
Lüleburgaz,SPI,9,3,0.74,0.4567,0.057
Lüleburgaz,SPI,9,4,1.61,0.1081,0.03
Lüleburgaz,SPI,9,5,1.67,0.094,0.0
Lüleburgaz,SPI,9,6,1.99,0.0465,0.0
Lüleburgaz,SPI,9,7,2.31,0.021,0.0
Lüleburgaz,SPI,9,8,2.08,0.0378,0.0
Lüleburgaz,SPI,9,9,2.26,0.0237,0.0
Lüleburgaz,SPI,9,10,2.06,0.0396,0.0
Lüleburgaz,SPI,9,11,1.78,0.0751,0.0
Lüleburgaz,SPI,9,12,1.98,0.0482,0.0
Lüleburgaz,SPI,12,1,2.21,0.0271,0.125
Lüleburgaz,SPI,12,2,1.85,0.0636,0.197
Lüleburgaz,SPI,12,3,1.49,0.137,0.042
Lüleburgaz,SPI,12,4,1.56,0.1189,0.0
Lüleburgaz,SPI,12,5,1.6,0.1096,0.0
Lüleburgaz,SPI,12,6,1.5,0.134,0.0
Lüleburgaz,SPI,12,7,1.23,0.2195,0.0
Lüleburgaz,SPI,12,8,0.71,0.4796,0.0
Lüleburgaz,SPI,12,9,0.76,0.4445,0.0
Lüleburgaz,SPI,12,10,0.91,0.3624,0.0
Lüleburgaz,SPI,12,11,1.01,0.3128,0.0
Lüleburgaz,SPI,12,12,0.92,0.3571,0.0
Sarıyer,SPEI,1,1,2.51,0.012,0.089
Sarıyer,SPEI,1,2,1.72,0.0854,0.122
Sarıyer,SPEI,1,3,1.3,0.1944,0.127
Sarıyer,SPEI,1,4,1.96,0.0498,0.0
Sarıyer,SPEI,1,5,0.98,0.3247,0.0
Sarıyer,SPEI,3,1,1.58,0.115,0.064
Sarıyer,SPEI,3,2,1.07,0.2864,0.101
Sarıyer,SPEI,3,3,1.03,0.3041,0.124
Sarıyer,SPEI,3,4,0.07,0.9473,0.0
Sarıyer,SPEI,3,5,1.77,0.0764,0.0
Sarıyer,SPEI,3,6,2.28,0.0226,0.0
Sarıyer,SPEI,3,7,1.68,0.0929,0.0
Sarıyer,SPEI,3,8,1.54,0.1224,0.0
Sarıyer,SPEI,3,9,1.04,0.2965,0.0
Sarıyer,SPEI,6,1,0.54,0.5872,0.037
Sarıyer,SPEI,6,2,0.74,0.4597,0.083
Sarıyer,SPEI,6,3,0.77,0.4387,0.078
Sarıyer,SPEI,6,4,0.95,0.3431,0.0
Sarıyer,SPEI,6,5,0.87,0.3858,0.0
Sarıyer,SPEI,6,6,1.36,0.1749,0.0
Sarıyer,SPEI,6,7,2.54,0.011,0.0
Sarıyer,SPEI,6,8,2.0,0.0457,0.0
Sarıyer,SPEI,6,9,0.68,0.4993,0.0
Sarıyer,SPEI,6,10,1.04,0.2984,0.0
Sarıyer,SPEI,6,11,0.95,0.344,0.0
Sarıyer,SPEI,9,1,1.41,0.1595,0.096
Sarıyer,SPEI,9,2,1.41,0.1593,0.156
Sarıyer,SPEI,9,3,1.23,0.2205,0.171
Sarıyer,SPEI,9,4,1.34,0.1818,0.032
Sarıyer,SPEI,9,5,1.79,0.0737,0.053
Sarıyer,SPEI,9,6,1.22,0.224,0.0
Sarıyer,SPEI,9,7,1.2,0.2292,0.0
Sarıyer,SPEI,9,8,1.55,0.1201,0.0
Sarıyer,SPEI,9,9,1.48,0.1376,0.0
Sarıyer,SPEI,9,10,1.12,0.2619,0.0
Sarıyer,SPEI,9,11,1.65,0.0989,0.0
Sarıyer,SPEI,9,12,1.66,0.0963,0.0
Sarıyer,SPEI,12,1,2.2,0.0277,0.132
Sarıyer,SPEI,12,2,2.07,0.0386,0.203
Sarıyer,SPEI,12,3,2.18,0.0292,0.238
Sarıyer,SPEI,12,4,2.37,0.0178,0.358
Sarıyer,SPEI,12,5,2.28,0.0229,0.134
Sarıyer,SPEI,12,6,2.08,0.0376,0.0
Sarıyer,SPEI,12,7,2.22,0.0266,0.0
Sarıyer,SPEI,12,8,2.22,0.0267,0.0
Sarıyer,SPEI,12,9,2.47,0.0136,0.0
Sarıyer,SPEI,12,10,2.54,0.011,0.0
Sarıyer,SPEI,12,11,2.19,0.0287,0.0
Sarıyer,SPEI,12,12,2.47,0.0134,0.0
Sarıyer,SPI,1,1,0.84,0.4026,0.038
Sarıyer,SPI,1,2,0.43,0.6708,0.044
Sarıyer,SPI,1,3,0.26,0.7952,0.0
Sarıyer,SPI,1,4,0.42,0.6758,0.0
Sarıyer,SPI,1,5,-0.1,0.9231,0.0
Sarıyer,SPI,3,1,-0.27,0.7886,-0.014
Sarıyer,SPI,3,2,0.04,0.9687,0.008
Sarıyer,SPI,3,3,0.26,0.7985,0.016
Sarıyer,SPI,3,4,-0.64,0.5196,0.0
Sarıyer,SPI,3,5,-0.26,0.7923,0.0
Sarıyer,SPI,3,6,0.48,0.6343,0.0
Sarıyer,SPI,3,7,0.5,0.6191,0.0
Sarıyer,SPI,3,8,0.62,0.532,0.0
Sarıyer,SPI,3,9,0.12,0.9078,0.0
Sarıyer,SPI,6,1,-0.64,0.5216,-0.051
Sarıyer,SPI,6,2,-0.33,0.7385,-0.023
Sarıyer,SPI,6,3,-0.66,0.5074,-0.068
Sarıyer,SPI,6,4,-0.46,0.6436,0.0
Sarıyer,SPI,6,5,-0.26,0.7932,0.0
Sarıyer,SPI,6,6,-0.04,0.9677,0.0
Sarıyer,SPI,6,7,0.77,0.4436,0.0
Sarıyer,SPI,6,8,0.5,0.6149,0.0
Sarıyer,SPI,6,9,-0.53,0.5971,0.0
Sarıyer,SPI,6,10,-0.09,0.9317,0.0
Sarıyer,SPI,6,11,-0.56,0.574,0.0
Sarıyer,SPI,6,12,-0.56,0.574,0.0
Sarıyer,SPI,9,1,0.21,0.8342,0.012
Sarıyer,SPI,9,2,0.3,0.7625,0.0
Sarıyer,SPI,9,3,0.02,0.9842,0.0
Sarıyer,SPI,9,4,0.13,0.8994,0.0
Sarıyer,SPI,9,5,0.4,0.6916,0.0
Sarıyer,SPI,9,6,0.1,0.9182,0.0
Sarıyer,SPI,9,7,0.25,0.8057,0.0
Sarıyer,SPI,9,8,0.65,0.5162,0.0
Sarıyer,SPI,9,9,0.67,0.5026,0.0
Sarıyer,SPI,9,10,0.38,0.7058,0.0
Sarıyer,SPI,9,11,0.59,0.5555,0.0
Sarıyer,SPI,9,12,0.75,0.456,0.0
Sarıyer,SPI,12,1,1.13,0.2566,0.056
Sarıyer,SPI,12,2,0.88,0.381,0.053
Sarıyer,SPI,12,3,0.85,0.3965,0.0
Sarıyer,SPI,12,4,0.67,0.5044,0.0
Sarıyer,SPI,12,5,0.65,0.5131,0.0
Sarıyer,SPI,12,6,0.49,0.6276,0.0
Sarıyer,SPI,12,7,0.46,0.6478,0.0
Sarıyer,SPI,12,8,0.33,0.7424,0.0
Sarıyer,SPI,12,9,0.5,0.6136,0.0
Sarıyer,SPI,12,10,0.63,0.5261,0.0
Sarıyer,SPI,12,11,0.79,0.4305,0.0
Sarıyer,SPI,12,12,1.0,0.3189,0.0
Tekirdağ,SPEI,1,1,2.18,0.0294,0.06
Tekirdağ,SPEI,1,2,2.68,0.0075,0.197
Tekirdağ,SPEI,1,3,2.57,0.0102,0.315
Tekirdağ,SPEI,1,4,3.42,0.0006,0.0
Tekirdağ,SPEI,1,5,3.06,0.0022,0.0
Tekirdağ,SPEI,1,6,4.35,0.0,0.0
Tekirdağ,SPEI,3,1,2.39,0.017,0.1
Tekirdağ,SPEI,3,2,2.67,0.0076,0.227
Tekirdağ,SPEI,3,3,2.6,0.0093,0.334
Tekirdağ,SPEI,3,4,2.76,0.0057,0.457
Tekirdağ,SPEI,3,5,3.62,0.0003,0.679
Tekirdağ,SPEI,3,6,3.44,0.0006,0.0
Tekirdağ,SPEI,3,7,3.34,0.0008,0.0
Tekirdağ,SPEI,3,8,3.37,0.0007,0.0
Tekirdağ,SPEI,3,9,2.87,0.0041,0.0
Tekirdağ,SPEI,6,1,2.94,0.0033,0.157
Tekirdağ,SPEI,6,2,2.87,0.0041,0.326
Tekirdağ,SPEI,6,3,2.55,0.0108,0.447
Tekirdağ,SPEI,6,4,3.08,0.002,0.676
Tekirdağ,SPEI,6,5,3.56,0.0004,0.908
Tekirdağ,SPEI,6,6,3.4,0.0007,0.82
Tekirdağ,SPEI,6,7,3.72,0.0002,0.0
Tekirdağ,SPEI,6,8,3.67,0.0002,0.0
Tekirdağ,SPEI,6,9,3.81,0.0001,0.0
Tekirdağ,SPEI,6,10,4.13,0.0,0.0
Tekirdağ,SPEI,6,11,3.82,0.0001,0.0
Tekirdağ,SPEI,6,12,4.1,0.0,0.0
Tekirdağ,SPEI,9,1,2.74,0.0062,0.193
Tekirdağ,SPEI,9,2,3.25,0.0012,0.415
Tekirdağ,SPEI,9,3,3.25,0.0012,0.549
Tekirdağ,SPEI,9,4,4.22,0.0,0.767
Tekirdağ,SPEI,9,5,4.38,0.0,0.939
Tekirdağ,SPEI,9,6,4.32,0.0,1.041
Tekirdağ,SPEI,9,7,4.34,0.0,0.93
Tekirdağ,SPEI,9,8,3.81,0.0001,0.0
Tekirdağ,SPEI,9,9,3.82,0.0001,0.0
Tekirdağ,SPEI,9,10,3.62,0.0003,0.0
Tekirdağ,SPEI,9,11,3.94,0.0001,0.0
Tekirdağ,SPEI,9,12,3.98,0.0001,0.0
Tekirdağ,SPEI,12,1,4.04,0.0001,0.243
Tekirdağ,SPEI,12,2,3.95,0.0001,0.422
Tekirdağ,SPEI,12,3,4.08,0.0,0.641
Tekirdağ,SPEI,12,4,4.22,0.0,0.831
Tekirdağ,SPEI,12,5,4.33,0.0,1.003
Tekirdağ,SPEI,12,6,4.0,0.0001,0.856
Tekirdağ,SPEI,12,7,4.0,0.0001,0.977
Tekirdağ,SPEI,12,8,4.07,0.0,1.137
Tekirdağ,SPEI,12,9,4.13,0.0,1.359
Tekirdağ,SPEI,12,10,4.07,0.0,1.105
Tekirdağ,SPEI,12,11,4.2,0.0,0.983
Tekirdağ,SPEI,12,12,3.97,0.0001,0.0
Tekirdağ,SPI,1,1,1.65,0.0993,0.078
Tekirdağ,SPI,1,2,1.51,0.1309,0.123
Tekirdağ,SPI,1,3,1.54,0.1246,0.064
Tekirdağ,SPI,1,4,1.79,0.0736,0.0
Tekirdağ,SPI,1,5,1.61,0.1083,0.0
Tekirdağ,SPI,3,1,0.81,0.4174,0.047
Tekirdağ,SPI,3,2,0.98,0.3265,0.125
Tekirdağ,SPI,3,3,1.03,0.3033,0.134
Tekirdağ,SPI,3,4,1.21,0.2244,0.073
Tekirdağ,SPI,3,5,1.86,0.0625,0.0
Tekirdağ,SPI,3,6,1.62,0.1062,0.0
Tekirdağ,SPI,3,7,2.9,0.0037,0.0
Tekirdağ,SPI,6,1,1.36,0.1737,0.078
Tekirdağ,SPI,6,2,1.31,0.1903,0.146
Tekirdağ,SPI,6,3,1.62,0.106,0.199
Tekirdağ,SPI,6,4,1.72,0.0847,0.149
Tekirdağ,SPI,6,5,2.07,0.038,0.134
Tekirdağ,SPI,6,6,2.59,0.0097,0.0
Tekirdağ,SPI,6,7,2.76,0.0058,0.0
Tekirdağ,SPI,6,8,2.46,0.0138,0.0
Tekirdağ,SPI,6,9,2.62,0.0089,0.0
Tekirdağ,SPI,6,10,2.73,0.0064,0.0
Tekirdağ,SPI,6,11,2.87,0.0041,0.0
Tekirdağ,SPI,6,12,2.8,0.0051,0.0
Tekirdağ,SPI,9,1,1.23,0.2185,0.078
Tekirdağ,SPI,9,2,2.03,0.0428,0.229
Tekirdağ,SPI,9,3,1.63,0.104,0.221
Tekirdağ,SPI,9,4,2.22,0.0262,0.321
Tekirdağ,SPI,9,5,2.72,0.0066,0.338
Tekirdağ,SPI,9,6,2.12,0.0344,0.0
Tekirdağ,SPI,9,7,2.06,0.0396,0.0
Tekirdağ,SPI,9,8,2.56,0.0106,0.0
Tekirdağ,SPI,9,9,2.56,0.0103,0.0
Tekirdağ,SPI,9,10,1.92,0.0546,0.0
Tekirdağ,SPI,9,11,2.45,0.0141,0.0
Tekirdağ,SPI,9,12,2.49,0.0129,0.0
Tekirdağ,SPI,12,1,3.01,0.0026,0.186
Tekirdağ,SPI,12,2,2.43,0.0152,0.274
Tekirdağ,SPI,12,3,1.92,0.0545,0.282
Tekirdağ,SPI,12,4,2.44,0.0147,0.221
Tekirdağ,SPI,12,5,2.42,0.0156,0.008
Tekirdağ,SPI,12,6,2.62,0.0088,0.003
Tekirdağ,SPI,12,7,2.69,0.0071,0.0
Tekirdağ,SPI,12,8,2.4,0.0163,0.0
Tekirdağ,SPI,12,9,2.43,0.0151,0.0
Tekirdağ,SPI,12,10,2.37,0.0179,0.0
Tekirdağ,SPI,12,11,2.18,0.0292,0.0
Tekirdağ,SPI,12,12,2.21,0.0273,0.0
Uzunköprü,SPEI,1,1,3.4,0.0007,0.12
Uzunköprü,SPEI,1,2,3.52,0.0004,0.311
Uzunköprü,SPEI,1,3,2.75,0.006,0.345
Uzunköprü,SPEI,1,4,1.23,0.2181,0.0
Uzunköprü,SPEI,1,5,3.06,0.0022,0.0
Uzunköprü,SPEI,1,6,2.91,0.0036,0.0
Uzunköprü,SPEI,3,1,3.51,0.0004,0.161
Uzunköprü,SPEI,3,2,3.18,0.0015,0.314
Uzunköprü,SPEI,3,3,3.03,0.0025,0.449
Uzunköprü,SPEI,3,4,2.92,0.0035,0.508
Uzunköprü,SPEI,3,5,2.56,0.0106,0.114
Uzunköprü,SPEI,3,6,3.01,0.0026,0.0
Uzunköprü,SPEI,3,7,2.48,0.0132,0.0
Uzunköprü,SPEI,3,8,2.09,0.0364,0.0
Uzunköprü,SPEI,3,9,1.99,0.0469,0.0
Uzunköprü,SPEI,3,10,1.6,0.109,0.0
Uzunköprü,SPEI,6,1,3.46,0.0005,0.189
Uzunköprü,SPEI,6,2,3.67,0.0002,0.359
Uzunköprü,SPEI,6,3,3.56,0.0004,0.537
Uzunköprü,SPEI,6,4,3.43,0.0006,0.648
Uzunköprü,SPEI,6,5,3.87,0.0001,0.847
Uzunköprü,SPEI,6,6,3.64,0.0003,0.846
Uzunköprü,SPEI,6,7,2.74,0.0061,0.0
Uzunköprü,SPEI,6,8,2.99,0.0028,0.0
Uzunköprü,SPEI,6,9,2.67,0.0077,0.0
Uzunköprü,SPEI,6,10,2.34,0.0194,0.0
Uzunköprü,SPEI,6,11,2.32,0.0203,0.0
Uzunköprü,SPEI,6,12,2.18,0.0293,0.0
Uzunköprü,SPEI,9,1,3.72,0.0002,0.206
Uzunköprü,SPEI,9,2,3.86,0.0001,0.429
Uzunköprü,SPEI,9,3,3.33,0.0009,0.513
Uzunköprü,SPEI,9,4,3.37,0.0008,0.597
Uzunköprü,SPEI,9,5,2.98,0.0029,0.337
Uzunköprü,SPEI,9,6,3.01,0.0026,0.0
Uzunköprü,SPEI,9,7,3.13,0.0017,0.0
Uzunköprü,SPEI,9,8,2.98,0.0029,0.0
Uzunköprü,SPEI,9,9,2.95,0.0032,0.0
Uzunköprü,SPEI,9,10,2.78,0.0055,0.0
Uzunköprü,SPEI,9,11,3.05,0.0023,0.0
Uzunköprü,SPEI,9,12,3.16,0.0016,0.0
Uzunköprü,SPEI,12,1,3.53,0.0004,0.202
Uzunköprü,SPEI,12,2,3.34,0.0009,0.31
Uzunköprü,SPEI,12,3,3.33,0.0009,0.234
Uzunköprü,SPEI,12,4,3.06,0.0022,0.206
Uzunköprü,SPEI,12,5,3.13,0.0018,0.315
Uzunköprü,SPEI,12,6,3.12,0.0018,0.0
Uzunköprü,SPEI,12,7,3.14,0.0017,0.0
Uzunköprü,SPEI,12,8,3.31,0.0009,0.0
Uzunköprü,SPEI,12,9,3.09,0.002,0.0
Uzunköprü,SPEI,12,10,3.13,0.0017,0.0
Uzunköprü,SPEI,12,11,3.09,0.002,0.0
Uzunköprü,SPEI,12,12,3.1,0.0019,0.0
Uzunköprü,SPI,1,1,2.86,0.0043,0.137
Uzunköprü,SPI,1,2,2.64,0.0083,0.24
Uzunköprü,SPI,1,3,1.99,0.0467,0.0
Uzunköprü,SPI,1,4,1.0,0.3158,0.0
Uzunköprü,SPI,1,5,1.21,0.225,0.0
Uzunköprü,SPI,3,1,2.58,0.01,0.131
Uzunköprü,SPI,3,2,2.17,0.0302,0.258
Uzunköprü,SPI,3,3,2.06,0.0389,0.295
Uzunköprü,SPI,3,4,2.17,0.0303,0.224
Uzunköprü,SPI,3,5,1.62,0.1055,0.0
Uzunköprü,SPI,3,6,2.12,0.034,0.0
Uzunköprü,SPI,3,7,2.23,0.0257,0.0
Uzunköprü,SPI,3,8,1.8,0.0719,0.0
Uzunköprü,SPI,3,9,1.3,0.1948,0.0
Uzunköprü,SPI,3,10,0.62,0.5337,0.0
Uzunköprü,SPI,6,1,2.16,0.0308,0.14
Uzunköprü,SPI,6,2,2.09,0.0365,0.218
Uzunköprü,SPI,6,3,1.89,0.0587,0.247
Uzunköprü,SPI,6,4,2.24,0.0252,0.373
Uzunköprü,SPI,6,5,2.84,0.0045,0.491
Uzunköprü,SPI,6,6,2.41,0.0159,0.218
Uzunköprü,SPI,6,7,2.29,0.0218,0.0
Uzunköprü,SPI,6,8,2.07,0.0382,0.0
Uzunköprü,SPI,6,9,2.25,0.0247,0.0
Uzunköprü,SPI,6,10,1.95,0.0516,0.0
Uzunköprü,SPI,6,11,1.58,0.1147,0.0
Uzunköprü,SPI,6,12,1.09,0.2751,0.0
Uzunköprü,SPI,9,1,2.78,0.0055,0.158
Uzunköprü,SPI,9,2,2.9,0.0037,0.291
Uzunköprü,SPI,9,3,2.66,0.0079,0.379
Uzunköprü,SPI,9,4,2.4,0.0166,0.309
Uzunköprü,SPI,9,5,2.4,0.0164,0.0
Uzunköprü,SPI,9,6,2.31,0.0208,0.0
Uzunköprü,SPI,9,7,2.52,0.0119,0.0
Uzunköprü,SPI,9,8,2.34,0.0194,0.0
Uzunköprü,SPI,9,9,2.23,0.0256,0.0
Uzunköprü,SPI,9,10,2.16,0.0308,0.0
Uzunköprü,SPI,9,11,2.18,0.0291,0.0
Uzunköprü,SPI,9,12,2.07,0.038,0.0
Uzunköprü,SPI,12,1,2.34,0.019,0.127
Uzunköprü,SPI,12,2,1.97,0.0489,0.127
Uzunköprü,SPI,12,3,1.92,0.0552,0.0
Uzunköprü,SPI,12,4,1.7,0.0889,0.0
Uzunköprü,SPI,12,5,1.79,0.0738,0.0
Uzunköprü,SPI,12,6,1.86,0.0635,0.0
Uzunköprü,SPI,12,7,1.79,0.0731,0.0
Uzunköprü,SPI,12,8,1.99,0.0465,0.0
Uzunköprü,SPI,12,9,2.14,0.0328,0.0
Uzunköprü,SPI,12,10,2.16,0.0305,0.0
Uzunköprü,SPI,12,11,2.08,0.0371,0.0
Uzunköprü,SPI,12,12,2.19,0.0284,0.0
Çorlu,SPEI,1,1,2.07,0.0388,0.084
Çorlu,SPEI,1,2,2.49,0.0127,0.228
Çorlu,SPEI,1,3,2.48,0.013,0.302
Çorlu,SPEI,1,4,2.25,0.0243,0.0
Çorlu,SPEI,1,5,2.75,0.0059,0.0
Çorlu,SPEI,3,1,1.56,0.1196,0.083
Çorlu,SPEI,3,2,1.73,0.0842,0.184
Çorlu,SPEI,3,3,1.69,0.092,0.282
Çorlu,SPEI,3,4,2.08,0.0378,0.269
Çorlu,SPEI,3,5,3.35,0.0008,0.081
Çorlu,SPEI,3,6,2.53,0.0113,0.0
Çorlu,SPEI,3,7,2.35,0.0188,0.0
Çorlu,SPEI,3,8,1.6,0.1107,0.0
Çorlu,SPEI,3,9,1.1,0.271,0.0
Çorlu,SPEI,6,1,2.47,0.0137,0.157
Çorlu,SPEI,6,2,3.1,0.0019,0.339
Çorlu,SPEI,6,3,2.4,0.0165,0.348
Çorlu,SPEI,6,4,2.36,0.0183,0.286
Çorlu,SPEI,6,5,2.31,0.021,0.031
Çorlu,SPEI,6,6,2.62,0.0087,0.0
Çorlu,SPEI,6,7,2.34,0.0195,0.0
Çorlu,SPEI,6,8,2.99,0.0028,0.0
Çorlu,SPEI,6,9,2.3,0.0216,0.0
Çorlu,SPEI,6,10,2.53,0.0113,0.0
Çorlu,SPEI,6,11,2.51,0.0119,0.0
Çorlu,SPEI,6,12,2.41,0.0158,0.0
Çorlu,SPEI,9,1,2.06,0.039,0.134
Çorlu,SPEI,9,2,2.21,0.0271,0.265
Çorlu,SPEI,9,3,1.73,0.0833,0.252
Çorlu,SPEI,9,4,2.53,0.0113,0.432
Çorlu,SPEI,9,5,3.06,0.0022,0.362
Çorlu,SPEI,9,6,2.99,0.0027,0.0
Çorlu,SPEI,9,7,3.19,0.0014,0.0
Çorlu,SPEI,9,8,2.58,0.0098,0.0
Çorlu,SPEI,9,9,2.52,0.0117,0.0
Çorlu,SPEI,9,10,2.41,0.0159,0.0
Çorlu,SPEI,9,11,2.32,0.0201,0.0
Çorlu,SPEI,9,12,2.89,0.0039,0.0
Çorlu,SPEI,12,1,2.92,0.0035,0.172
Çorlu,SPEI,12,2,2.7,0.007,0.325
Çorlu,SPEI,12,3,2.86,0.0043,0.385
Çorlu,SPEI,12,4,2.89,0.0038,0.48
Çorlu,SPEI,12,5,2.79,0.0052,0.589
Çorlu,SPEI,12,6,2.79,0.0052,0.637
Çorlu,SPEI,12,7,2.69,0.0071,0.28
Çorlu,SPEI,12,8,2.35,0.0185,0.0
Çorlu,SPEI,12,9,2.3,0.0214,0.0
Çorlu,SPEI,12,10,2.08,0.0378,0.0
Çorlu,SPEI,12,11,2.48,0.0133,0.0
Çorlu,SPEI,12,12,2.5,0.0123,0.0
Çorlu,SPI,1,1,1.73,0.0843,0.078
Çorlu,SPI,1,2,1.18,0.2363,0.112
Çorlu,SPI,1,3,0.46,0.6488,0.0
Çorlu,SPI,1,4,1.03,0.3012,0.0
Çorlu,SPI,3,1,-0.19,0.8496,-0.017
Çorlu,SPI,3,2,0.01,0.9948,0.0
Çorlu,SPI,3,3,0.13,0.9004,0.0
Çorlu,SPI,3,4,0.63,0.5303,0.0
Çorlu,SPI,3,5,0.82,0.4135,0.0
Çorlu,SPI,3,6,0.85,0.3969,0.0
Çorlu,SPI,3,7,0.29,0.7722,0.0
Çorlu,SPI,3,8,0.37,0.7108,0.0
Çorlu,SPI,6,1,0.78,0.4362,0.049
Çorlu,SPI,6,2,0.91,0.3617,0.099
Çorlu,SPI,6,3,0.14,0.89,0.0
Çorlu,SPI,6,4,-0.09,0.9304,0.0
Çorlu,SPI,6,5,0.46,0.6474,0.0
Çorlu,SPI,6,6,0.79,0.4316,0.0
Çorlu,SPI,6,7,1.28,0.2022,0.0
Çorlu,SPI,6,8,2.4,0.0163,0.0
Çorlu,SPI,6,9,1.99,0.0461,0.0
Çorlu,SPI,6,10,2.06,0.0395,0.0
Çorlu,SPI,6,11,2.08,0.038,0.0
Çorlu,SPI,6,12,2.14,0.0327,0.0
Çorlu,SPI,9,1,0.21,0.8339,0.0
Çorlu,SPI,9,2,0.46,0.6452,0.0
Çorlu,SPI,9,3,0.22,0.8222,0.0
Çorlu,SPI,9,4,0.59,0.5556,0.0
Çorlu,SPI,9,5,1.21,0.2275,0.0
Çorlu,SPI,9,6,1.94,0.0523,0.0
Çorlu,SPI,9,7,1.64,0.1017,0.0
Çorlu,SPI,9,8,1.49,0.1352,0.0
Çorlu,SPI,9,9,1.47,0.1426,0.0
Çorlu,SPI,9,10,1.24,0.2159,0.0
Çorlu,SPI,9,11,0.8,0.4214,0.0
Çorlu,SPI,9,12,1.17,0.2409,0.0
Çorlu,SPI,12,1,1.44,0.1492,0.074
Çorlu,SPI,12,2,1.41,0.1572,0.127
Çorlu,SPI,12,3,1.11,0.2662,0.0
Çorlu,SPI,12,4,1.38,0.1665,0.0
Çorlu,SPI,12,5,1.48,0.1394,0.0
Çorlu,SPI,12,6,1.21,0.2253,0.0
Çorlu,SPI,12,7,0.94,0.3459,0.0
Çorlu,SPI,12,8,0.91,0.3603,0.0
Çorlu,SPI,12,9,0.18,0.8605,0.0
Çorlu,SPI,12,10,0.13,0.8976,0.0
Çorlu,SPI,12,11,0.36,0.7183,0.0
Çorlu,SPI,12,12,0.42,0.6757,0.0
İpsala,SPEI,1,1,4.29,0.0,0.134
İpsala,SPEI,1,2,3.83,0.0001,0.301
İpsala,SPEI,1,3,3.14,0.0017,0.363
İpsala,SPEI,1,4,3.45,0.0006,0.0
İpsala,SPEI,1,5,2.92,0.0035,0.0
İpsala,SPEI,1,6,2.42,0.0157,0.0
İpsala,SPEI,3,1,3.77,0.0002,0.183
İpsala,SPEI,3,2,3.28,0.001,0.331
İpsala,SPEI,3,3,3.59,0.0003,0.599
İpsala,SPEI,3,4,3.96,0.0001,0.771
İpsala,SPEI,3,5,4.09,0.0,0.527
İpsala,SPEI,3,6,4.12,0.0,0.0
İpsala,SPEI,3,7,4.22,0.0,0.0
İpsala,SPEI,3,8,3.8,0.0001,0.0
İpsala,SPEI,3,9,2.94,0.0033,0.0
İpsala,SPEI,3,10,2.93,0.0034,0.0
İpsala,SPEI,3,11,2.97,0.003,0.0
İpsala,SPEI,6,1,3.49,0.0005,0.224
İpsala,SPEI,6,2,3.6,0.0003,0.516
İpsala,SPEI,6,3,3.71,0.0002,0.768
İpsala,SPEI,6,4,3.53,0.0004,0.895
İpsala,SPEI,6,5,4.1,0.0,1.091
İpsala,SPEI,6,6,3.86,0.0001,0.791
İpsala,SPEI,6,7,4.2,0.0,0.138
İpsala,SPEI,6,8,3.79,0.0002,0.0
İpsala,SPEI,6,9,3.65,0.0003,0.0
İpsala,SPEI,6,10,3.8,0.0001,0.0
İpsala,SPEI,6,11,3.89,0.0001,0.0
İpsala,SPEI,6,12,3.36,0.0008,0.0
İpsala,SPEI,9,1,3.54,0.0004,0.21
İpsala,SPEI,9,2,3.52,0.0004,0.43
İpsala,SPEI,9,3,3.53,0.0004,0.591
İpsala,SPEI,9,4,4.07,0.0,0.764
İpsala,SPEI,9,5,4.2,0.0,0.811
İpsala,SPEI,9,6,4.1,0.0,0.952
İpsala,SPEI,9,7,4.0,0.0001,1.038
İpsala,SPEI,9,8,3.95,0.0001,1.051
İpsala,SPEI,9,9,4.23,0.0,1.092
İpsala,SPEI,9,10,4.55,0.0,0.851
İpsala,SPEI,9,11,4.35,0.0,0.0
İpsala,SPEI,9,12,4.44,0.0,0.0
İpsala,SPEI,12,1,4.1,0.0,0.277
İpsala,SPEI,12,2,4.07,0.0,0.523
İpsala,SPEI,12,3,4.26,0.0,0.726
İpsala,SPEI,12,4,4.41,0.0,0.959
İpsala,SPEI,12,5,4.39,0.0,1.123
İpsala,SPEI,12,6,4.46,0.0,1.264
İpsala,SPEI,12,7,4.25,0.0,1.345
İpsala,SPEI,12,8,4.2,0.0,1.409
İpsala,SPEI,12,9,4.78,0.0,1.535
İpsala,SPEI,12,10,4.98,0.0,1.732
İpsala,SPEI,12,11,5.21,0.0,1.852
İpsala,SPEI,12,12,4.96,0.0,1.22
İpsala,SPI,1,1,4.39,0.0,0.155
İpsala,SPI,1,2,3.04,0.0024,0.29
İpsala,SPI,1,3,1.94,0.053,0.0
İpsala,SPI,1,4,2.26,0.0239,0.0
İpsala,SPI,3,1,2.21,0.0271,0.131
İpsala,SPI,3,2,2.11,0.0345,0.263
İpsala,SPI,3,3,2.43,0.0149,0.433
İpsala,SPI,3,4,3.0,0.0027,0.409
İpsala,SPI,3,5,2.83,0.0046,0.0
İpsala,SPI,3,6,2.24,0.0253,0.0
İpsala,SPI,3,7,1.8,0.0718,0.0
İpsala,SPI,3,8,1.87,0.0608,0.0
İpsala,SPI,6,1,2.29,0.022,0.148
İpsala,SPI,6,2,2.46,0.0139,0.329
İpsala,SPI,6,3,2.45,0.0145,0.479
İpsala,SPI,6,4,2.77,0.0057,0.47
İpsala,SPI,6,5,3.17,0.0015,0.28
İpsala,SPI,6,6,3.15,0.0017,0.0
İpsala,SPI,6,7,2.98,0.0029,0.0
İpsala,SPI,6,8,2.96,0.003,0.0
İpsala,SPI,6,9,2.12,0.0337,0.0
İpsala,SPI,6,10,2.14,0.0321,0.0
İpsala,SPI,6,11,2.08,0.0375,0.0
İpsala,SPI,6,12,1.63,0.1039,0.0
İpsala,SPI,9,1,2.77,0.0056,0.157
İpsala,SPI,9,2,2.8,0.005,0.325
İpsala,SPI,9,3,2.86,0.0043,0.361
İpsala,SPI,9,4,3.33,0.0009,0.433
İpsala,SPI,9,5,3.6,0.0003,0.532
İpsala,SPI,9,6,3.61,0.0003,0.573
İpsala,SPI,9,7,3.63,0.0003,0.686
İpsala,SPI,9,8,3.44,0.0006,0.228
İpsala,SPI,9,9,3.52,0.0004,0.255
İpsala,SPI,9,10,4.27,0.0,0.0
İpsala,SPI,9,11,3.75,0.0002,0.0
İpsala,SPI,9,12,3.22,0.0013,0.0
İpsala,SPI,12,1,3.77,0.0002,0.226
İpsala,SPI,12,2,3.91,0.0001,0.387
İpsala,SPI,12,3,3.68,0.0002,0.456
İpsala,SPI,12,4,3.68,0.0002,0.567
İpsala,SPI,12,5,3.64,0.0003,0.722
İpsala,SPI,12,6,3.83,0.0001,0.819
İpsala,SPI,12,7,3.73,0.0002,0.87
İpsala,SPI,12,8,3.79,0.0002,0.948
İpsala,SPI,12,9,3.8,0.0001,1.068
İpsala,SPI,12,10,4.07,0.0,1.151
İpsala,SPI,12,11,4.1,0.0,0.0
İpsala,SPI,12,12,3.91,0.0001,0.0
