name,indeks,D,n_nonzero,GEV_b1,GEV_LRT_p,P0_sabit,P0_egim,P0_LRT_p,S50_1980,S100_1980,S50_2024,S100_2024,T_esdeger_1980,GEV_sig_bh,P0_sig_bh
Edirne,SPEI,3,41,1.312,0.0046,0.305,-0.749,0.128,5.84,6.38,7.83,8.37,3869.0,True,False
Edirne,SPEI,6,31,1.908,0.0269,0.475,-0.778,0.0869,11.35,13.02,14.24,15.92,324.0,False,False
Edirne,SPEI,9,25,1.005,0.4182,0.576,-0.765,0.0954,17.32,20.17,18.84,21.69,142.0,False,False
Edirne,SPEI,12,21,1.904,0.2469,0.644,-0.969,0.0434,19.61,24.07,28.22,33.38,343.0,False,False
Edirne,SPI,3,43,0.364,0.2801,0.271,0.163,0.7438,5.24,5.51,5.79,6.06,976.0,False,False
Edirne,SPI,6,37,0.776,0.2564,0.373,0.189,0.6809,8.82,9.07,10.0,10.25,inf,False,False
Edirne,SPI,9,31,0.871,0.3982,0.475,0.014,0.9756,12.77,13.3,14.09,14.62,4099.0,False,False
Edirne,SPI,12,25,1.163,0.3833,0.576,-0.028,0.9507,16.37,17.25,18.13,19.02,775.0,False,False
Kırklareli,SPEI,3,37,0.915,0.0062,0.373,-0.24,0.6016,7.52,9.03,8.9,10.41,179.0,True,False
Kırklareli,SPEI,6,34,2.011,0.0003,0.424,-0.139,0.7569,15.35,20.05,18.4,23.1,146.0,True,False
Kırklareli,SPEI,9,26,1.261,0.0416,0.559,-0.346,0.4406,25.81,36.56,27.72,38.47,111.0,False,False
Kırklareli,SPEI,12,20,-2.736,0.0235,0.661,-0.715,0.1347,37.85,58.77,33.7,54.61,89.0,False,False
Kırklareli,SPI,3,39,0.21,0.4942,0.339,0.381,0.4185,7.6,9.0,7.92,9.32,116.0,False,False
Kırklareli,SPI,6,32,1.121,0.0421,0.458,0.505,0.2611,16.98,22.53,18.68,24.23,120.0,False,False
Kırklareli,SPI,9,24,0.237,0.8133,0.593,0.0,1.0,23.16,28.85,23.51,29.21,104.0,False,False
Kırklareli,SPI,12,20,0.343,0.864,0.661,0.182,0.6982,27.44,32.13,27.96,32.65,108.0,False,False
Lüleburgaz,SPEI,3,37,0.102,0.4128,0.373,-0.644,0.1667,24.28,44.01,24.43,44.17,100.0,False,False
Lüleburgaz,SPEI,6,29,0.716,0.1749,0.508,-1.029,0.0257,20.99,30.68,31.92,45.6,211.0,False,False
Lüleburgaz,SPEI,9,18,8.22,0.002,0.695,-0.856,0.0843,16.38,20.42,28.85,32.89,666.0,True,False
Lüleburgaz,SPI,3,38,1.01,0.0426,0.356,-0.03,0.9491,6.73,7.5,8.27,9.03,478.0,False,False
Lüleburgaz,SPI,6,34,2.125,0.0168,0.424,0.007,0.9877,11.81,13.15,15.03,16.37,695.0,True,False
Lüleburgaz,SPI,9,26,4.03,0.0001,0.559,0.234,0.6003,14.6,16.66,20.71,22.77,734.0,True,False
Lüleburgaz,SPI,12,24,5.136,0.0002,0.593,-0.035,0.938,18.16,20.66,25.96,28.46,874.0,True,False
Sarıyer,SPEI,3,43,0.775,0.0266,0.271,-0.31,0.5353,6.57,7.31,7.75,8.48,326.0,False,False
Sarıyer,SPEI,6,30,1.701,0.0098,0.492,-0.523,0.2435,11.11,12.33,13.69,14.91,479.0,True,False
Sarıyer,SPEI,9,26,1.486,0.0558,0.559,-0.895,0.0519,16.06,18.08,18.31,20.34,211.0,False,False
Sarıyer,SPEI,12,21,2.95,0.0396,0.644,-1.004,0.037,18.16,20.17,25.23,27.03,1785.0,False,False
Sarıyer,SPI,3,42,0.542,0.2234,0.288,-0.149,0.7612,6.45,6.92,7.27,7.75,473.0,False,False
Sarıyer,SPI,6,31,-0.08,0.9124,0.475,-0.211,0.6349,12.64,14.09,12.52,13.97,94.0,False,False
Sarıyer,SPI,9,26,0.61,0.4707,0.559,-0.076,0.8655,16.83,18.88,17.76,19.81,136.0,False,False
Sarıyer,SPI,12,22,-1.549,0.1228,0.627,-0.387,0.4012,35.22,55.8,32.87,53.45,94.0,False,False
Tekirdağ,SPEI,3,40,1.905,0.0001,0.322,-1.079,0.0296,5.62,6.43,9.02,9.81,2860.0,True,False
Tekirdağ,SPEI,6,29,3.487,0.0018,0.508,-1.575,0.0011,9.3,10.28,15.96,16.71,inf,True,True
Tekirdağ,SPEI,9,29,5.027,0.001,0.508,-1.575,0.0011,12.41,13.67,21.81,22.78,inf,True,True
Tekirdağ,SPEI,12,24,7.695,0.002,0.593,-1.744,0.0005,13.5,14.94,27.67,28.52,inf,True,True
Tekirdağ,SPI,3,39,1.342,0.0011,0.339,-0.053,0.91,6.32,7.24,8.36,9.28,484.0,True,False
Tekirdağ,SPI,6,31,2.357,0.0318,0.475,-0.945,0.0395,10.14,11.0,14.47,15.21,inf,False,False
Tekirdağ,SPI,9,27,1.904,0.1986,0.542,-0.911,0.0472,14.99,16.4,19.26,20.52,1408.0,False,False
Tekirdağ,SPI,12,23,-2.045,0.5531,0.61,-0.939,0.0458,24.74,31.41,29.5,38.72,180.0,False,False
Uzunköprü,SPEI,3,32,1.21,0.0748,0.458,-1.193,0.011,7.22,8.49,10.35,11.6,566.0,False,False
Uzunköprü,SPEI,6,28,1.995,0.0453,0.525,-1.203,0.0102,12.86,15.37,18.93,21.55,497.0,False,False
Uzunköprü,SPEI,9,23,2.722,0.0959,0.61,-1.245,0.0097,16.44,19.35,24.94,27.95,703.0,False,False
Uzunköprü,SPEI,12,21,4.358,0.0271,0.644,-1.283,0.0092,18.68,22.32,31.36,35.33,902.0,False,False
Uzunköprü,SPI,3,33,1.405,0.0017,0.441,-0.423,0.3465,4.97,5.09,7.1,7.22,inf,True,False
Uzunköprü,SPI,6,30,2.653,0.0053,0.492,-0.494,0.2694,9.52,9.91,13.54,13.93,inf,True,False
Uzunköprü,SPI,9,25,2.69,0.081,0.576,-0.865,0.0609,14.45,15.16,18.53,19.24,inf,False,False
Uzunköprü,SPI,12,23,3.413,0.0732,0.61,-0.858,0.0665,18.6,19.85,23.78,25.03,98646.0,False,False
Çorlu,SPEI,3,36,1.595,0.0002,0.39,-0.64,0.1655,6.86,8.13,9.28,10.55,336.0,True,False
Çorlu,SPEI,6,35,2.323,0.0002,0.407,-0.616,0.1787,14.78,18.53,18.3,22.06,175.0,True,False
Çorlu,SPEI,9,27,2.746,0.0187,0.542,-0.707,0.1188,19.42,22.88,23.59,27.04,216.0,True,False
Çorlu,SPEI,12,23,3.083,0.1636,0.61,-0.85,0.0689,23.87,27.48,28.55,32.15,237.0,False,False
Çorlu,SPI,3,38,1.069,0.0147,0.356,-0.022,0.9618,6.51,7.35,8.14,8.97,420.0,True,False
Çorlu,SPI,6,34,1.155,0.1996,0.424,-0.307,0.4955,12.47,13.86,14.23,15.62,257.0,False,False
Çorlu,SPI,9,29,2.858,0.1184,0.508,0.088,0.8424,16.77,18.31,21.11,22.65,1353.0,False,False
Çorlu,SPI,12,26,3.005,0.3453,0.559,-0.055,0.902,21.98,24.02,26.54,28.58,724.0,False,False
İpsala,SPEI,3,35,2.493,0.0,0.407,-1.062,0.024,4.33,4.8,8.5,8.92,inf,True,False
İpsala,SPEI,6,33,4.301,0.0,0.441,-1.405,0.0034,7.37,8.09,14.69,15.28,inf,True,True
İpsala,SPEI,9,26,5.153,0.0008,0.559,-2.183,0.0,10.68,12.5,22.29,23.82,42881.0,True,True
İpsala,SPEI,12,23,7.586,0.0053,0.61,-2.538,0.0,11.07,13.72,29.48,31.56,104409.0,True,True
İpsala,SPI,3,32,1.525,0.0,0.458,-1.143,0.0144,5.03,5.65,7.95,8.54,4419.0,True,False
İpsala,SPI,6,31,2.599,0.0011,0.475,-1.367,0.004,9.95,11.49,15.73,17.25,1400.0,True,True
İpsala,SPI,9,29,2.804,0.0046,0.508,-1.462,0.0022,16.12,19.88,25.65,30.07,470.0,True,True
İpsala,SPI,12,23,2.959,0.0399,0.61,-1.824,0.0003,18.87,23.66,34.17,40.42,673.0,False,True
