name,indeks,k,D,n_nonzero,P0,dagilim,AD,uygun,T2,T5,T10,T25,T50,T100,T10_gev,T50_gev,T100_gev
Edirne,SPEI,1,1,59,0.0,Gamma3,0.099,True,1.43,1.81,2.04,2.32,2.52,2.7,2.032981347243672,2.5100840812969603,2.6990817621780425
Edirne,SPEI,1,2,55,0.068,LN3,0.214,True,2.08,2.88,3.36,3.92,4.32,4.7,3.3405257263824133,4.209797885860823,4.528031838496764
Edirne,SPEI,1,3,41,0.305,GEV,0.239,True,2.21,3.5,4.26,5.21,5.92,6.62,4.263052785376971,5.917942625390838,6.617880887896057
Edirne,SPEI,1,4,24,0.593,Lojistik,0.323,True,0.0,3.32,4.1,4.89,5.43,5.95,4.263169311396322,5.9170295080455055,6.501260325376917
Edirne,SPEI,3,1,58,0.017,GEV,0.3,True,1.34,1.91,2.33,2.89,3.34,3.81,2.3251442251457797,3.3360911022089415,3.8112699368209446
Edirne,SPEI,3,2,55,0.068,GEV,0.228,True,2.21,3.22,3.95,4.97,5.79,6.67,3.954694182667586,5.788555195491875,6.66832201668888
Edirne,SPEI,3,3,50,0.153,Gumbel,0.291,True,2.91,4.35,5.27,6.41,7.26,8.1,5.355437785492061,7.850631580864857,9.018288600872276
Edirne,SPEI,3,4,42,0.288,Weibull3,0.395,True,2.76,5.06,6.61,8.52,9.91,11.25,6.380980913786148,10.06514257754256,11.910641857216746
Edirne,SPEI,3,5,34,0.424,Weibull3,0.573,True,2.68,5.59,7.29,9.27,10.65,11.96,7.070902124371708,10.695885927179724,12.370693115811765
Edirne,SPEI,3,6,26,0.559,GEV,0.316,True,0.0,5.65,7.49,9.9,11.83,13.9,7.487937711157887,11.828053767376488,13.903599451452553
Edirne,SPEI,3,7,20,0.661,Gumbel,0.405,True,0.0,5.35,7.25,9.31,10.78,12.21,7.17692185279078,11.178287607431884,12.968194766043126
Edirne,SPEI,3,8,16,0.729,Lojistik,0.303,True,0.0,5.65,8.05,9.91,11.1,12.22,8.024395680457136,11.963195389423985,13.442803610801958
Edirne,SPEI,6,1,57,0.034,Gumbel,0.523,True,1.11,1.78,2.22,2.77,3.18,3.59,2.2215258191954312,3.2026584091539916,3.6205421484356703
Edirne,SPEI,6,2,51,0.136,LN3,0.342,True,2.02,3.21,3.95,4.86,5.53,6.18,3.944426200774405,5.574213520379424,6.258012603356005
Edirne,SPEI,6,3,48,0.186,LN3,0.218,True,2.67,4.38,5.47,6.82,7.82,8.82,5.441657135326359,7.889121705807874,8.95505638303894
Edirne,SPEI,6,4,41,0.305,GEV,0.215,True,3.13,5.51,6.9,8.59,9.82,11.03,6.900654654576261,9.822027633717038,11.026353397023234
Edirne,SPEI,6,5,38,0.356,Gumbel,0.231,True,3.82,6.41,7.88,9.67,10.99,12.29,7.941239108312998,11.841839265533421,13.681450905987766
Edirne,SPEI,6,6,33,0.441,Gumbel,0.254,True,3.76,7.19,8.9,10.97,12.47,13.96,8.933561198108315,13.114625008949336,15.017328579206751
Edirne,SPEI,6,7,26,0.559,Gumbel,0.408,True,0.0,7.67,9.59,11.82,13.43,15.01,9.585279470716891,13.70483527256983,15.475350602347927
Edirne,SPEI,6,8,22,0.627,Gumbel,0.482,True,0.0,8.27,10.38,12.75,14.44,16.1,10.366807755905493,14.670846968706464,16.49650645498619
Edirne,SPEI,6,9,18,0.695,GEV,0.179,True,0.0,8.2,10.59,13.47,15.76,18.22,10.585776308935307,15.758617786423816,18.21731783443054
Edirne,SPEI,9,1,55,0.068,Normal,0.289,True,1.09,1.67,1.96,2.28,2.48,2.66,1.9840356025780639,2.504153926823056,2.669983475086484
Edirne,SPEI,9,2,48,0.186,Weibull3,0.213,True,1.9,3.1,3.72,4.39,4.82,5.22,3.688289910819325,4.799299631803146,5.187769254741793
Edirne,SPEI,9,3,44,0.254,LN3,0.101,True,2.68,4.38,5.25,6.22,6.86,7.47,5.2849213561641495,6.855120298641873,7.396243001080164
Edirne,SPEI,9,4,37,0.373,Lojistik,0.202,True,3.17,5.48,6.46,7.57,8.36,9.13,6.746016226750816,8.763366287639457,9.451660467735714
Edirne,SPEI,9,5,34,0.424,GEV,0.26,True,3.69,6.58,7.97,9.56,10.66,11.71,7.970084595598946,10.664427505609769,11.706451368832658
Edirne,SPEI,9,6,31,0.475,Gumbel,0.146,True,3.97,7.49,9.05,10.93,12.29,13.63,9.052045051434913,12.23733305417259,13.547584156320871
Edirne,SPEI,9,7,28,0.525,GEV,0.164,True,0.0,8.2,10.04,12.22,13.81,15.4,10.03581386426886,13.814873314890722,15.396520546609798
Edirne,SPEI,9,8,25,0.576,GEV,0.138,True,0.0,8.91,11.01,13.47,15.25,17.01,11.014549602339782,15.2512289964972,17.008969723438778
Edirne,SPEI,9,9,23,0.61,LN3,0.166,True,0.0,9.37,11.77,14.66,16.83,19.02,11.693123398578948,16.779625366457545,19.094501151544968
Edirne,SPEI,9,10,20,0.661,GEV,0.192,True,0.0,9.17,11.59,15.29,18.81,23.18,11.593192522387264,18.805230865582452,23.184647996626843
Edirne,SPEI,12,1,48,0.186,GEV,0.331,True,0.86,1.58,2.01,2.52,2.88,3.23,2.006177775711742,2.884356343948127,3.2324431874327715
Edirne,SPEI,12,2,45,0.237,Weibull3,0.188,True,1.46,2.95,3.81,4.78,5.44,6.06,3.7210781410196585,5.427264577035436,6.119360185295893
Edirne,SPEI,12,3,41,0.305,GEV,0.246,True,2.15,4.11,5.21,6.51,7.42,8.29,5.208128873933482,7.419910328763349,8.293510308368045
Edirne,SPEI,12,4,39,0.339,GEV,0.214,True,2.63,5.18,6.58,8.22,9.38,10.48,6.5756585360660464,9.376667616555673,10.483400034499688
Edirne,SPEI,12,5,34,0.424,GEV,0.168,True,3.03,5.93,7.58,9.74,11.43,13.2,7.579363719764288,11.429318101456058,13.202437198209232
Edirne,SPEI,12,6,31,0.475,GEV,0.233,True,2.61,6.84,8.84,11.32,13.2,15.1,8.839039986208766,13.197733636342365,15.103965920753566
Edirne,SPEI,12,7,29,0.508,GEV,0.208,True,0.0,7.52,9.72,12.71,15.17,17.86,9.720676024699618,15.167965488794298,17.860414450180834
Edirne,SPEI,12,8,27,0.542,GEV,0.278,True,0.0,8.28,10.75,14.02,16.67,19.52,10.752891625287475,16.666235288674457,19.52164990021231
Edirne,SPEI,12,9,25,0.576,GEV,0.408,True,0.0,9.01,11.79,15.41,18.3,21.41,11.793680372466085,18.30028727236372,21.405729522028384
Edirne,SPEI,12,10,24,0.593,GEV,0.394,True,0.0,9.55,12.65,16.75,20.11,23.78,12.647788778944474,20.107069865875282,23.784214036635266
Edirne,SPEI,12,11,23,0.61,GEV,0.417,True,0.0,9.92,13.4,18.09,22.0,26.36,13.404213046219093,22.002328003006156,26.362251188988978
Edirne,SPEI,12,12,21,0.644,GEV,0.368,True,0.0,9.97,13.97,19.43,24.12,29.47,13.965925081133864,24.116287364866935,29.469340604526558
Edirne,SPI,1,1,59,0.0,Gamma3,0.242,True,1.6,2.21,2.57,3.0,3.3,3.59,2.560517488740266,3.287810850030067,3.567673289385342
Edirne,SPI,1,2,53,0.102,Gamma3,0.163,True,1.93,3.03,3.71,4.53,5.11,5.67,3.6580077474092763,5.113661677062815,5.723221257842273
Edirne,SPI,1,3,34,0.424,Gamma3,0.193,True,1.29,3.26,4.32,5.57,6.45,7.3,4.238709447126779,6.264900592844696,7.097686873331322
Edirne,SPI,1,4,15,0.746,GEV,0.173,True,0.0,2.44,3.48,4.54,5.32,6.12,3.479061125184658,5.322313580001635,6.1160569447786886
Edirne,SPI,3,1,58,0.017,Gumbel,0.438,True,1.41,2.05,2.47,3.01,3.4,3.8,2.4674979781731143,3.378016228007609,3.7593152709234947
Edirne,SPI,3,2,54,0.085,GEV,0.23,True,2.27,3.4,4.11,4.98,5.6,6.21,4.111545427377894,5.604972309896439,6.210898827749943
Edirne,SPI,3,3,51,0.136,GEV,0.394,True,2.87,4.38,5.39,6.73,7.76,8.82,5.393259684060976,7.7551383454890495,8.815818946303553
Edirne,SPI,3,4,38,0.356,GEV,0.241,True,2.97,5.04,6.34,8.06,9.42,10.86,6.339705438108917,9.422372766613528,10.85611716736944
Edirne,SPI,3,5,30,0.492,LN3,0.274,True,1.68,5.7,7.01,8.41,9.36,10.24,7.031014058831828,9.435076128278187,10.3120083458086
Edirne,SPI,3,6,23,0.61,Gumbel,0.54,True,0.0,5.22,6.93,8.86,10.25,11.61,6.921369414953444,9.878021840674371,11.002854902662385
Edirne,SPI,3,7,17,0.712,GEV,0.353,True,0.0,5.27,6.59,8.0,9.04,10.09,6.586002295829978,9.040142969809741,10.085067660641407
Edirne,SPI,6,1,55,0.068,GEV,0.167,True,1.2,1.8,2.15,2.54,2.8,3.04,2.15010599405057,2.803516583530997,3.0397616130777187
Edirne,SPI,6,2,51,0.136,LN3,0.271,True,2.12,3.28,3.95,4.73,5.28,5.79,3.955865097356819,5.2256796624564545,5.693139128745488
Edirne,SPI,6,3,49,0.169,LN3,0.407,True,2.85,4.43,5.32,6.36,7.08,7.76,5.336401150537888,7.053732078343742,7.689042688422311
Edirne,SPI,6,4,45,0.237,LN3,0.28,True,3.46,5.48,6.5,7.63,8.37,9.06,6.549221650356171,8.35836696304212,8.966500824750696
Edirne,SPI,6,5,36,0.39,Lojistik,0.313,True,3.65,6.3,7.39,8.61,9.47,10.32,7.556806818462693,9.639526228926954,10.332925361973244
Edirne,SPI,6,6,32,0.458,Normal,0.268,True,2.97,7.13,8.47,9.77,10.58,11.29,8.476244250813387,10.866453663485885,11.653062809364256
Edirne,SPI,6,7,28,0.525,Normal,0.365,True,0.0,7.75,9.22,10.62,11.47,12.22,9.245699139550627,11.658899080308506,12.413685695835413
Edirne,SPI,6,8,23,0.61,Weibull3,0.347,True,0.0,8.38,10.0,11.33,12.07,12.68,10.072195219055116,12.278538665369583,12.87025097485818
Edirne,SPI,6,9,19,0.678,Weibull3,0.354,True,0.0,8.42,10.37,11.72,12.43,12.99,10.444831452376501,12.691796388432216,13.21921327613679
Edirne,SPI,9,1,54,0.085,GEV,0.474,True,1.15,1.63,1.84,2.01,2.09,2.15,1.835651021767199,2.093009375567773,2.1547851190916005
Edirne,SPI,9,2,50,0.153,GEV,0.478,True,2.04,3.02,3.43,3.8,3.99,4.14,3.430727360691721,3.99184508360191,4.136249844470673
Edirne,SPI,9,3,46,0.22,Gamma3,0.346,True,2.68,4.14,4.84,5.57,6.04,6.46,4.8311429039522995,5.6713623226749945,5.891802515954961
Edirne,SPI,9,4,38,0.356,Gumbel,0.383,True,3.14,5.03,6.1,7.41,8.37,9.32,5.960398445921824,7.2781017184030965,7.6928570938123375
Edirne,SPI,9,5,38,0.356,Weibull3,0.454,True,3.67,6.15,7.2,8.25,8.89,9.45,7.189034233617232,8.713828322296484,9.163365113055262
Edirne,SPI,9,6,29,0.508,GEV,0.3,True,0.0,7.24,8.38,9.38,9.93,10.35,8.38437000755489,9.92583617619171,10.34565054828317
Edirne,SPI,9,7,27,0.542,GEV,0.307,True,0.0,8.24,9.47,10.49,11.03,11.44,9.468804139320156,11.034221238232965,11.442127593454863
Edirne,SPI,9,8,25,0.576,GEV,0.212,True,0.0,9.19,10.5,11.42,11.84,12.13,10.495642956176184,11.842511824342623,12.125948788368248
Edirne,SPI,9,9,25,0.576,GEV,0.299,True,0.0,10.03,11.37,12.24,12.6,12.83,11.371067055552661,12.604027885463406,12.831786730635823
Edirne,SPI,9,10,24,0.593,GEV,0.223,True,0.0,10.11,11.71,12.88,13.43,13.82,11.70551048801576,13.432532517722315,13.81960286162943
Edirne,SPI,9,11,19,0.678,GEV,0.141,True,0.0,9.91,12.21,13.72,14.4,14.87,12.206487294356906,14.400092926284739,14.868519524159684
Edirne,SPI,9,12,15,0.746,GEV,0.215,True,0.0,9.98,12.73,14.47,15.32,15.95,12.727623971521526,15.319033379777164,15.952138712008999
Edirne,SPI,12,1,49,0.169,GEV,0.319,True,0.95,1.51,1.75,1.98,2.1,2.2,1.7536421092300807,2.104865135167661,2.2002423415747905
Edirne,SPI,12,2,45,0.237,Weibull3,0.366,True,1.67,2.77,3.31,3.87,4.23,4.55,3.279508373936224,4.019244799423788,4.236812607918756
Edirne,SPI,12,3,43,0.271,Weibull3,0.451,True,2.29,3.8,4.57,5.39,5.93,6.41,4.513006257457933,5.480781049242566,5.762310759951323
Edirne,SPI,12,4,40,0.322,GEV,0.679,True,2.96,5.01,5.78,6.45,6.8,7.06,5.7845111990476425,6.803691096896164,7.06359172920993
Edirne,SPI,12,5,38,0.356,GEV,0.465,True,3.4,6.04,6.94,7.68,8.05,8.32,6.941593758151329,8.051400179059879,8.316137895996775
Edirne,SPI,12,6,37,0.373,GEV,0.427,True,3.91,7.01,8.07,8.96,9.41,9.74,8.071386282481575,9.41134259707514,9.740653901803363
Edirne,SPI,12,7,36,0.39,GEV,0.382,True,4.37,7.86,9.1,10.19,10.76,11.2,9.100725997993067,10.763719927986678,11.202061384373659
Edirne,SPI,12,8,32,0.458,GEV,0.211,True,3.84,8.69,10.12,11.37,12.03,12.53,10.12295491154598,12.029079726216892,12.533673718493397
Edirne,SPI,12,9,31,0.475,Normal,0.149,True,3.8,9.44,11.08,12.67,13.65,14.52,11.175429898813016,13.378326151703327,13.976046401850066
Edirne,SPI,12,10,30,0.492,Lojistik,0.14,True,2.61,10.19,11.83,13.6,14.83,16.03,12.081863192359258,14.634757392268618,15.380344987338683
Edirne,SPI,12,11,27,0.542,Lojistik,0.205,True,0.0,10.93,12.73,14.62,15.92,17.19,13.050455328521753,15.873614214638867,16.68660682188929
Edirne,SPI,12,12,25,0.576,Lojistik,0.331,True,0.0,11.51,13.53,15.6,17.02,18.39,13.887540243514312,17.18618124510918,18.170484937300408
Kırklareli,SPEI,1,1,59,0.0,Lojistik,0.241,True,1.5,1.88,2.1,2.37,2.57,2.76,2.2078254426929003,2.7647023201366947,2.9774374372232186
Kırklareli,SPEI,1,2,52,0.119,Normal,0.307,True,2.14,2.95,3.36,3.78,4.06,4.3,3.38473293076944,4.245755653414404,4.549526704339154
Kırklareli,SPEI,1,3,39,0.339,GEV,0.235,True,2.08,3.56,4.22,4.88,5.28,5.61,4.222386723822581,5.281285893446939,5.614701325927627
Kırklareli,SPEI,1,4,17,0.712,GEV,0.282,True,0.0,3.49,4.7,5.33,5.58,5.72,4.704011878380589,5.5761489029227125,5.723057869323511
Kırklareli,SPEI,3,1,58,0.017,GEV,0.173,True,1.31,1.89,2.24,2.64,2.91,3.16,2.23583260805188,2.9088239550231494,3.161146965034871
Kırklareli,SPEI,3,2,54,0.085,Gamma3,0.229,True,2.18,3.26,3.9,4.65,5.17,5.66,3.8703720647797333,5.0657403661849205,5.5103572924232775
Kırklareli,SPEI,3,3,48,0.186,Weibull3,0.232,True,2.77,4.36,5.24,6.22,6.88,7.48,5.162060106229395,6.737341199772594,7.315359641306746
Kırklareli,SPEI,3,4,36,0.39,Gamma3,0.227,True,2.81,4.99,6.01,7.11,7.85,8.54,5.996999494145239,7.68185316515358,8.254457175241448
Kırklareli,SPEI,3,5,29,0.508,LN3,0.227,True,0.0,5.33,6.48,7.67,8.44,9.15,6.508049321456384,8.367422785910161,8.973356164927338
Kırklareli,SPEI,3,6,22,0.627,GEV,0.328,True,0.0,5.47,6.63,8.13,9.34,10.66,6.629982551034111,9.340854770247223,10.657296641728594
Kırklareli,SPEI,3,7,17,0.712,LN3,0.222,True,0.0,5.77,7.25,9.25,10.92,12.77,7.208579246827808,10.887874301741029,12.970215121145333
Kırklareli,SPEI,6,1,55,0.068,Gamma3,0.518,True,1.03,1.9,2.49,3.21,3.74,4.26,2.4185117102242524,3.8921993787464584,4.6053038914434605
Kırklareli,SPEI,6,2,49,0.169,Lojistik,0.379,True,2.09,3.2,3.79,4.5,5.01,5.51,4.044815188453207,5.676365077796326,6.3360210876111545
Kırklareli,SPEI,6,3,47,0.203,GEV,0.354,True,2.72,4.44,5.51,6.85,7.83,8.8,5.514527600134397,7.8270998712004785,8.795141479266324
Kırklareli,SPEI,6,4,41,0.305,LN3,0.448,True,3.2,5.57,6.88,8.42,9.51,10.56,6.904047447246225,9.658969920276101,10.765647012198478
Kırklareli,SPEI,6,5,35,0.407,GEV,0.532,True,3.59,6.66,8.26,10.18,11.57,12.92,8.260776376766255,11.568965330728306,12.924036077119158
Kırklareli,SPEI,6,6,30,0.492,GEV,0.572,True,2.28,7.56,9.55,11.85,13.48,15.05,9.547159829512822,13.477480236606667,15.04932969718639
Kırklareli,SPEI,6,7,24,0.593,GEV,0.448,True,0.0,7.7,10.11,13.11,15.42,17.82,10.114704632774803,15.415551652840803,17.817793658785096
Kırklareli,SPEI,6,8,18,0.695,GEV,0.311,True,0.0,7.47,9.79,13.28,16.6,20.75,9.794107062105612,16.597510195562936,20.75295306539328
Kırklareli,SPEI,9,1,55,0.068,Gumbel,0.294,True,0.98,1.62,2.03,2.56,2.94,3.33,2.0804677416801134,3.2377988660338,3.7822010569176183
Kırklareli,SPEI,9,2,47,0.203,Gumbel,0.186,True,1.76,2.98,3.74,4.69,5.39,6.09,3.7729935429098864,5.591498217692402,6.392720510435886
Kırklareli,SPEI,9,3,44,0.254,Gumbel,0.302,True,2.4,4.18,5.26,6.61,7.6,8.58,5.291382340315703,7.80379534236593,8.897412169843388
Kırklareli,SPEI,9,4,37,0.373,GEV,0.21,True,2.75,5.22,6.66,8.49,9.87,11.27,6.662727939440497,9.869104240052764,11.274348652493263
Kırklareli,SPEI,9,5,32,0.458,GEV,0.223,True,2.7,6.04,7.93,10.49,12.59,14.86,7.927500011810297,12.585985360952963,14.86261041833295
Kırklareli,SPEI,9,6,28,0.525,GEV,0.205,True,0.0,6.92,9.18,12.39,15.16,18.31,9.176135777824781,15.160975445238051,18.313318291426857
Kırklareli,SPEI,9,7,27,0.542,GEV,0.213,True,0.0,7.56,10.1,14.09,17.87,22.54,10.098850783795958,17.873561347820818,22.53914040074805
Kırklareli,SPEI,9,8,24,0.593,LN3,0.386,True,0.0,7.87,11.06,16.33,21.29,27.23,10.822532549165976,21.832475473127317,29.70947119171937
Kırklareli,SPEI,9,9,22,0.627,LN3,0.272,True,0.0,8.51,12.2,17.96,23.19,29.28,11.98862468905288,23.340886750393736,30.78652306673608
Kırklareli,SPEI,9,10,21,0.644,LN3,0.22,True,0.0,9.0,12.99,19.38,25.29,32.28,12.735735237047233,25.840475191142488,34.953041098131116
Kırklareli,SPEI,9,11,19,0.678,GEV,0.235,True,0.0,9.58,13.69,20.37,27.13,36.0,13.689085853727232,27.127174135586074,36.00364363077741
Kırklareli,SPEI,9,12,17,0.712,GEV,0.229,True,0.0,10.39,14.75,21.35,27.78,35.99,14.746070835519115,27.77984494880245,35.989729624697475
Kırklareli,SPEI,12,1,50,0.153,Gumbel,0.607,True,0.77,1.47,1.91,2.47,2.88,3.29,1.990047810193989,3.5059538058940984,4.296879980027635
Kırklareli,SPEI,12,2,42,0.288,Gumbel,0.314,True,1.36,2.77,3.61,4.64,5.4,6.16,3.6450937390258193,5.759967603316177,6.7220566399681365
Kırklareli,SPEI,12,3,37,0.373,GEV,0.354,True,1.81,3.86,5.16,6.9,8.3,9.79,5.156974637076606,8.29501594371336,9.788569264484146
Kırklareli,SPEI,12,4,36,0.39,GEV,0.289,True,2.25,4.91,6.63,9.03,11.02,13.22,6.628576268518078,11.023419020868204,13.21866336920658
Kırklareli,SPEI,12,5,35,0.407,GEV,0.335,True,2.66,5.92,7.98,10.83,13.19,15.78,7.977155375412236,13.191602838061437,15.783410934975551
Kırklareli,SPEI,12,6,34,0.424,GEV,0.475,True,2.88,6.92,9.45,12.98,15.93,19.19,9.450777118565139,15.92808474936847,19.188173083649776
Kırklareli,SPEI,12,7,33,0.441,GEV,0.373,True,3.37,7.58,10.37,14.56,18.31,22.68,10.374459717681834,18.305787499972126,22.682472247300208
Kırklareli,SPEI,12,8,27,0.542,GEV,0.229,True,0.0,8.07,11.42,16.91,22.3,29.15,11.42496084362942,22.300099272767785,29.14943934165771
Kırklareli,SPEI,12,9,26,0.559,GEV,0.234,True,0.0,9.01,12.6,18.31,23.78,30.6,12.60139152964934,23.776489393628403,30.60158735578977
Kırklareli,SPEI,12,10,24,0.593,GEV,0.219,True,0.0,9.52,13.37,20.02,26.94,36.2,13.367150658656495,26.941289121742088,36.204491162154085
Kırklareli,SPEI,12,11,22,0.627,GEV,0.224,True,0.0,10.32,14.55,21.23,27.7,35.87,14.550337277733844,27.70283750774815,35.87217569200307
Kırklareli,SPEI,12,12,20,0.661,GEV,0.173,True,0.0,10.89,15.27,22.53,29.94,39.73,15.272279450262644,29.93770367666763,39.7317642297038
Kırklareli,SPI,1,1,59,0.0,LN3,0.394,True,1.62,2.21,2.54,2.93,3.19,3.43,2.5466489751475523,3.1398039831372957,3.3429259468414934
Kırklareli,SPI,1,2,50,0.153,LN3,0.177,True,1.94,2.81,3.29,3.83,4.2,4.55,3.309271435464363,4.21155418719661,4.5328643308740535
Kırklareli,SPI,1,3,35,0.407,LN3,0.177,True,1.65,3.1,3.74,4.45,4.92,5.36,3.748183450032381,4.847782806252992,5.223822583594087
Kırklareli,SPI,1,4,16,0.729,GEV,0.213,True,0.0,2.68,3.34,4.07,4.63,5.2,3.343902054306643,4.62767742332522,5.204545671275497
Kırklareli,SPI,3,1,58,0.017,Weibull3,0.264,True,1.39,2.03,2.38,2.75,3.0,3.22,2.3498381423203414,2.8833533381130927,3.0521777262683463
Kırklareli,SPI,3,2,53,0.102,GEV,0.347,True,2.33,3.4,3.94,4.49,4.83,5.1,3.9439176406875496,4.825639076983831,5.100430928364762
Kırklareli,SPI,3,3,47,0.203,GEV,0.242,True,2.82,4.41,5.24,6.11,6.67,7.15,5.23660185644224,6.670049003142271,7.15385865416501
Kırklareli,SPI,3,4,35,0.407,Normal,0.19,True,2.76,5.19,6.11,7.03,7.6,8.1,6.163482338938741,7.542129321604058,7.942384450671059
Kırklareli,SPI,3,5,28,0.525,GEV,0.207,True,0.0,5.69,6.76,7.83,8.5,9.08,6.759989354905328,8.498701635435474,9.076006196377548
Kırklareli,SPI,3,6,23,0.61,Gumbel,0.217,True,0.0,5.93,7.06,8.35,9.28,10.18,7.0718800159530355,9.140039699738242,9.946584172436987
Kırklareli,SPI,3,7,20,0.661,Gumbel,0.23,True,0.0,6.45,7.91,9.51,10.65,11.75,7.955164336361117,10.237692235452178,11.047010633608668
Kırklareli,SPI,6,1,55,0.068,GEV,0.67,True,1.17,1.78,2.06,2.32,2.47,2.58,2.060169318735351,2.46746758294467,2.5796777237270643
Kırklareli,SPI,6,2,50,0.153,GEV,0.389,True,1.98,3.12,3.75,4.43,4.86,5.25,3.7456836081984495,4.864549048836899,5.253470552736495
Kırklareli,SPI,6,3,44,0.254,GEV,0.15,True,2.68,4.35,5.21,6.14,6.73,7.26,5.207861105540381,6.732789862812092,7.260645417963197
Kırklareli,SPI,6,4,41,0.305,LN3,0.217,True,3.33,5.44,6.53,7.74,8.56,9.34,6.551629364404202,8.541493939928952,9.251594196101022
Kırklareli,SPI,6,5,37,0.373,LN3,0.34,True,3.51,6.44,7.81,9.3,10.3,11.24,7.847747122967097,10.307280885911112,11.166069933449592
Kırklareli,SPI,6,6,29,0.508,Lojistik,0.287,True,0.0,7.35,8.76,10.28,11.33,12.36,9.0669801589619,12.010841721462246,13.033349292474808
Kırklareli,SPI,6,7,24,0.593,Gumbel,0.23,True,0.0,7.56,9.56,11.87,13.52,15.13,9.545242403759065,13.7810068827695,15.602562930668228
Kırklareli,SPI,6,8,16,0.729,GEV,0.203,True,0.0,7.29,10.32,13.34,15.44,17.49,10.322545280160547,15.444520366627358,17.48922306026312
Kırklareli,SPI,9,1,52,0.119,Weibull3,0.16,True,0.97,1.61,1.99,2.42,2.71,2.97,1.954278342102147,2.71331427795746,3.015217732325512
Kırklareli,SPI,9,2,51,0.136,Weibull3,0.329,True,1.64,2.87,3.63,4.51,5.13,5.7,3.5475639514422435,5.359384531081419,6.184152685397624
Kırklareli,SPI,9,3,45,0.237,Gamma3,0.291,True,2.3,4.07,5.1,6.32,7.18,7.99,5.0510256103443965,7.2212729387520636,8.115010937324406
Kırklareli,SPI,9,4,42,0.288,Gamma3,0.2,True,2.67,5.02,6.42,8.09,9.27,10.41,6.308306800668002,9.392124364327174,10.742241928612922
Kırklareli,SPI,9,5,35,0.407,GEV,0.263,True,2.66,5.96,7.71,9.8,11.33,12.82,7.705095597979976,11.325331057755527,12.818241774664926
Kırklareli,SPI,9,6,30,0.492,GEV,0.214,True,1.82,6.59,8.72,11.46,13.61,15.87,8.718751273917473,13.613548470554795,15.867582623537597
Kırklareli,SPI,9,7,26,0.559,GEV,0.186,True,0.0,7.39,10.01,13.35,15.97,18.73,10.006386810238416,15.96553629368621,18.72854122464977
Kırklareli,SPI,9,8,25,0.576,GEV,0.222,True,0.0,8.0,10.94,15.16,18.85,23.12,10.941459771499977,18.84698238046371,23.115287351745607
Kırklareli,SPI,9,9,24,0.593,GEV,0.231,True,0.0,8.45,11.84,16.87,21.44,26.88,11.841028154143665,21.43778571090025,26.884005223528447
Kırklareli,SPI,9,10,22,0.627,GEV,0.332,True,0.0,9.0,12.96,18.39,23.04,28.32,12.957488975234764,23.038306958452996,28.324609982849445
Kırklareli,SPI,9,11,21,0.644,GEV,0.391,True,0.0,9.57,13.76,19.64,24.79,30.78,13.759721264362089,24.788498538249662,30.776411316298233
Kırklareli,SPI,9,12,17,0.712,GEV,0.363,True,0.0,9.92,14.9,21.07,26.11,31.7,14.903573843371777,26.112729622732402,31.701977092348923
Kırklareli,SPI,12,1,49,0.169,Gamma3,0.221,True,0.66,1.36,1.83,2.41,2.83,3.25,1.7650564984107926,2.8766099441541213,3.408538620546573
Kırklareli,SPI,12,2,43,0.271,Weibull3,0.39,True,1.09,2.55,3.43,4.46,5.17,5.83,3.318599117745632,5.244038970778993,6.105939525095346
Kırklareli,SPI,12,3,39,0.339,Gumbel,0.44,True,1.5,3.51,4.66,6.08,7.11,8.14,4.712762846376453,7.823947732152796,9.300519265904224
Kırklareli,SPI,12,4,35,0.407,GEV,0.262,True,1.78,4.53,6.18,8.35,10.09,11.92,6.176341606096319,10.085094203916578,11.91711175181251
Kırklareli,SPI,12,5,33,0.441,GEV,0.27,True,2.06,5.38,7.47,10.48,13.06,15.99,7.470792970866603,13.062398765182468,15.991281900550064
Kırklareli,SPI,12,6,32,0.458,GEV,0.288,True,2.13,6.31,8.88,12.58,15.78,19.42,8.876360618707068,15.778317078354709,19.42491618533859
Kırklareli,SPI,12,7,29,0.508,GEV,0.329,True,0.0,7.25,10.27,14.47,17.99,21.92,10.26800480146669,17.994065698257067,21.922863214810917
Kırklareli,SPI,12,8,25,0.576,LN3,0.458,True,0.0,7.83,11.52,17.0,21.76,27.13,11.3521874338925,21.40241312544595,27.251368126787163
Kırklareli,SPI,12,9,24,0.593,GEV,0.529,True,0.0,8.88,12.79,18.31,23.1,28.62,12.787257610727545,23.10269876990928,28.616409453842678
Kırklareli,SPI,12,10,23,0.61,GEV,0.645,True,0.0,9.75,14.1,19.81,24.47,29.56,14.100800752634257,24.468823994971245,29.558028831286983
Kırklareli,SPI,12,11,22,0.627,GEV,0.652,True,0.0,10.27,15.16,21.38,26.33,31.65,15.16358309828443,26.329652053686942,31.647918726216346
Kırklareli,SPI,12,12,20,0.661,Gumbel,0.728,False,0.0,11.05,16.64,22.76,27.09,31.32,16.55220904327819,27.629068540392993,32.33242087863776
Lüleburgaz,SPEI,1,1,59,0.0,Lojistik,0.239,True,1.47,1.86,2.08,2.35,2.55,2.75,2.2331431390174235,2.881977301694322,3.1429803799011142
Lüleburgaz,SPEI,1,2,53,0.102,Lojistik,0.296,True,2.21,2.95,3.37,3.87,4.23,4.58,3.649760068952864,4.722664223109346,5.125044438695968
Lüleburgaz,SPEI,1,3,41,0.305,GEV,0.304,True,2.16,3.51,4.36,5.46,6.3,7.17,4.361627971528008,6.302476773531751,7.169677839909221
Lüleburgaz,SPEI,1,4,22,0.627,LN3,0.124,True,0.0,3.39,4.82,6.61,8.0,9.44,4.758915562039621,7.983875901469331,9.560980413858399
Lüleburgaz,SPEI,3,1,58,0.017,Lojistik,0.925,False,1.35,1.91,2.24,2.63,2.92,3.2,2.496721634735847,3.6231243518489595,4.122179067535705
Lüleburgaz,SPEI,3,2,55,0.068,GEV,0.436,True,2.18,3.44,4.31,5.47,6.37,7.3,4.3135094581768865,6.367331496836254,7.298307900981641
Lüleburgaz,SPEI,3,3,51,0.136,LN3,0.237,True,2.81,4.5,5.75,7.49,8.89,10.38,5.669171436721265,8.942009692321227,10.623898085728866
Lüleburgaz,SPEI,3,4,39,0.339,GEV,0.421,True,2.83,5.15,6.69,8.8,10.52,12.37,6.688095063631625,10.515025559989496,12.374923183048283
Lüleburgaz,SPEI,3,5,34,0.424,GEV,0.239,True,2.7,5.65,7.36,9.64,11.45,13.38,7.364911274150391,11.454496704252161,13.376888735695708
Lüleburgaz,SPEI,3,6,16,0.729,Gamma3,0.289,True,0.0,5.11,8.08,10.97,12.88,14.67,8.390343561300172,12.116638763021285,13.24607360889696
Lüleburgaz,SPEI,3,7,15,0.746,Gumbel,0.427,True,0.0,5.25,8.48,11.54,13.65,15.7,8.583618654509383,13.415722647783632,15.1825431064023
Lüleburgaz,SPEI,6,1,52,0.119,GEV,0.175,True,1.01,1.76,2.34,3.18,3.9,4.7,2.3398863169394986,3.8978564136336304,4.701949065630793
Lüleburgaz,SPEI,6,2,50,0.153,LN3,0.157,True,1.74,3.3,4.46,6.08,7.39,8.79,4.389022791687376,7.66262823372117,9.422305384813459
Lüleburgaz,SPEI,6,3,43,0.271,GEV,0.153,True,2.31,4.45,6.11,8.64,10.92,13.6,6.107202057794064,10.924674727352404,13.603416996196355
Lüleburgaz,SPEI,6,4,38,0.356,GEV,0.127,True,2.62,5.43,7.5,10.63,13.45,16.75,7.496922408507253,13.45061999375325,16.75220514172449
Lüleburgaz,SPEI,6,5,37,0.373,GEV,0.161,True,3.09,6.35,8.88,12.92,16.74,21.41,8.878428408089334,16.73960719360401,21.411104814101083
Lüleburgaz,SPEI,6,6,31,0.475,LN3,0.205,True,2.52,7.48,10.52,14.74,18.19,21.9,10.321290237062628,18.454393507778633,22.881365520590407
Lüleburgaz,SPEI,6,7,23,0.61,LN3,0.271,True,0.0,8.1,11.67,16.35,20.06,24.0,11.509835785073097,20.089474909946723,24.50548107762397
Lüleburgaz,SPEI,6,8,19,0.678,Weibull3,0.335,True,0.0,8.57,12.74,17.77,21.38,24.87,12.316257429090308,22.27487957517122,27.98260097355646
Lüleburgaz,SPEI,6,9,16,0.729,Gumbel,0.542,True,0.0,9.13,13.36,17.55,20.46,23.28,12.224169013452325,25.40851300905583,35.012991186725905
Lüleburgaz,SPEI,6,10,16,0.729,Lojistik,0.512,True,0.0,9.61,14.74,18.71,21.24,23.62,13.445987998450596,24.396853498082933,30.618441712281832
Lüleburgaz,SPEI,9,1,52,0.119,GEV,0.224,True,0.74,1.62,2.42,3.79,5.14,6.87,2.420912084387271,5.1414689089559555,6.8701515708850565
Lüleburgaz,SPEI,9,2,43,0.271,LN3,0.228,True,1.3,3.18,4.69,6.94,8.89,11.06,4.572448045320501,9.607519756350358,12.774396764189309
Lüleburgaz,SPEI,9,3,41,0.305,LN3,0.2,True,1.73,4.46,6.6,9.76,12.45,15.44,6.428838283186972,13.282631683831157,17.48393197717248
Lüleburgaz,SPEI,9,4,35,0.407,LN3,0.176,True,1.69,5.17,8.29,13.41,18.19,23.85,8.025002358391864,19.57532726664358,27.888110939310586
Lüleburgaz,SPEI,9,5,29,0.508,LN3,0.212,True,0.0,6.13,9.89,15.58,20.57,26.24,9.629458260404736,20.66628221506343,27.394457300846312
Lüleburgaz,SPEI,9,6,26,0.559,LN3,0.191,True,0.0,7.03,11.22,17.39,22.71,28.67,10.98213432463033,23.067828670429385,30.31398024095852
Lüleburgaz,SPEI,9,7,24,0.593,Weibull3,0.218,True,0.0,7.82,12.99,19.41,24.08,28.64,12.389543736014936,24.919981415401644,31.898409386207824
Lüleburgaz,SPEI,9,8,20,0.661,Weibull3,0.166,True,0.0,8.85,14.55,20.59,24.58,28.25,14.133006167507558,24.51049141404801,29.033184701126057
Lüleburgaz,SPEI,9,9,18,0.695,Gamma3,0.164,True,0.0,8.72,15.07,21.88,26.56,31.02,14.941371389421956,25.966664948851083,30.558454864275753
Lüleburgaz,SPEI,9,10,17,0.712,Weibull3,0.301,True,0.0,9.04,15.63,23.43,28.98,34.33,15.355645863005535,28.97332151859304,36.00730583642871
Lüleburgaz,SPEI,12,1,46,0.22,GEV,0.412,True,0.57,1.51,2.45,4.26,6.27,9.09,2.4530684749497755,6.273541250602564,9.092639780034986
Lüleburgaz,SPEI,12,2,39,0.339,LN3,0.302,True,1.03,2.63,4.31,7.32,10.33,14.09,4.234611320398656,14.015897672540447,23.32566260458219
Lüleburgaz,SPEI,12,3,37,0.373,LN3,0.316,True,1.19,3.41,6.2,11.92,18.25,26.8,6.143320515048281,25.33946584289958,46.47076829249591
Lüleburgaz,SPEI,12,4,34,0.424,LN3,0.387,True,1.51,4.52,7.53,12.9,18.2,24.78,7.404300227737996,24.132103923420896,39.660985485335594
Lüleburgaz,SPEI,12,5,32,0.458,LN3,0.297,True,1.53,5.35,8.98,15.27,21.39,28.89,8.766579350660596,26.68841497522194,42.269200871110584
Lüleburgaz,SPEI,12,6,29,0.508,LN3,0.219,True,0.0,6.13,10.4,17.57,24.36,32.53,10.119638550682563,26.998062487925644,39.853347994777906
Lüleburgaz,SPEI,12,7,24,0.593,LN3,0.223,True,0.0,7.17,11.87,18.97,25.23,32.39,11.63384897609674,25.3197468183639,33.74857798011946
Lüleburgaz,SPEI,12,8,19,0.678,LN3,0.299,True,0.0,6.39,11.65,19.34,26.06,33.7,11.438465855506166,26.157801085463312,35.19637538457056
Lüleburgaz,SPEI,12,9,18,0.695,LN3,0.45,True,0.0,7.4,13.17,21.13,27.84,35.28,12.867010532898703,28.33662823238687,37.57979320527468
Lüleburgaz,SPEI,12,10,16,0.729,GEV,0.519,True,0.0,7.96,13.83,22.73,31.52,42.9,13.830472567885314,31.516504089693353,42.899685557674005
Lüleburgaz,SPI,1,1,59,0.0,Weibull3,0.571,True,1.77,2.34,2.62,2.91,3.1,3.26,2.6517616913374114,3.1215499705122776,3.2629163218428037
Lüleburgaz,SPI,1,2,52,0.119,Lojistik,0.248,True,2.29,3.12,3.58,4.13,4.53,4.92,3.658504067191524,4.4009345637448725,4.628230107903841
Lüleburgaz,SPI,1,3,37,0.373,Lojistik,0.227,True,2.17,3.4,3.92,4.51,4.93,5.33,4.008497293367761,5.109401178375318,5.501005151883287
Lüleburgaz,SPI,1,4,20,0.661,Weibull3,0.19,True,0.0,3.04,4.3,5.56,6.38,7.12,4.233402762198463,6.321599516072692,7.149632643160695
Lüleburgaz,SPI,3,1,58,0.017,Normal,0.209,True,1.43,2.0,2.3,2.61,2.82,3.0,2.350933202007827,2.9692476205970983,3.181391974543581
Lüleburgaz,SPI,3,2,53,0.102,Weibull3,0.275,True,2.25,3.37,4.04,4.8,5.31,5.79,3.968907026864522,5.401242005629108,5.998212779495994
Lüleburgaz,SPI,3,3,50,0.153,Weibull3,0.333,True,2.85,4.65,5.69,6.87,7.67,8.41,5.587397418782526,7.811202349275569,8.73204858371339
Lüleburgaz,SPI,3,4,38,0.356,Lojistik,0.487,True,3.05,5.42,6.46,7.64,8.49,9.31,6.75603756237551,9.569308750208553,10.718683065131952
Lüleburgaz,SPI,3,5,31,0.475,GEV,0.206,True,2.73,5.62,7.22,9.45,11.32,13.39,7.220715167744826,11.315684234195494,13.38745796996167
Lüleburgaz,SPI,3,6,19,0.678,GEV,0.216,True,0.0,5.07,6.91,10.02,13.29,17.71,6.905873541637408,13.286213237663345,17.712418005973024
Lüleburgaz,SPI,6,1,56,0.051,Lojistik,0.354,True,1.14,1.72,2.06,2.46,2.75,3.04,2.197335644818704,3.08578519940702,3.4389052530184805
Lüleburgaz,SPI,6,2,52,0.119,GEV,0.275,True,1.86,3.13,3.93,4.91,5.62,6.32,3.9254821418717336,5.622559798786608,6.318832117668567
Lüleburgaz,SPI,6,3,44,0.254,GEV,0.336,True,2.5,4.33,5.46,6.89,7.96,9.02,5.464685098215552,7.956338785210491,9.021910282782445
Lüleburgaz,SPI,6,4,37,0.373,Gumbel,0.324,True,2.7,5.35,6.83,8.63,9.95,11.26,6.8489590927569495,10.13108841353234,11.537432384998226
Lüleburgaz,SPI,6,5,34,0.424,GEV,0.239,True,3.04,6.24,8.09,10.5,12.41,14.42,8.085593229661638,12.411806852173362,14.41979826841979
Lüleburgaz,SPI,6,6,29,0.508,GEV,0.248,True,0.0,7.11,9.31,12.1,14.24,16.46,9.311821756733082,14.240220138308798,16.457055720109018
Lüleburgaz,SPI,6,7,24,0.593,GEV,0.237,True,0.0,7.34,9.82,13.06,15.67,18.51,9.81910264752445,15.674193915444146,18.513239470269784
Lüleburgaz,SPI,6,8,22,0.627,GEV,0.474,True,0.0,8.26,11.03,14.36,16.87,19.44,11.032423621440174,16.865900720718756,19.44346769488544
Lüleburgaz,SPI,6,9,19,0.678,GEV,0.433,True,0.0,8.35,11.31,15.02,18.01,21.28,11.306496660038258,18.01311627430554,21.282110620663666
Lüleburgaz,SPI,6,10,19,0.678,GEV,0.262,True,0.0,9.19,12.16,15.91,18.98,22.35,12.15573864888367,18.976916255067525,22.3469030718725
Lüleburgaz,SPI,6,11,18,0.695,GEV,0.427,True,0.0,9.73,12.96,16.82,19.84,23.08,12.957245902666504,19.844285250469362,23.078082258314936
Lüleburgaz,SPI,9,1,52,0.119,GEV,0.379,True,0.94,1.6,2.02,2.55,2.94,3.32,2.0248756260791474,2.936123042527851,3.3158465925241947
Lüleburgaz,SPI,9,2,48,0.186,Gamma3,0.322,True,1.58,3.0,3.91,5.03,5.84,6.63,3.813583259164346,5.7548010690997025,6.60574181640257
Lüleburgaz,SPI,9,3,45,0.237,Gumbel,0.375,True,2.34,4.21,5.37,6.8,7.86,8.91,5.406153745765488,8.140456211296183,9.342238125247768
Lüleburgaz,SPI,9,4,37,0.373,LN3,0.372,True,2.45,5.09,6.68,8.7,10.23,11.79,6.624398744915057,10.223330215367195,11.859538922110406
Lüleburgaz,SPI,9,5,30,0.492,Gumbel,0.355,True,1.72,6.11,7.83,9.89,11.38,12.85,7.821410808882586,12.438254157643588,14.688967919258433
Lüleburgaz,SPI,9,6,28,0.525,Gumbel,0.354,True,0.0,7.04,9.12,11.56,13.33,15.08,9.100976097994385,14.11115337841266,16.417640653862467
Lüleburgaz,SPI,9,7,26,0.559,Gumbel,0.413,True,0.0,8.0,10.32,13.01,14.95,16.86,10.289585909204796,15.701632993644441,18.165162661508305
Lüleburgaz,SPI,9,8,25,0.576,GEV,0.303,True,0.0,8.66,11.31,14.64,17.23,19.96,11.305030120201119,17.23226992066475,19.95703128933988
Lüleburgaz,SPI,9,9,24,0.593,Gumbel,0.299,True,0.0,9.59,12.4,15.62,17.93,20.2,12.356008858078603,18.684200074863742,21.523428100731813
Lüleburgaz,SPI,9,10,23,0.61,Gumbel,0.34,True,0.0,10.19,13.35,16.94,19.51,22.03,13.305542386452464,20.127081548333138,23.122057198620965
Lüleburgaz,SPI,9,11,20,0.661,Gumbel,0.448,True,0.0,10.4,13.52,16.93,19.34,21.7,13.44154950122647,19.973934533433507,22.859657556872026
Lüleburgaz,SPI,9,12,19,0.678,GEV,0.262,True,0.0,10.95,13.95,17.69,20.68,23.91,13.952228761040088,20.675091312913963,23.91397028043869
Lüleburgaz,SPI,12,1,49,0.169,Weibull3,0.364,True,0.75,1.52,1.98,2.53,2.9,3.25,1.9280667193243077,2.9714371815394323,3.4330385335078972
Lüleburgaz,SPI,12,2,46,0.22,Weibull3,0.398,True,1.28,2.82,3.76,4.87,5.65,6.38,3.64957661733587,5.846732283787482,6.8555197765484
Lüleburgaz,SPI,12,3,38,0.356,Lojistik,0.362,True,1.8,4.07,5.07,6.2,7.01,7.8,5.2459921273156045,7.886777882659688,8.976785429304702
Lüleburgaz,SPI,12,4,35,0.407,Lojistik,0.3,True,1.95,5.24,6.52,7.96,8.98,9.97,6.741873744077552,10.118360296912936,11.510432485223024
Lüleburgaz,SPI,12,5,35,0.407,Lojistik,0.364,True,2.3,6.28,7.84,9.58,10.81,12.02,8.074137408354241,12.250191246002352,14.003439253374822
Lüleburgaz,SPI,12,6,34,0.424,Lojistik,0.309,True,2.31,7.25,9.08,11.11,12.55,13.94,9.351059857435537,14.173234099593586,16.180349199206013
Lüleburgaz,SPI,12,7,30,0.492,Lojistik,0.262,True,0.0,8.29,10.32,12.53,14.06,15.56,10.671342685620422,15.776560658499601,17.831043838337482
Lüleburgaz,SPI,12,8,26,0.559,Lojistik,0.304,True,0.0,8.83,11.09,13.44,15.06,16.62,11.33485848890293,16.914576544733855,19.19144393031488
Lüleburgaz,SPI,12,9,26,0.559,Lojistik,0.267,True,0.0,9.78,12.29,14.9,16.69,18.42,12.541147303663505,18.632885079559575,21.09691195619966
Lüleburgaz,SPI,12,10,25,0.576,Lojistik,0.286,True,0.0,10.66,13.44,16.29,18.23,20.11,13.736600447531437,20.192903159150333,22.720675319648723
Lüleburgaz,SPI,12,11,24,0.593,Lojistik,0.223,True,0.0,11.44,14.47,17.52,19.6,21.61,14.810589974542326,21.65210477282578,24.2818953313691
Lüleburgaz,SPI,12,12,24,0.593,Lojistik,0.218,True,0.0,12.2,15.5,18.83,21.1,23.29,15.801875960392183,23.1260229065106,25.928231616201266
Sarıyer,SPEI,1,1,59,0.0,Lojistik,0.33,True,1.6,1.96,2.17,2.42,2.61,2.79,2.2231279686997922,2.654739245219756,2.8061357312964574
Sarıyer,SPEI,1,2,55,0.068,LN3,0.355,True,2.23,2.92,3.28,3.66,3.91,4.13,3.289482013796687,3.823840544602072,3.981613133808158
Sarıyer,SPEI,1,3,45,0.237,Weibull3,0.26,True,2.35,3.6,4.26,4.96,5.41,5.83,4.208485760012561,5.302614140193019,5.67828046458513
Sarıyer,SPEI,1,4,26,0.559,Lojistik,0.31,True,0.0,3.85,4.73,5.64,6.27,6.88,4.8189324217732885,6.201407642754245,6.6149045947638605
Sarıyer,SPEI,3,1,59,0.0,GEV,0.318,True,1.42,1.89,2.16,2.46,2.66,2.84,2.160641862469652,2.65947917885537,2.8361091120424162
Sarıyer,SPEI,3,2,57,0.034,Weibull3,0.272,True,2.35,3.35,3.92,4.57,5.01,5.41,3.8659593970257466,4.898603727669521,5.274402041093458
Sarıyer,SPEI,3,3,52,0.119,Weibull3,0.342,True,3.26,4.58,5.25,5.95,6.39,6.78,5.2584876493895365,6.425612776120855,6.807329854977523
Sarıyer,SPEI,3,4,43,0.271,Normal,0.393,True,3.66,5.41,6.21,7.03,7.55,8.01,6.258657959940752,7.838180678702071,8.377676902500736
Sarıyer,SPEI,3,5,30,0.492,GEV,0.223,True,2.62,5.82,6.9,8.06,8.83,9.54,6.899151635418282,8.834023591457944,9.539350258747394
Sarıyer,SPEI,3,6,22,0.627,Weibull3,0.351,True,0.0,6.19,7.6,9.07,10.04,10.93,7.606868275477608,9.744009810684767,10.508516993708175
Sarıyer,SPEI,3,7,15,0.746,Weibull3,0.262,True,0.0,5.67,7.43,9.3,10.55,11.72,7.5677896484200184,10.196892355607279,11.186672504559489
Sarıyer,SPEI,6,1,55,0.068,Normal,0.322,True,1.24,1.77,2.04,2.32,2.51,2.67,2.056729377920734,2.588472451489685,2.7682671069154665
Sarıyer,SPEI,6,2,53,0.102,Normal,0.428,True,2.23,3.28,3.82,4.38,4.74,5.06,3.8411933159962004,4.879553109087917,5.230119172416002
Sarıyer,SPEI,6,3,48,0.186,Weibull3,0.345,True,2.98,4.62,5.46,6.36,6.93,7.44,5.433203750875482,6.8270351780014895,7.286334438234624
Sarıyer,SPEI,6,4,39,0.339,Gamma3,0.275,True,3.55,5.86,6.91,8.01,8.73,9.38,6.92112201937638,8.513995405961168,9.002157370858502
Sarıyer,SPEI,6,5,37,0.373,LN3,0.305,True,4.16,7.02,8.24,9.5,10.31,11.04,8.264726261048517,10.05552758708909,10.587522115315267
Sarıyer,SPEI,6,6,32,0.458,Gamma3,0.476,True,4.01,7.98,9.37,10.76,11.65,12.45,9.40579337847699,11.445618057456322,12.055564568937747
Sarıyer,SPEI,6,7,25,0.576,Gumbel,0.356,True,0.0,7.8,9.71,11.91,13.5,15.05,9.716607237238494,12.907351339193315,14.080565944530882
Sarıyer,SPEI,6,8,23,0.61,Gumbel,0.197,True,0.0,8.18,10.39,12.89,14.69,16.44,10.4394150981216,13.90877199161479,15.130062729820699
Sarıyer,SPEI,6,9,18,0.695,Gamma3,0.28,True,0.0,7.74,10.16,12.99,15.02,16.99,9.94060129004896,15.155947459313452,17.905940026624165
Sarıyer,SPEI,9,1,53,0.102,GEV,0.243,True,0.97,1.78,2.39,3.25,3.97,4.76,2.3870512591428708,3.969347165112546,4.761992539317043
Sarıyer,SPEI,9,2,46,0.22,Gamma3,0.116,True,1.77,3.29,4.29,5.53,6.44,7.33,4.171610153124968,6.715370124246037,7.9796700977304855
Sarıyer,SPEI,9,3,45,0.237,Weibull3,0.234,True,2.46,4.69,6.02,7.58,8.65,9.65,5.872022819322275,9.007188459763555,10.437906083174838
Sarıyer,SPEI,9,4,39,0.339,GEV,0.373,True,3.06,5.82,7.34,9.13,10.41,11.63,7.335532460509566,10.408539728919255,11.633242839033702
Sarıyer,SPEI,9,5,36,0.39,GEV,0.324,True,3.23,6.72,8.5,10.57,12.02,13.39,8.50380757949655,12.017818761330881,13.388421355949104
Sarıyer,SPEI,9,6,29,0.508,GEV,0.284,True,0.0,7.33,9.34,11.55,13.05,14.45,9.335420430065255,13.049810665215855,14.447607779897291
Sarıyer,SPEI,9,7,25,0.576,LN3,0.185,True,0.0,7.97,10.37,12.91,14.62,16.23,10.384047170417421,14.651423458307516,16.219835310188266
Sarıyer,SPEI,9,8,21,0.644,GEV,0.233,True,0.0,8.68,11.26,14.01,15.91,17.72,11.257717853334572,15.911028595064927,17.7182622363076
Sarıyer,SPEI,9,9,20,0.661,GEV,0.237,True,0.0,9.46,12.11,15.09,17.27,19.44,12.108317503620995,17.26733420128961,19.439879275120155
Sarıyer,SPEI,9,10,19,0.678,LN3,0.199,True,0.0,10.01,12.73,16.04,18.58,21.2,12.663908149151156,18.477911461033493,21.262889757289745
Sarıyer,SPEI,9,11,16,0.729,LN3,0.242,True,0.0,9.87,13.05,16.95,20.03,23.31,13.085362615777445,19.68840494026162,22.903335743925915
Sarıyer,SPEI,9,12,15,0.746,Gumbel,0.275,True,0.0,10.41,14.05,17.52,19.9,22.2,13.780221027138541,20.619660114316236,23.82355039262826
Sarıyer,SPEI,12,1,50,0.153,Lojistik,0.313,True,1.0,1.63,1.97,2.37,2.67,2.95,2.1099010918250727,3.126387200263962,3.556263226088255
Sarıyer,SPEI,12,2,43,0.271,Gamma3,0.328,True,1.65,2.97,3.76,4.7,5.37,6.01,3.710981672209541,5.3707325490402305,6.073821708708906
Sarıyer,SPEI,12,3,43,0.271,GEV,0.399,True,2.4,4.16,5.21,6.49,7.43,8.35,5.207017624533249,7.428729021845823,8.347958606781443
Sarıyer,SPEI,12,4,40,0.322,GEV,0.296,True,2.89,5.33,6.67,8.26,9.37,10.43,6.672188637635006,9.370374749677682,10.433176915141573
Sarıyer,SPEI,12,5,34,0.424,GEV,0.249,True,3.22,6.33,7.9,9.77,11.11,12.42,7.898811225885499,11.113597901091937,12.422719580489863
Sarıyer,SPEI,12,6,30,0.492,LN3,0.225,True,2.53,7.48,9.24,11.22,12.59,13.9,9.260284087305783,12.725108610318323,14.077979626695246
Sarıyer,SPEI,12,7,28,0.525,Lojistik,0.242,True,0.0,8.58,10.24,12.01,13.23,14.42,10.56108583431715,14.392466623379866,15.833187364607015
Sarıyer,SPEI,12,8,27,0.542,LN3,0.207,True,0.0,9.54,11.72,14.07,15.66,17.16,11.758046204558092,15.914247589732248,17.490482826290936
Sarıyer,SPEI,12,9,26,0.559,Gumbel,0.309,True,0.0,10.42,12.61,15.15,16.98,18.78,12.52095583573213,18.15058385473428,20.90130658949667
Sarıyer,SPEI,12,10,25,0.576,Gumbel,0.359,True,0.0,11.31,13.78,16.64,18.7,20.71,13.67911953667575,19.840688318897943,22.806623052760838
Sarıyer,SPEI,12,11,24,0.593,Gumbel,0.362,True,0.0,11.96,14.8,18.07,20.41,22.7,14.704189731601996,21.302911346759576,24.345316530392687
Sarıyer,SPEI,12,12,21,0.644,GEV,0.286,True,0.0,12.67,16.2,20.05,22.76,25.37,16.196722710500257,22.75655316954751,25.373473126875115
Sarıyer,SPI,1,1,59,0.0,Weibull3,0.171,True,1.72,2.18,2.43,2.69,2.87,3.02,2.426448824751909,2.883786211251781,3.04041564598347
Sarıyer,SPI,1,2,56,0.051,Gamma3,0.1,True,2.23,3.04,3.5,4.01,4.35,4.67,3.4945511710484394,4.262406345970302,4.51807235645229
Sarıyer,SPI,1,3,40,0.322,Weibull3,0.389,True,2.07,3.55,4.31,5.15,5.7,6.2,4.251764714380437,5.678190346664598,6.217258210743973
Sarıyer,SPI,1,4,17,0.712,Gamma3,0.297,True,0.0,3.7,4.94,5.94,6.54,7.06,4.971286629708892,6.497864798913986,6.93348208061898
Sarıyer,SPI,3,1,59,0.0,Gumbel,0.344,True,1.45,2.09,2.51,3.05,3.44,3.84,2.446514476935395,3.165513656612487,3.4384577106183936
Sarıyer,SPI,3,2,58,0.017,Gumbel,0.255,True,2.33,3.51,4.3,5.28,6.01,6.74,4.260424011346311,5.847664848557937,6.4959527163798505
Sarıyer,SPI,3,3,52,0.119,Weibull3,0.231,True,3.03,4.75,5.7,6.74,7.43,8.05,5.62374772417618,7.43630352119523,8.110202263775584
Sarıyer,SPI,3,4,41,0.305,Weibull3,0.405,True,3.15,5.45,6.75,8.24,9.24,10.18,6.628096273883108,9.006228962601345,9.93577197375004
Sarıyer,SPI,3,5,31,0.475,Gamma3,0.245,True,2.9,6.14,7.42,8.82,9.76,10.64,7.397797602010128,9.622884774949151,10.424216603748945
Sarıyer,SPI,3,6,22,0.627,LN3,0.392,True,0.0,5.92,7.48,9.72,11.63,13.76,7.482281091583855,11.222421567689471,13.190131662264687
Sarıyer,SPI,3,7,15,0.746,GEV,0.428,True,0.0,5.63,7.37,9.12,10.4,11.68,7.36586870698527,10.39787937713918,11.683091220438794
Sarıyer,SPI,6,1,57,0.034,Weibull3,0.271,True,1.17,1.96,2.42,2.95,3.3,3.63,2.365239961483952,3.2008433770905347,3.511510407452407
Sarıyer,SPI,6,2,52,0.119,GEV,0.352,True,2.19,3.54,4.28,5.11,5.64,6.12,4.283284880463574,5.642319376645192,6.120796931137425
Sarıyer,SPI,6,3,48,0.186,Weibull3,0.372,True,2.98,4.96,5.99,7.1,7.83,8.48,5.93047568950735,7.743936057447713,8.373917599889682
Sarıyer,SPI,6,4,43,0.271,Weibull3,0.194,True,3.51,6.07,7.32,8.64,9.49,10.25,7.267495411531173,9.337233390850232,10.024718191732859
Sarıyer,SPI,6,5,37,0.373,GEV,0.196,True,4.08,7.15,8.51,9.91,10.76,11.5,8.512486797902659,10.764735860214149,11.50103328455638
Sarıyer,SPI,6,6,36,0.39,GEV,0.152,True,4.62,7.98,9.51,11.15,12.2,13.13,9.514168008758917,12.196401620152693,13.125740637466286
Sarıyer,SPI,6,7,29,0.508,LN3,0.212,True,0.0,8.16,9.99,11.95,13.27,14.51,10.00219707086596,13.139369723919557,14.237195310699452
Sarıyer,SPI,6,8,28,0.525,GEV,0.194,True,0.0,8.69,10.65,12.64,13.89,14.99,10.6458138303786,13.891815672096392,14.991421384415847
Sarıyer,SPI,6,9,22,0.627,GEV,0.167,True,0.0,8.42,10.87,13.2,14.64,15.88,10.865694266387234,14.639411093539854,15.884108670994229
Sarıyer,SPI,6,10,15,0.746,Normal,0.269,True,0.0,6.7,10.95,13.89,15.52,16.89,10.957588660854348,15.443991718964533,16.65084699779227
Sarıyer,SPI,9,1,54,0.085,GEV,0.404,True,1.07,1.78,2.19,2.64,2.94,3.21,2.189683835396538,2.9441195696163067,3.214779713852583
Sarıyer,SPI,9,2,47,0.203,LN3,0.37,True,1.95,3.27,4.07,5.04,5.73,6.42,4.0313298264839545,5.504555885188666,6.067004504886173
Sarıyer,SPI,9,3,45,0.237,Weibull3,0.365,True,2.68,4.69,5.79,7.0,7.8,8.54,5.701772653415067,7.553892120798897,8.213008277137977
Sarıyer,SPI,9,4,40,0.322,Weibull3,0.265,True,3.38,5.9,7.14,8.47,9.33,10.1,7.0576170592697185,9.370716131393628,10.222506561153455
Sarıyer,SPI,9,5,37,0.373,Weibull3,0.188,True,3.51,6.72,8.27,9.91,10.97,11.93,8.135138342318415,11.06748446484155,12.184322792131866
Sarıyer,SPI,9,6,33,0.441,Weibull3,0.182,True,3.73,7.3,9.24,11.46,12.97,14.4,9.061745495018247,12.83193149790332,14.428106577240309
Sarıyer,SPI,9,7,29,0.508,Weibull3,0.257,True,0.0,8.01,10.25,12.81,14.56,16.2,10.103547302839278,14.1955519823269,15.889234750531173
Sarıyer,SPI,9,8,26,0.559,GEV,0.248,True,0.0,8.88,11.11,13.7,15.57,17.4,11.109795059087588,15.565323099235648,17.39830459737554
Sarıyer,SPI,9,9,24,0.593,Lojistik,0.242,True,0.0,10.09,12.25,14.43,15.92,17.35,12.233783525212862,16.701175478394653,18.40140594584929
Sarıyer,SPI,9,10,22,0.627,GEV,0.19,True,0.0,10.47,13.05,15.77,17.61,19.33,13.049945627348881,17.610885105494354,19.328827803338207
Sarıyer,SPI,9,11,21,0.644,LN3,0.205,True,0.0,10.8,13.48,16.51,18.68,20.83,13.457330641284557,18.529054786962032,20.629502384041423
Sarıyer,SPI,9,12,16,0.729,GEV,0.351,True,0.0,9.94,13.6,17.24,19.75,22.18,13.604814839689215,19.746704528363487,22.18053649926628
Sarıyer,SPI,12,1,49,0.169,GEV,0.45,True,1.02,1.68,1.99,2.29,2.47,2.6,1.9949889242561958,2.4658896412113127,2.6032832897368188
Sarıyer,SPI,12,2,45,0.237,Normal,0.315,True,1.84,3.09,3.67,4.27,4.66,5.0,3.694979686980856,4.710843690366857,5.03338362362957
Sarıyer,SPI,12,3,42,0.288,LN3,0.206,True,2.42,4.32,5.29,6.36,7.08,7.76,5.2963619150238,6.947053380861811,7.505930028980226
Sarıyer,SPI,12,4,39,0.339,GEV,0.181,True,2.75,5.44,6.75,8.15,9.05,9.85,6.753776377088013,9.052608324044876,9.847674653076783
Sarıyer,SPI,12,5,34,0.424,LN3,0.16,True,2.84,6.44,8.01,9.72,10.88,11.96,8.030452615824052,10.792324398632246,11.758974811643032
Sarıyer,SPI,12,6,31,0.475,LN3,0.141,True,3.43,7.37,9.12,11.16,12.63,14.06,9.077820076526734,12.576263551250836,14.006436534414263
Sarıyer,SPI,12,7,29,0.508,Gumbel,0.153,True,0.0,8.22,10.15,12.42,14.08,15.7,10.145224860732622,14.208558477692673,15.924386374244774
Sarıyer,SPI,12,8,27,0.542,LN3,0.195,True,0.0,9.06,11.22,13.97,16.08,18.27,11.154965342024092,15.88123874442038,18.0722775477943
Sarıyer,SPI,12,9,26,0.559,Gamma3,0.15,True,0.0,10.15,12.58,15.39,17.36,19.26,12.41277719091781,17.302065592268505,19.4494391579749
Sarıyer,SPI,12,10,25,0.576,LN3,0.336,True,0.0,10.78,13.37,16.91,19.8,22.91,13.308949764964662,19.380679776149776,22.451167753778815
Sarıyer,SPI,12,11,24,0.593,Weibull3,0.291,True,0.0,11.52,14.56,18.15,20.67,23.08,14.338937596223374,20.496361102104167,23.400983813007198
Sarıyer,SPI,12,12,22,0.627,Weibull3,0.244,True,0.0,12.01,15.41,19.38,22.16,24.82,15.166311397103788,22.18841710440401,25.59022350256324
Tekirdağ,SPEI,1,1,59,0.0,Lojistik,0.368,True,1.53,1.84,2.03,2.25,2.41,2.57,2.0921336345618915,2.489584618850896,2.630684184982794
Tekirdağ,SPEI,1,2,55,0.068,LN3,0.363,True,2.18,2.97,3.42,3.93,4.28,4.62,3.445683493722486,4.308365458172442,4.61875024903817
Tekirdağ,SPEI,1,3,41,0.305,GEV,0.271,True,2.08,3.59,4.35,5.19,5.74,6.24,4.354876754415429,5.7439182554324955,6.236460293154419
Tekirdağ,SPEI,1,4,25,0.576,Gamma3,0.159,True,0.0,4.02,4.95,5.86,6.43,6.94,4.973182813623262,6.355015828817683,6.781671600632446
Tekirdağ,SPEI,1,5,18,0.695,GEV,0.183,True,0.0,3.7,5.19,6.44,7.16,7.76,5.190931552652668,7.162874526947149,7.761647786235338
Tekirdağ,SPEI,3,1,59,0.0,GEV,0.209,True,1.36,1.83,2.07,2.33,2.48,2.61,2.0745921739946187,2.4843465218087495,2.6140157151499714
Tekirdağ,SPEI,3,2,54,0.085,Gumbel,0.408,True,2.26,3.27,3.94,4.77,5.38,6.0,3.75416677746317,4.600719199876812,4.8828640764205
Tekirdağ,SPEI,3,3,50,0.153,Weibull3,0.447,True,3.08,4.45,5.23,6.11,6.7,7.24,5.155245531707886,6.6201111236324195,7.175477037459865
Tekirdağ,SPEI,3,4,43,0.271,Weibull3,0.309,True,3.26,5.22,6.35,7.66,8.54,9.37,6.234386578331973,8.232646038351154,9.000147969524125
Tekirdağ,SPEI,3,5,32,0.458,Weibull3,0.381,True,2.65,5.83,7.39,9.12,10.27,11.34,7.301465638433168,9.920238561576568,10.896221461559573
Tekirdağ,SPEI,3,6,22,0.627,Lojistik,0.442,True,0.0,6.29,8.13,9.91,11.11,12.26,8.091201242816592,11.061450404204823,12.03662443637742
Tekirdağ,SPEI,3,7,16,0.729,Lojistik,0.272,True,0.0,5.91,8.84,11.12,12.57,13.93,8.976333244083996,12.249058043468661,13.091658458566116
Tekirdağ,SPEI,6,1,56,0.051,GEV,0.425,True,1.03,1.77,2.33,3.12,3.77,4.48,2.3285438305252963,3.768325482020975,4.482474289949474
Tekirdağ,SPEI,6,2,52,0.119,GEV,0.167,True,1.8,3.18,4.26,5.84,7.22,8.78,4.257772272560769,7.218122269683836,8.775267155525416
Tekirdağ,SPEI,6,3,45,0.237,GEV,0.201,True,2.31,4.41,5.97,8.28,10.28,12.56,5.974829043215766,10.284785448854198,12.558121329715785
Tekirdağ,SPEI,6,4,39,0.339,LN3,0.186,True,2.65,5.59,7.61,10.35,12.55,14.88,7.479491567298082,12.699645208948608,15.392621446896744
Tekirdağ,SPEI,6,5,34,0.424,Gamma3,0.263,True,2.6,6.84,9.46,12.69,15.05,17.36,9.15554549500287,14.719740494879053,17.326701510445545
Tekirdağ,SPEI,6,6,31,0.475,Weibull3,0.217,True,2.35,7.96,10.9,14.25,16.54,18.69,10.565732799708126,16.57913587179212,19.261416233536796
Tekirdağ,SPEI,6,7,26,0.559,GEV,0.205,True,0.0,8.83,11.9,15.39,17.84,20.2,11.901191450971313,17.83924041918182,20.203252870499107
Tekirdağ,SPEI,6,8,22,0.627,Gumbel,0.241,True,0.0,9.27,12.53,16.18,18.79,21.35,12.508450890305573,18.961751766787234,21.650279806655952
Tekirdağ,SPEI,6,9,18,0.695,Gumbel,0.266,True,0.0,8.4,12.39,16.6,19.55,22.43,12.262925160688791,20.074310350008556,23.467211632572035
Tekirdağ,SPEI,6,10,16,0.729,Gamma3,0.219,True,0.0,8.76,13.13,17.96,21.36,24.63,13.050186916656916,20.91090058738458,24.494331106812194
Tekirdağ,SPEI,9,1,53,0.102,Gumbel,0.247,True,0.89,1.6,2.06,2.64,3.07,3.5,2.113015312621656,3.3767685484585033,3.968047759656391
Tekirdağ,SPEI,9,2,45,0.237,GEV,0.274,True,1.44,3.0,4.05,5.49,6.65,7.87,4.054559342590972,6.645040011955775,7.871532488947478
Tekirdağ,SPEI,9,3,41,0.305,Weibull3,0.394,True,1.72,4.25,5.97,8.12,9.68,11.2,5.709495602955101,9.723238928607593,11.735634903829819
Tekirdağ,SPEI,9,4,35,0.407,Gumbel,0.399,True,2.01,5.48,7.32,9.56,11.2,12.81,7.334607494027743,11.493727182338475,13.298269390220042
Tekirdağ,SPEI,9,5,33,0.441,Lojistik,0.366,True,1.53,6.92,8.78,10.84,12.3,13.71,8.908465562554278,13.5329716578562,15.42126212778135
Tekirdağ,SPEI,9,6,32,0.458,GEV,0.311,True,2.07,7.89,10.43,13.32,15.31,17.18,10.433826815018577,15.305922101086956,17.177211291583767
Tekirdağ,SPEI,9,7,28,0.525,GEV,0.204,True,0.0,9.05,11.78,14.77,16.78,18.65,11.782052066632332,16.782543695095455,18.65405078457614
Tekirdağ,SPEI,9,8,24,0.593,Gumbel,0.139,True,0.0,9.38,12.55,16.19,18.81,21.37,12.572791547583362,18.461834642909775,20.77995123539378
Tekirdağ,SPEI,9,9,24,0.593,Gumbel,0.178,True,0.0,10.14,13.48,17.31,20.06,22.75,13.489328353490961,19.913576403609554,22.505335486776833
Tekirdağ,SPEI,9,10,21,0.644,Gumbel,0.397,True,0.0,10.73,14.47,18.63,21.58,24.47,14.511157485191472,21.11731051664773,23.663595339817114
Tekirdağ,SPEI,9,11,17,0.712,Gumbel,0.217,True,0.0,10.35,15.24,20.25,23.74,27.14,15.583888236596849,22.424596104776672,24.669380654608485
Tekirdağ,SPEI,9,12,17,0.712,Gumbel,0.196,True,0.0,11.13,16.17,21.33,24.94,28.44,16.61984949283436,23.394897921470807,25.527102081343436
Tekirdağ,SPEI,12,1,48,0.186,Weibull3,0.41,True,0.61,1.53,2.18,2.99,3.59,4.18,2.148713805854909,4.565086929940841,6.082899409008322
Tekirdağ,SPEI,12,2,44,0.254,Weibull3,0.818,False,0.94,2.83,4.31,6.3,7.82,9.35,3.9358527367574867,8.490242961244684,11.36961835406829
Tekirdağ,SPEI,12,3,40,0.322,Lojistik,0.78,False,1.68,4.1,5.23,6.52,7.44,8.34,5.317324945851173,8.61753504418609,10.097817875181672
Tekirdağ,SPEI,12,4,34,0.424,Weibull3,0.44,True,1.75,5.37,7.22,9.27,10.63,11.89,7.110907086973446,10.251758236698066,11.423700098855036
Tekirdağ,SPEI,12,5,30,0.492,Lojistik,0.46,True,0.0,6.89,8.62,10.49,11.79,13.05,8.718488924512116,12.270920187589468,13.56980293633148
Tekirdağ,SPEI,12,6,29,0.508,GEV,0.376,True,0.0,7.86,10.14,12.58,14.18,15.64,10.137565570659795,14.179054102433653,15.63524523352012
Tekirdağ,SPEI,12,7,29,0.508,LN3,0.327,True,0.0,8.77,11.49,14.63,16.88,19.08,11.470511064277439,16.201171345529236,17.967284211326877
Tekirdağ,SPEI,12,8,29,0.508,LN3,0.3,True,0.0,9.69,12.73,16.34,18.96,21.55,12.689717561520347,18.274651565737788,20.465090938333056
Tekirdağ,SPEI,12,9,29,0.508,LN3,0.346,True,0.0,10.53,13.89,18.05,21.17,24.34,13.8092750300852,20.48622963188713,23.316469323913932
Tekirdağ,SPEI,12,10,27,0.542,Gamma3,0.359,True,0.0,10.87,15.0,20.01,23.63,27.16,14.707555765648149,22.710270187202333,26.283908090142
Tekirdağ,SPEI,12,11,26,0.559,Gamma3,0.435,True,0.0,11.69,16.14,21.45,25.25,28.94,15.828238455548927,24.624991671348354,28.568493722860744
Tekirdağ,SPEI,12,12,24,0.593,Gamma3,0.611,True,0.0,12.14,17.12,22.98,27.16,31.21,16.841113915935836,26.425016969846,30.66322356410945
Tekirdağ,SPI,1,1,59,0.0,Gumbel,0.364,True,1.58,2.19,2.6,3.11,3.49,3.87,2.5655437792986566,3.342235495025574,3.6510925300830217
Tekirdağ,SPI,1,2,56,0.051,Weibull3,0.327,True,2.15,3.07,3.59,4.16,4.53,4.88,3.540519606569548,4.5020727534285685,4.852545651803725
Tekirdağ,SPI,1,3,39,0.339,Weibull3,0.193,True,1.99,3.33,4.08,4.92,5.5,6.03,4.001465049153936,5.4403150795074104,6.0239652974457085
Tekirdağ,SPI,1,4,23,0.61,Weibull3,0.433,True,0.0,3.21,4.16,5.16,5.81,6.41,4.221855822982538,5.441489764116407,5.8151585231589085
Tekirdağ,SPI,3,1,58,0.017,LN3,0.184,True,1.46,2.07,2.42,2.81,3.08,3.33,2.4271862947263774,3.0277734436984036,3.2298717638349714
Tekirdağ,SPI,3,2,55,0.068,Weibull3,0.139,True,2.34,3.52,4.17,4.88,5.35,5.78,4.115543463827335,5.266668720553685,5.672943960495914
Tekirdağ,SPI,3,3,49,0.169,LN3,0.169,True,3.16,4.62,5.4,6.26,6.84,7.38,5.400294271530334,6.677251166700496,7.094541012659925
Tekirdağ,SPI,3,4,41,0.305,Weibull3,0.16,True,3.11,5.09,6.3,7.71,8.7,9.63,6.157776935532901,8.906865950092119,10.177683794542554
Tekirdağ,SPI,3,5,29,0.508,Weibull3,0.221,True,0.0,5.32,7.0,8.97,10.34,11.65,6.805898105909597,10.385874593191874,12.085842053323294
Tekirdağ,SPI,3,6,21,0.644,GEV,0.147,True,0.0,5.42,7.31,9.62,11.4,13.28,7.309555697650056,11.402768475704502,13.277704785930409
Tekirdağ,SPI,6,1,55,0.068,Lojistik,0.422,True,1.17,1.7,2.0,2.36,2.62,2.88,2.162767566198123,2.983681376470212,3.3109703745890333
Tekirdağ,SPI,6,2,51,0.136,Gumbel,0.336,True,1.98,3.16,3.92,4.87,5.57,6.26,3.9404510807612434,5.683838171302191,6.437659168258775
Tekirdağ,SPI,6,3,44,0.254,GEV,0.229,True,2.61,4.31,5.4,6.82,7.92,9.05,5.400445691281613,7.92266770569908,9.052354073986836
Tekirdağ,SPI,6,4,40,0.322,Gumbel,0.262,True,2.97,5.35,6.75,8.46,9.72,10.97,6.766881653558652,9.878110448444096,11.210604911925135
Tekirdağ,SPI,6,5,35,0.407,Gumbel,0.237,True,3.48,6.3,7.8,9.63,10.96,12.28,7.847385493622278,12.11811972010725,14.229196231140886
Tekirdağ,SPI,6,6,31,0.475,GEV,0.228,True,3.23,7.02,8.96,11.53,13.57,15.75,8.960626151743384,13.570366145752699,15.747089701288719
Tekirdağ,SPI,6,7,25,0.576,GEV,0.16,True,0.0,7.59,9.75,12.57,14.84,17.29,9.74850208043505,14.838710780685524,17.2885894507817
Tekirdağ,SPI,6,8,22,0.627,GEV,0.33,True,0.0,8.13,10.57,13.49,15.69,17.95,10.574442241760627,15.694302277872257,17.951628574969426
Tekirdağ,SPI,6,9,17,0.712,GEV,0.164,True,0.0,8.36,10.98,14.3,17.07,20.18,10.983355431338572,17.066874669764424,20.176919449772743
Tekirdağ,SPI,6,10,15,0.746,GEV,0.392,True,0.0,8.96,11.69,14.96,17.66,20.7,11.694813743638282,17.655949393122555,20.69645677588707
Tekirdağ,SPI,9,1,52,0.119,GEV,0.166,True,0.95,1.61,2.01,2.5,2.86,3.2,2.0126945354817076,2.856812533671463,3.196967262992314
Tekirdağ,SPI,9,2,46,0.22,Gamma3,0.137,True,1.58,2.95,3.82,4.9,5.67,6.42,3.7310599111960197,5.804491469251619,6.773556768313966
Tekirdağ,SPI,9,3,43,0.271,Gamma3,0.186,True,2.04,4.12,5.45,7.08,8.27,9.42,5.293237513031366,8.37737200881541,9.829987631425597
Tekirdağ,SPI,9,4,38,0.356,GEV,0.146,True,2.44,5.04,6.66,8.78,10.44,12.18,6.656885190640218,10.441982854708357,12.183940335771585
Tekirdağ,SPI,9,5,33,0.441,Gumbel,0.209,True,2.34,6.13,8.02,10.29,11.96,13.6,8.032324699010445,12.328245338116535,14.205101278537255
Tekirdağ,SPI,9,6,29,0.508,Gumbel,0.25,True,0.0,6.85,8.92,11.38,13.16,14.91,8.896246785637533,14.261347929433391,16.833886344973617
Tekirdağ,SPI,9,7,27,0.542,Gumbel,0.273,True,0.0,7.65,10.03,12.83,14.85,16.84,10.008273546859755,15.539821285544166,18.033551755800517
Tekirdağ,SPI,9,8,24,0.593,GEV,0.363,True,0.0,8.43,11.21,14.35,16.58,18.74,11.208125486073014,16.578996141071897,18.741967495868465
Tekirdağ,SPI,9,9,23,0.61,GEV,0.513,True,0.0,9.23,12.07,15.3,17.62,19.89,12.07207483693095,17.61836302032346,19.88851673358259
Tekirdağ,SPI,9,10,21,0.644,Gumbel,0.53,True,0.0,9.71,12.81,16.24,18.69,21.08,12.810598481088483,18.646128693918378,21.005843052118458
Tekirdağ,SPI,9,11,16,0.729,GEV,0.485,True,0.0,10.0,12.94,16.56,19.57,22.96,12.940797101142678,19.57462664436966,22.96358812831061
Tekirdağ,SPI,9,12,16,0.729,GEV,0.535,True,0.0,10.53,13.57,17.27,20.3,23.69,13.570581558705635,20.30335825141881,23.690971558658703
Tekirdağ,SPI,12,1,48,0.186,Weibull3,0.336,True,0.72,1.51,2.01,2.6,3.02,3.41,1.9599354412869043,3.251747906781062,3.8832080120853174
Tekirdağ,SPI,12,2,44,0.254,LN3,0.966,False,1.11,2.6,3.91,5.97,7.83,9.98,3.72721183465196,6.933956097014635,8.720034432154138
Tekirdağ,SPI,12,3,39,0.339,Weibull3,0.393,True,1.47,3.81,5.17,6.74,7.82,8.83,5.030933350201645,8.04122644915521,9.38994342132521
Tekirdağ,SPI,12,4,34,0.424,GEV,0.37,True,1.98,5.08,6.56,8.24,9.39,10.48,6.558359663832549,9.394613733198778,10.481224928689898
Tekirdağ,SPI,12,5,32,0.458,GEV,0.3,True,2.05,6.29,8.06,10.01,11.31,12.51,8.059453207842232,11.308798658088325,12.505363365895768
Tekirdağ,SPI,12,6,31,0.475,Lojistik,0.354,True,1.08,7.5,9.28,11.22,12.58,13.9,9.505630823805564,12.967264696410027,14.155746955165098
Tekirdağ,SPI,12,7,29,0.508,LN3,0.423,True,0.0,8.58,10.78,13.13,14.7,16.17,10.80720057264859,14.625536950983326,15.967276361555589
Tekirdağ,SPI,12,8,28,0.525,LN3,0.468,True,0.0,9.45,11.93,14.59,16.38,18.06,11.946375944923346,16.322919167440332,17.89987097322613
Tekirdağ,SPI,12,9,27,0.542,Gumbel,0.664,True,0.0,10.33,12.95,16.02,18.24,20.41,12.927786761401066,17.708944039040354,19.567505906493928
Tekirdağ,SPI,12,10,25,0.576,Gumbel,0.561,True,0.0,10.92,13.89,17.32,19.79,22.22,13.888003861402932,19.363138885822956,21.50895580008215
Tekirdağ,SPI,12,11,24,0.593,Gumbel,0.582,True,0.0,11.58,14.83,18.56,21.24,23.86,14.8392363241781,20.90268987045656,23.30147563620276
Tekirdağ,SPI,12,12,23,0.61,GEV,0.377,True,0.0,12.33,15.48,19.44,22.55,25.84,15.476805666321514,22.547917759764587,25.838033933379144
Uzunköprü,SPEI,1,1,59,0.0,Gumbel,0.648,True,1.48,2.01,2.37,2.81,3.15,3.48,2.3721960650260936,3.16675255985279,3.5051100007361864
Uzunköprü,SPEI,1,2,51,0.136,LN3,0.476,True,2.12,3.16,3.78,4.51,5.03,5.53,3.8146657045879016,5.152787576774076,5.688859143812108
Uzunköprü,SPEI,1,3,38,0.356,GEV,0.302,True,1.93,3.63,4.57,5.69,6.49,7.27,4.571461126064534,6.491785262665237,7.267512637526808
Uzunköprü,SPEI,1,4,25,0.576,GEV,0.33,True,0.0,3.67,5.0,6.47,7.49,8.47,4.995376500223218,7.494356573869671,8.470102296942137
Uzunköprü,SPEI,1,5,17,0.712,GEV,0.343,True,0.0,3.59,4.9,6.86,8.75,11.12,4.902617195701309,8.745157441367084,11.122136789816015
Uzunköprü,SPEI,3,1,59,0.0,Weibull3,0.193,True,1.34,1.87,2.14,2.42,2.61,2.77,2.1265124897876353,2.5398792305377236,2.6648554868690084
Uzunköprü,SPEI,3,2,51,0.136,LN3,0.135,True,2.24,3.19,3.74,4.38,4.82,5.24,3.7386102232965808,4.763831765736678,5.1379212452145016
Uzunköprü,SPEI,3,3,48,0.186,Weibull3,0.418,True,2.74,4.32,5.21,6.22,6.89,7.51,5.123906717188412,6.857268606893507,7.533014054628696
Uzunköprü,SPEI,3,4,37,0.373,Lojistik,0.396,True,3.19,5.3,6.2,7.21,7.93,8.64,6.31078190688204,8.121535251628647,8.760356929845388
Uzunköprü,SPEI,3,5,32,0.458,Lojistik,0.408,True,2.43,5.68,6.71,7.84,8.64,9.41,6.817193239043773,9.047746226921742,9.87504956481661
Uzunköprü,SPEI,3,6,23,0.61,Lojistik,0.229,True,0.0,5.91,7.06,8.2,8.97,9.72,7.220738739636089,9.422364335404712,10.1631325094366
Uzunköprü,SPEI,3,7,18,0.695,LN3,0.16,True,0.0,6.01,7.86,9.51,10.54,11.46,7.88089938067281,10.568833657028545,11.443829366025598
Uzunköprü,SPEI,6,1,54,0.085,GEV,0.4,True,1.15,1.69,1.94,2.17,2.3,2.4,1.9386238504220994,2.302162241420634,2.402599279223443
Uzunköprü,SPEI,6,2,50,0.153,Normal,0.163,True,2.08,3.02,3.48,3.97,4.28,4.56,3.511381585741331,4.320612015591253,4.576968152018118
Uzunköprü,SPEI,6,3,45,0.237,Weibull3,0.235,True,2.73,4.21,4.93,5.68,6.16,6.59,4.913508449660398,6.169233534268546,6.590768441897134
Uzunköprü,SPEI,6,4,42,0.288,Weibull3,0.23,True,3.24,5.26,6.22,7.21,7.83,8.39,6.1871817074656885,7.897029704490774,8.483827558000321
Uzunköprü,SPEI,6,5,36,0.39,Normal,0.38,True,3.59,6.37,7.47,8.55,9.23,9.84,7.379364472454795,9.828693860945435,10.768455335350978
Uzunköprü,SPEI,6,6,33,0.441,Normal,0.498,True,3.46,7.28,8.6,9.89,10.69,11.39,8.486358811449524,11.27220987106858,12.314679869371178
Uzunköprü,SPEI,6,7,23,0.61,Lojistik,0.199,True,0.0,8.02,9.56,11.08,12.12,13.11,9.740073031019774,12.561056952155496,13.478432506029591
Uzunköprü,SPEI,6,8,20,0.661,LN3,0.171,True,0.0,8.88,10.61,12.35,13.5,14.59,10.613921344907855,13.515013248339663,14.577949768640174
Uzunköprü,SPEI,6,9,17,0.712,Lojistik,0.2,True,0.0,9.61,11.59,13.23,14.28,15.28,11.664874479119613,14.951534794544692,16.06922398492283
Uzunköprü,SPEI,6,10,16,0.729,GEV,0.168,True,0.0,10.34,12.25,14.42,16.11,17.91,12.248474813724178,16.11186398727314,17.914903801542664
Uzunköprü,SPEI,9,1,49,0.169,GEV,0.346,True,0.84,1.55,2.08,2.85,3.51,4.24,2.080896624589438,3.5064214055583927,4.238837853138261
Uzunköprü,SPEI,9,2,47,0.203,GEV,0.327,True,1.47,2.87,3.91,5.43,6.72,8.17,3.913675052904065,6.720536861945417,8.17028073975578
Uzunköprü,SPEI,9,3,43,0.271,LN3,0.351,True,1.94,3.97,5.42,7.42,9.02,10.73,5.3304127512110195,9.066463084975123,10.985498007968442
Uzunköprü,SPEI,9,4,37,0.373,Gumbel,0.576,True,2.48,5.16,6.66,8.48,9.82,11.14,6.738514566306966,11.664234546703451,14.295082967103253
Uzunköprü,SPEI,9,5,31,0.475,Lojistik,0.588,True,0.17,6.4,8.13,10.01,11.33,12.61,8.179548719607704,13.181598202119265,15.48179357990535
Uzunköprü,SPEI,9,6,28,0.525,Lojistik,0.379,True,0.0,7.58,9.55,11.65,13.1,14.51,9.651571886721504,14.445381367030851,16.411394094432737
Uzunköprü,SPEI,9,7,27,0.542,GEV,0.24,True,0.0,8.45,11.14,14.16,16.26,18.25,11.142742266715004,16.25800523971644,18.249369800557215
Uzunköprü,SPEI,9,8,25,0.576,LN3,0.208,True,0.0,9.5,12.48,15.67,17.82,19.85,12.506240227362724,17.83113453478272,19.794620302412817
Uzunköprü,SPEI,9,9,25,0.576,Lojistik,0.236,True,0.0,10.7,13.44,16.25,18.17,20.03,13.651703093301196,19.426689039379614,21.560639553187244
Uzunköprü,SPEI,9,10,22,0.627,Lojistik,0.282,True,0.0,11.56,14.68,17.7,19.74,21.69,14.957905517614186,21.14083253969427,23.330194317067637
Uzunköprü,SPEI,9,11,20,0.661,GEV,0.342,True,0.0,12.37,15.98,19.75,22.31,24.72,15.982401833511858,22.309554137585685,24.722398363955442
Uzunköprü,SPEI,9,12,19,0.678,Lojistik,0.334,True,0.0,13.51,16.95,20.03,22.06,23.99,17.118553412049746,23.851006217736916,26.37502523109944
Uzunköprü,SPEI,12,1,46,0.22,Gumbel,0.441,True,0.73,1.51,2.0,2.61,3.06,3.5,2.0455544448130576,3.441278948939683,4.11565363591361
Uzunköprü,SPEI,12,2,38,0.356,Gumbel,0.323,True,1.12,2.82,3.78,4.96,5.83,6.68,3.8231536393095698,6.460148170472793,7.726252054563595
Uzunköprü,SPEI,12,3,32,0.458,Lojistik,0.402,True,0.42,4.22,5.42,6.74,7.66,8.56,5.6525178674467,9.10149621897412,10.604780073357748
Uzunköprü,SPEI,12,4,30,0.492,Gumbel,0.374,True,0.51,5.33,7.23,9.48,11.12,12.73,7.233457243071684,11.757651474752656,13.808017856546229
Uzunköprü,SPEI,12,5,30,0.492,Gumbel,0.327,True,0.67,6.48,8.76,11.48,13.45,15.4,8.764174041933241,14.364208699374304,16.94570815718349
Uzunköprü,SPEI,12,6,28,0.525,Lojistik,0.339,True,0.0,7.73,9.87,12.13,13.71,15.23,10.161137661933644,16.295143223600903,19.050051413133943
Uzunköprü,SPEI,12,7,27,0.542,Lojistik,0.342,True,0.0,8.74,11.12,13.63,15.36,17.03,11.427218349238533,18.089497758245237,21.047928071164208
Uzunköprü,SPEI,12,8,24,0.593,Lojistik,0.403,True,0.0,9.72,12.41,15.11,16.95,18.72,12.63829054053088,19.73401346590376,22.877428389797892
Uzunköprü,SPEI,12,9,23,0.61,Gumbel,0.401,True,0.0,10.52,13.86,17.66,20.37,23.03,13.772924623709393,21.352853444318,24.801145999404028
Uzunköprü,SPEI,12,10,23,0.61,Gumbel,0.265,True,0.0,11.48,14.94,18.88,21.69,24.45,14.78730833537386,23.079347707431907,27.01198218575833
Uzunköprü,SPEI,12,11,21,0.644,GEV,0.248,True,0.0,11.38,15.43,20.82,25.33,30.37,15.431416243576646,25.32883104273744,30.371156849307244
Uzunköprü,SPEI,12,12,21,0.644,Gumbel,0.356,True,0.0,12.72,16.92,21.58,24.9,28.14,16.505217005176743,27.248157782906105,32.790518437331095
Uzunköprü,SPI,1,1,59,0.0,Gumbel,0.213,True,1.52,2.12,2.51,3.0,3.37,3.73,2.5081569648422954,3.369894427752726,3.7341148401395423
Uzunköprü,SPI,1,2,52,0.119,GEV,0.243,True,1.99,2.97,3.58,4.33,4.87,5.4,3.576535204434942,4.873160839880983,5.404593803308183
Uzunköprü,SPI,1,3,34,0.424,GEV,0.349,True,1.77,3.19,3.91,4.77,5.38,5.97,3.913873555968716,5.378956613738577,5.973179431514084
Uzunköprü,SPI,1,4,21,0.644,Weibull3,0.156,True,0.0,3.49,4.37,5.14,5.59,5.98,4.384013147347227,5.517449600311473,5.8441691027535665
Uzunköprü,SPI,3,1,58,0.017,GEV,0.346,True,1.37,1.97,2.31,2.68,2.92,3.13,2.3055383369187847,2.917311596630957,3.1300355445390067
Uzunköprü,SPI,3,2,51,0.136,GEV,0.433,True,2.36,3.41,3.92,4.44,4.75,5.0,3.922105702824499,4.745694963910354,4.998332681689222
Uzunköprü,SPI,3,3,44,0.254,GEV,0.244,True,3.03,4.66,5.39,6.07,6.45,6.76,5.385280164925439,6.454167296097198,6.761422580640447
Uzunköprü,SPI,3,4,36,0.39,Weibull3,0.163,True,3.26,5.64,6.5,7.3,7.78,8.19,6.532496148079293,7.6292941346427465,7.909360523628637
Uzunköprü,SPI,3,5,30,0.492,Weibull3,0.328,True,2.35,6.12,7.07,7.96,8.49,8.94,7.124204235686856,8.19832849198769,8.457418926205337
Uzunköprü,SPI,3,6,25,0.576,Weibull3,0.36,True,0.0,6.46,7.46,8.26,8.71,9.08,7.520887524039879,8.724109063718029,9.007086488506658
Uzunköprü,SPI,3,7,20,0.661,Weibull3,0.195,True,0.0,6.57,8.01,9.1,9.69,10.17,8.140735705642081,9.544171794194057,9.835134324749603
Uzunköprü,SPI,6,1,53,0.102,GEV,0.656,True,1.21,1.84,2.11,2.35,2.48,2.58,2.113789219027804,2.481620963740432,2.575934309229475
Uzunköprü,SPI,6,2,46,0.22,GEV,0.644,True,2.12,3.29,3.76,4.17,4.38,4.54,3.760650111066851,4.3825495695902195,4.539150872747587
Uzunköprü,SPI,6,3,43,0.271,GEV,0.624,True,2.81,4.54,5.24,5.85,6.17,6.41,5.236989373563673,6.167310474402672,6.40773869090674
Uzunköprü,SPI,6,4,42,0.288,GEV,0.548,True,3.45,5.59,6.5,7.35,7.83,8.2,6.501094774126944,7.828751512091535,8.204495630169202
Uzunköprü,SPI,6,5,37,0.373,GEV,0.514,True,3.55,6.41,7.6,8.77,9.45,10.02,7.602965047762866,9.452132777826307,10.017779268258186
Uzunköprü,SPI,6,6,34,0.424,GEV,0.392,True,3.68,7.32,8.67,9.95,10.68,11.28,8.671060466471062,10.682055427848168,11.278552110916936
Uzunköprü,SPI,6,7,26,0.559,GEV,0.322,True,0.0,8.24,9.71,10.95,11.61,12.11,9.711478238493594,11.609423847615062,12.114767981004182
Uzunköprü,SPI,6,8,23,0.61,GEV,0.339,True,0.0,9.12,10.77,12.0,12.59,13.0,10.773869146977994,12.586570955201323,13.004605090614469
Uzunköprü,SPI,6,9,20,0.661,Lojistik,0.236,True,0.0,10.08,11.56,12.93,13.84,14.71,11.78518846584809,13.797182063200895,14.29086340744352
Uzunköprü,SPI,6,10,18,0.695,Lojistik,0.148,True,0.0,10.93,12.4,13.66,14.49,15.27,12.475953590793859,14.714371757550927,15.399333776037675
Uzunköprü,SPI,6,11,15,0.746,Lojistik,0.173,True,0.0,11.2,13.26,14.74,15.67,16.54,13.330007774289435,15.981853017445061,16.74552776767151
Uzunköprü,SPI,9,1,50,0.153,Weibull3,0.431,True,0.89,1.58,1.96,2.39,2.67,2.92,1.9162179911715655,2.451918460550613,2.623060418344226
Uzunköprü,SPI,9,2,42,0.288,Weibull3,0.578,True,1.57,2.97,3.69,4.47,4.98,5.44,3.6327954487132477,4.525636430144803,4.786590367575891
Uzunköprü,SPI,9,3,40,0.322,Weibull3,0.831,False,2.1,4.11,5.21,6.42,7.24,7.99,5.110325599391173,6.457536448651849,6.86822943480467
Uzunköprü,SPI,9,4,36,0.39,Weibull3,0.836,False,2.46,5.31,6.66,8.09,9.02,9.85,6.670183545854553,7.895046911490532,8.185614834621383
Uzunköprü,SPI,9,5,30,0.492,GEV,0.494,True,0.0,6.9,8.2,9.17,9.61,9.91,8.20430529958371,9.614177965720785,9.914176638660036
Uzunköprü,SPI,9,6,29,0.508,GEV,0.428,True,0.0,7.91,9.48,10.68,11.24,11.63,9.484911326491755,11.243687075876075,11.634777620582845
Uzunköprü,SPI,9,7,27,0.542,GEV,0.343,True,0.0,8.95,10.76,12.14,12.81,13.28,10.756279034195607,12.805486988654557,13.27596610923408
Uzunköprü,SPI,9,8,26,0.559,GEV,0.312,True,0.0,9.91,11.91,13.44,14.19,14.73,11.90902001012677,14.193730618715357,14.72736145629769
Uzunköprü,SPI,9,9,24,0.593,Weibull3,0.218,True,0.0,10.82,12.96,14.68,15.63,16.42,13.081972562294506,15.685499279847289,16.305664053743246
Uzunköprü,SPI,9,10,22,0.627,Weibull3,0.175,True,0.0,11.6,14.07,16.12,17.28,18.25,18.993864572274475,19.094676867780713,19.09650522404504
Uzunköprü,SPI,9,11,21,0.644,GEV,0.164,True,0.0,12.09,15.04,17.51,18.85,19.92,15.044501032795461,18.85397912763579,19.92083989075472
Uzunköprü,SPI,9,12,17,0.712,GEV,0.216,True,0.0,12.15,16.25,19.09,20.49,21.52,16.254598028468592,20.488649546157614,21.522268502384925
Uzunköprü,SPI,12,1,45,0.237,Weibull3,0.692,True,0.72,1.49,1.92,2.39,2.71,3.0,1.8635314439063175,2.343399901913771,2.4814561427772777
Uzunköprü,SPI,12,2,38,0.356,Weibull3,1.051,False,1.15,2.74,3.64,4.67,5.38,6.03,3.575877986744482,4.471589474306736,4.718939341547152
Uzunköprü,SPI,12,3,33,0.441,GEV,0.651,True,1.15,4.27,5.23,6.04,6.47,6.78,5.228205612032396,6.465223909386628,6.782339127120752
Uzunköprü,SPI,12,4,32,0.458,GEV,0.53,True,1.09,5.51,6.77,7.83,8.39,8.8,6.766267535888655,8.388524864291675,8.80360861560533
Uzunköprü,SPI,12,5,31,0.475,GEV,0.489,True,1.01,6.68,8.21,9.54,10.24,10.78,8.210208236513237,10.242817096761978,10.78201046858488
Uzunköprü,SPI,12,6,30,0.492,GEV,0.404,True,0.0,7.81,9.64,11.23,12.1,12.77,9.63898599603373,12.098520392707979,12.76511615466896
Uzunköprü,SPI,12,7,29,0.508,GEV,0.335,True,0.0,8.89,11.03,12.88,13.88,14.64,11.032592313902644,13.876461952997843,14.640421746430803
Uzunköprü,SPI,12,8,26,0.559,GEV,0.225,True,0.0,10.01,12.36,14.4,15.53,16.41,12.356532206444967,15.526411763544731,16.40904598216274
Uzunköprü,SPI,12,9,25,0.576,Normal,0.212,True,0.0,11.12,13.5,15.69,17.01,18.16,13.494804828535774,17.09849807286193,18.189026196056965
Uzunköprü,SPI,12,10,25,0.576,GEV,0.181,True,0.0,11.89,14.56,17.1,18.62,19.9,14.563007019336204,18.615777084498582,19.896389397035385
Uzunköprü,SPI,12,11,24,0.593,Weibull3,0.128,True,0.0,12.43,15.64,18.76,20.7,22.42,15.648139535515318,20.20521481174577,21.65152243577448
Uzunköprü,SPI,12,12,23,0.61,Gamma3,0.129,True,0.0,13.36,16.71,20.04,22.18,24.14,16.785214296447926,21.758316901662468,23.349615934694782
Çorlu,SPEI,1,1,59,0.0,Lojistik,0.574,True,1.53,1.99,2.25,2.58,2.81,3.04,2.4329795049230274,3.3152233199419294,3.7008782484132596
Çorlu,SPEI,1,2,54,0.085,LN3,0.262,True,2.16,3.06,3.58,4.19,4.62,5.02,3.5896647600269764,4.591359462090882,4.959553064748398
Çorlu,SPEI,1,3,39,0.339,Weibull3,0.424,True,1.82,3.56,4.53,5.61,6.35,7.02,4.446645862492781,6.061837394440745,6.659883891987194
Çorlu,SPEI,1,4,25,0.576,Weibull3,0.312,True,0.0,3.57,4.92,6.38,7.34,8.23,4.8812137610712325,7.1157673457021815,7.957956652953468
Çorlu,SPEI,3,1,58,0.017,LN3,0.198,True,1.38,1.92,2.22,2.55,2.77,2.98,2.2276841486356624,2.7333929733920916,2.898343692459364
Çorlu,SPEI,3,2,54,0.085,Weibull3,0.198,True,2.31,3.42,4.05,4.76,5.23,5.66,3.9994961654344046,5.178759065700886,5.616539975306707
Çorlu,SPEI,3,3,49,0.169,GEV,0.253,True,2.89,4.49,5.38,6.37,7.03,7.62,5.380648655826162,7.030597008198707,7.624832430435219
Çorlu,SPEI,3,4,38,0.356,Weibull3,0.094,True,3.05,5.36,6.41,7.51,8.21,8.83,6.361189037348236,8.162468215801749,8.777896572829878
Çorlu,SPEI,3,5,28,0.525,LN3,0.135,True,0.0,5.89,7.29,8.69,9.59,10.39,7.33022018392028,9.456564486840627,10.115408475656448
Çorlu,SPEI,3,6,21,0.644,Gamma3,0.152,True,0.0,5.83,7.71,9.62,10.88,12.05,7.734361311255192,10.615415255679778,11.608161261868624
Çorlu,SPEI,3,7,18,0.695,Weibull3,0.215,True,0.0,5.97,8.17,10.46,11.96,13.34,8.181149010701406,11.675475033607496,13.03089162149395
Çorlu,SPEI,6,1,54,0.085,Gumbel,0.385,True,1.09,1.79,2.25,2.82,3.25,3.67,2.3051704763095175,3.5786750470410817,4.177422571219166
Çorlu,SPEI,6,2,51,0.136,Lojistik,0.626,True,2.04,3.2,3.84,4.6,5.15,5.69,4.078495624000794,6.174824770692663,7.126156133969448
Çorlu,SPEI,6,3,42,0.288,Gumbel,0.182,True,2.54,4.44,5.57,6.98,8.01,9.03,5.584132832554047,8.094556352022243,9.163179103982092
Çorlu,SPEI,6,4,37,0.373,GEV,0.402,True,2.9,5.55,7.08,9.02,10.49,11.98,7.082372789126818,10.492052399239471,11.98235374885605
Çorlu,SPEI,6,5,33,0.441,GEV,0.156,True,3.25,6.29,8.13,10.69,12.82,15.18,8.130964942690195,12.821883933153021,15.176543236331415
Çorlu,SPEI,6,6,30,0.492,GEV,0.12,True,3.19,6.99,9.16,12.45,15.43,18.98,9.159476166445357,15.433345678104644,18.97917803354023
Çorlu,SPEI,6,7,21,0.644,GEV,0.121,True,0.0,7.51,10.13,13.62,16.52,19.76,10.134215798211295,16.517177544093922,19.755618534418332
Çorlu,SPEI,6,8,19,0.678,GEV,0.233,True,0.0,8.27,11.27,14.76,17.41,20.15,11.266492785151502,17.4086056733357,20.147559362684618
Çorlu,SPEI,6,9,15,0.746,GEV,0.186,True,0.0,8.72,11.07,14.64,18.26,23.06,11.065430192608504,18.262961900476682,23.05556456171221
Çorlu,SPEI,9,1,50,0.153,GEV,0.357,True,0.94,1.77,2.4,3.34,4.14,5.05,2.4046179331312727,4.141004615240982,5.049029020458925
Çorlu,SPEI,9,2,46,0.22,GEV,0.239,True,1.59,3.13,4.31,6.11,7.69,9.53,4.313912310310507,7.693366564435764,9.533059609984353
Çorlu,SPEI,9,3,43,0.271,GEV,0.384,True,2.13,4.38,5.95,8.18,10.03,12.07,5.954949444369936,10.031845860876079,12.066592386738863
Çorlu,SPEI,9,4,37,0.373,GEV,0.375,True,2.54,5.5,7.4,10.02,12.16,14.49,7.402891110133495,12.163212646159877,14.489298493048171
Çorlu,SPEI,9,5,31,0.475,GEV,0.203,True,2.31,6.3,8.56,11.76,14.47,17.52,8.564632126793764,14.470008685395468,17.515043614548844
Çorlu,SPEI,9,6,25,0.576,GEV,0.169,True,0.0,7.14,9.79,13.63,17.03,20.99,9.793229508555035,17.02746510084164,20.988599392203362
Çorlu,SPEI,9,7,24,0.593,LN3,0.176,True,0.0,7.92,11.21,16.24,20.7,25.83,11.052866530938864,20.66472974470175,26.614705303807035
Çorlu,SPEI,9,8,22,0.627,LN3,0.187,True,0.0,8.7,12.25,17.49,22.06,27.23,12.101594821510957,21.9844438574384,27.894043506213592
Çorlu,SPEI,9,9,22,0.627,LN3,0.28,True,0.0,9.35,13.21,18.96,24.0,29.73,13.057054347333157,23.91227486657241,30.46304512242481
Çorlu,SPEI,9,10,21,0.644,GEV,0.312,True,0.0,10.12,14.28,20.38,25.93,32.59,14.280181615007717,25.925668851404204,32.58855050304272
Çorlu,SPEI,9,11,20,0.661,GEV,0.32,True,0.0,11.01,15.38,21.42,26.67,32.75,15.382562878794943,26.667880866503655,32.750862340111155
Çorlu,SPEI,9,12,16,0.729,LN3,0.254,True,0.0,11.11,16.27,22.69,27.81,33.3,16.124656098073302,27.762438002455944,33.94090752324984
Çorlu,SPEI,12,1,48,0.186,Gumbel,0.431,True,0.78,1.53,2.0,2.59,3.03,3.46,2.0828092485928082,3.737588605101856,4.616277514603296
Çorlu,SPEI,12,2,44,0.254,Gumbel,0.413,True,1.41,2.94,3.87,5.02,5.87,6.71,3.9485456830635006,6.680286394868256,8.020947073314133
Çorlu,SPEI,12,3,36,0.39,Gumbel,0.387,True,1.87,4.18,5.43,6.96,8.08,9.18,5.4666151659886175,8.543123275830741,9.934804701295306
Çorlu,SPEI,12,4,35,0.407,GEV,0.255,True,2.37,5.38,7.17,9.54,11.42,13.41,7.172503656488998,11.420808238154644,13.407013723267983
Çorlu,SPEI,12,5,35,0.407,GEV,0.208,True,2.85,6.49,8.6,11.35,13.49,15.71,8.600274672996653,13.485032791186798,15.713177616236713
Çorlu,SPEI,12,6,35,0.407,GEV,0.123,True,3.29,7.57,10.09,13.4,16.01,18.75,10.090841582434035,16.01000411570537,18.75042354059287
Çorlu,SPEI,12,7,32,0.458,GEV,0.146,True,3.28,8.55,11.54,15.61,18.94,22.57,11.539901835277671,18.940828737854662,22.569915746039758
Çorlu,SPEI,12,8,29,0.508,GEV,0.201,True,0.0,9.66,12.87,17.09,20.45,24.04,12.868275657120655,20.45290551988181,24.043007188732844
Çorlu,SPEI,12,9,27,0.542,GEV,0.215,True,0.0,10.73,14.17,18.66,22.24,26.06,14.173325942455406,22.23829804691973,26.056027034075946
Çorlu,SPEI,12,10,25,0.576,GEV,0.393,True,0.0,11.9,15.73,20.43,23.99,27.65,15.733490819813046,23.99114750602007,27.646238324974988
Çorlu,SPEI,12,11,23,0.61,GEV,0.229,True,0.0,12.55,16.43,21.72,26.19,31.23,16.429774770626448,26.193455896742055,31.227527391963434
Çorlu,SPEI,12,12,23,0.61,GEV,0.193,True,0.0,13.33,17.46,23.14,27.96,33.41,17.462694132462044,27.959741133535438,33.41286563339058
Çorlu,SPI,1,1,59,0.0,Gamma3,0.134,True,1.58,2.08,2.37,2.7,2.93,3.15,2.358251133973713,2.8599373599327267,3.034257876831062
Çorlu,SPI,1,2,53,0.102,Gamma3,0.406,True,2.08,3.04,3.61,4.28,4.74,5.18,3.5433344702897873,4.417767854263659,4.715387660408716
Çorlu,SPI,1,3,38,0.356,Weibull3,0.461,True,1.67,3.25,4.08,5.0,5.6,6.16,4.019444197806322,5.28056593816498,5.712204657823757
Çorlu,SPI,1,4,20,0.661,Weibull3,0.294,True,0.0,3.27,4.5,5.59,6.24,6.8,4.476603623495357,6.168033885615824,6.701830206052187
Çorlu,SPI,3,1,56,0.051,LN3,0.309,True,1.52,2.11,2.42,2.75,2.96,3.16,2.410823308941687,2.844919659214688,2.971046652150192
Çorlu,SPI,3,2,52,0.119,Gamma3,0.362,True,2.51,3.57,4.15,4.78,5.21,5.61,4.144503374707126,5.09808968789403,5.411251555497897
Çorlu,SPI,3,3,45,0.237,Gumbel,0.187,True,2.93,4.54,5.53,6.76,7.66,8.56,5.454400250583244,7.208670554552661,7.879644015240356
Çorlu,SPI,3,4,39,0.339,Gumbel,0.169,True,3.12,5.23,6.45,7.95,9.04,10.13,6.421651189673428,8.802299774375271,9.756134546559117
Çorlu,SPI,3,5,31,0.475,GEV,0.173,True,2.57,5.62,7.09,8.95,10.38,11.85,7.088617094479271,10.379657674883138,11.850510265172144
Çorlu,SPI,3,6,24,0.593,Gumbel,0.183,True,0.0,5.95,7.78,9.87,11.37,12.84,7.780302795000935,11.230085412666039,12.607116447908009
Çorlu,SPI,3,7,18,0.695,Gumbel,0.203,True,0.0,6.26,8.37,10.59,12.14,13.66,8.403080764698874,11.919093472509653,13.253175951323605
Çorlu,SPI,6,1,53,0.102,Weibull3,0.229,True,1.11,1.82,2.23,2.69,3.0,3.28,2.1949073690867613,2.9860320189756564,3.2893580711925154
Çorlu,SPI,6,2,48,0.186,Weibull3,0.259,True,1.93,3.29,4.13,5.1,5.78,6.41,4.029175765548079,5.864394657266226,6.672573591769786
Çorlu,SPI,6,3,45,0.237,Weibull3,0.244,True,2.45,4.49,5.68,7.06,8.0,8.88,5.540871413861808,8.159930103080393,9.300484740034863
Çorlu,SPI,6,4,37,0.373,Gamma3,0.166,True,2.72,5.47,7.01,8.82,10.09,11.31,6.902455586862983,10.03121199526937,11.344239474726237
Çorlu,SPI,6,5,31,0.475,GEV,0.196,True,1.99,6.47,8.29,10.34,11.75,13.08,8.290076942866358,11.754932512270235,13.082348893678752
Çorlu,SPI,6,6,28,0.525,GEV,0.146,True,0.0,7.27,9.28,11.68,13.44,15.19,9.275666659182068,13.436781638467636,15.188014666325563
Çorlu,SPI,6,7,25,0.576,LN3,0.123,True,0.0,7.51,10.03,13.03,15.23,17.44,9.967360742172914,15.104511996771373,17.325075485002884
Çorlu,SPI,6,8,20,0.661,LN3,0.32,True,0.0,7.17,10.11,14.48,18.33,22.72,10.137327339486932,17.581068065062652,21.742683886738533
Çorlu,SPI,6,9,18,0.695,LN3,0.214,True,0.0,7.63,10.52,14.55,17.96,21.76,10.44741294133659,17.893792236632123,22.172799290305193
Çorlu,SPI,6,10,18,0.695,LN3,0.114,True,0.0,8.46,11.51,15.2,18.04,20.99,11.44972830399929,17.872747714094736,20.95746724053739
Çorlu,SPI,9,1,50,0.153,LN3,0.154,True,0.98,1.64,2.03,2.5,2.84,3.17,2.0214792473873753,2.7761491197704085,3.065585868924022
Çorlu,SPI,9,2,46,0.22,GEV,0.146,True,1.69,2.98,3.74,4.65,5.28,5.89,3.7432760975798827,5.282201172351027,5.888189928536582
Çorlu,SPI,9,3,43,0.271,GEV,0.239,True,2.35,4.23,5.34,6.7,7.68,8.64,5.343115322126824,7.677774600077836,8.635082679881702
Çorlu,SPI,9,4,38,0.356,Gumbel,0.223,True,2.88,5.29,6.66,8.34,9.56,10.78,6.667782110022639,9.628365300886731,10.878849884157187
Çorlu,SPI,9,5,35,0.407,Gumbel,0.308,True,3.05,6.25,7.96,10.03,11.54,13.04,7.963410318656427,11.603466416756412,13.13329095915022
Çorlu,SPI,9,6,31,0.475,Gumbel,0.174,True,2.28,7.0,9.1,11.61,13.43,15.23,9.106542386229805,13.703707844075232,15.67848056276736
Çorlu,SPI,9,7,28,0.525,GEV,0.186,True,0.0,7.92,10.33,13.16,15.22,17.24,10.32758064105923,15.216897174180648,17.238220850666657
Çorlu,SPI,9,8,25,0.576,GEV,0.18,True,0.0,8.73,11.47,14.54,16.69,18.75,11.467719015178314,16.685100862919498,18.74839745557042
Çorlu,SPI,9,9,24,0.593,GEV,0.178,True,0.0,9.49,12.36,15.65,18.0,20.31,12.360560260123044,18.00086787106803,20.309834655232102
Çorlu,SPI,9,10,23,0.61,GEV,0.199,True,0.0,10.15,13.29,16.81,19.29,21.68,13.294086094261978,19.287064082564186,21.684456222630303
Çorlu,SPI,9,11,21,0.644,Gumbel,0.173,True,0.0,10.61,13.88,17.51,20.09,22.61,13.80727254467928,20.64496853591212,23.637245808321893
Çorlu,SPI,9,12,17,0.712,GEV,0.135,True,0.0,9.69,13.58,17.94,21.24,24.65,13.57872587543901,21.235121744479585,24.648108020231014
Çorlu,SPI,12,1,45,0.237,Weibull3,0.25,True,0.76,1.51,1.93,2.4,2.72,3.01,1.896026243073944,2.664509115119521,2.9548959170274696
Çorlu,SPI,12,2,43,0.271,Weibull3,0.431,True,1.36,2.8,3.65,4.65,5.33,5.98,3.5623573908500856,5.188819383984695,5.849822410764794
Çorlu,SPI,12,3,38,0.356,Weibull3,0.371,True,1.68,3.98,5.19,6.54,7.44,8.27,5.097474091418247,7.357179377484244,8.235321134318955
Çorlu,SPI,12,4,36,0.39,GEV,0.327,True,2.4,5.13,6.58,8.31,9.56,10.77,6.5808035243159235,9.55865982737802,10.768414286142098
Çorlu,SPI,12,5,35,0.407,Gumbel,0.204,True,2.91,6.21,7.96,10.1,11.66,13.2,7.968805178414347,11.73448261084155,13.321372236788516
Çorlu,SPI,12,6,34,0.424,GEV,0.181,True,3.24,7.39,9.47,11.93,13.69,15.39,9.470893555606356,13.691070954107067,15.39472706753161
Çorlu,SPI,12,7,31,0.475,GEV,0.155,True,2.95,8.55,10.91,13.62,15.52,17.35,10.905617862199229,15.524062491043267,17.347133186077972
Çorlu,SPI,12,8,31,0.475,GEV,0.203,True,3.25,9.61,12.28,15.34,17.48,19.53,12.276706000639233,17.482596362589334,19.530049642840957
Çorlu,SPI,12,9,29,0.508,Lojistik,0.187,True,0.0,10.79,13.34,16.08,17.98,19.83,13.617871347401753,19.447698956410854,21.69240325522164
Çorlu,SPI,12,10,27,0.542,Lojistik,0.187,True,0.0,11.71,14.64,17.71,19.83,21.88,14.941415486403187,21.385453540000178,23.817536346321603
Çorlu,SPI,12,11,26,0.559,LN3,0.21,True,0.0,12.46,16.23,20.32,23.12,25.78,16.244311645818936,23.200705097830113,25.834138889869976
Çorlu,SPI,12,12,26,0.559,GEV,0.249,True,0.0,13.18,17.25,21.75,24.84,27.76,17.2497231921079,24.843743591826506,27.762207471729084
İpsala,SPEI,1,1,59,0.0,Lojistik,0.839,False,1.52,1.92,2.15,2.43,2.64,2.84,2.357211492542481,3.0936152121871654,3.3982096842498652
İpsala,SPEI,1,2,55,0.068,Lojistik,0.212,True,2.12,2.92,3.37,3.92,4.31,4.7,3.608951415895291,4.878012569185118,5.390792887938915
İpsala,SPEI,1,3,42,0.288,Gumbel,0.293,True,1.9,3.2,3.98,4.94,5.64,6.34,4.0133297000662544,5.967853849204294,6.855787187869163
İpsala,SPEI,1,4,26,0.559,GEV,0.241,True,0.0,3.22,4.4,5.98,7.28,8.69,4.401982033959287,7.278701212742042,8.693389620386455
İpsala,SPEI,3,1,59,0.0,Lojistik,0.531,True,1.31,1.82,2.12,2.48,2.74,3.0,2.263312181021048,3.2224553033463783,3.6435385546020713
İpsala,SPEI,3,2,56,0.051,Gamma3,0.606,True,2.07,3.32,4.11,5.06,5.73,6.38,4.07354348468128,5.8616232918741025,6.629950425664753
İpsala,SPEI,3,3,49,0.169,Lojistik,0.417,True,2.89,4.45,5.29,6.28,7.0,7.7,5.542275001850758,7.865865581810708,8.827576111162436
İpsala,SPEI,3,4,36,0.39,Lojistik,0.257,True,2.92,5.29,6.25,7.34,8.11,8.87,6.489129416578178,8.895295218075844,9.838335630695532
İpsala,SPEI,3,5,28,0.525,GEV,0.152,True,0.0,5.73,7.12,8.85,10.15,11.49,7.12251566064456,10.15462396968884,11.492557761795986
İpsala,SPEI,3,6,22,0.627,GEV,0.53,True,0.0,6.32,8.05,10.02,11.45,12.87,8.045879104334048,11.447661160083666,12.865157079796138
İpsala,SPEI,3,7,18,0.695,LN3,0.204,True,0.0,6.3,8.21,11.3,14.2,17.67,8.141003626977943,14.424083018919703,18.856765955159435
İpsala,SPEI,3,8,17,0.712,GEV,0.34,True,0.0,6.65,8.46,12.43,17.69,26.4,8.457126136468943,17.693701839683406,26.398537450433253
İpsala,SPEI,3,9,15,0.746,GEV,0.326,True,0.0,7.1,8.94,13.18,19.15,29.55,8.937986627122047,19.150487758482328,29.548944882666163
İpsala,SPEI,6,1,55,0.068,GEV,0.263,True,0.99,1.78,2.39,3.27,4.02,4.85,2.386384556769671,4.015216261756535,4.849790455049947
İpsala,SPEI,6,2,52,0.119,GEV,0.351,True,1.73,3.27,4.4,5.98,7.28,8.69,4.39974744538117,7.2804624276216625,8.694167927885596
İpsala,SPEI,6,3,44,0.254,Weibull3,0.298,True,2.13,4.62,6.15,7.95,9.21,10.39,5.959829998989109,9.654047399229274,11.40552995690004
İpsala,SPEI,6,4,39,0.339,GEV,0.456,True,2.44,5.41,7.27,9.74,11.68,13.72,7.274637511359735,11.68296291120027,13.718424886167945
İpsala,SPEI,6,5,34,0.424,Weibull3,0.232,True,2.46,6.71,8.93,11.43,13.11,14.67,8.709573821577589,13.077023009852446,14.89971390104036
İpsala,SPEI,6,6,29,0.508,Gamma3,0.294,True,0.0,7.7,10.18,12.93,14.81,16.57,10.108835787884018,14.56257723050041,16.248480552880864
İpsala,SPEI,6,7,25,0.576,LN3,0.46,True,0.0,8.53,11.22,14.09,16.04,17.89,11.236226821567598,15.784082561364214,17.407686879191182
İpsala,SPEI,6,8,21,0.644,Gumbel,0.493,True,0.0,9.08,11.83,14.88,17.05,19.17,11.852727339231816,16.82982025107484,18.783839770026916
İpsala,SPEI,6,9,18,0.695,Gumbel,0.412,True,0.0,9.6,12.7,15.95,18.24,20.47,12.783647708545551,17.80422618114745,19.659305951419142
İpsala,SPEI,6,10,17,0.712,Gumbel,0.341,True,0.0,10.15,13.59,17.11,19.57,21.96,13.815448578537112,18.57138760222869,20.124924510565418
İpsala,SPEI,6,11,16,0.729,Gumbel,0.345,True,0.0,10.54,14.36,18.15,20.77,23.32,14.6718772440345,19.48511413220392,20.958157687808416
İpsala,SPEI,9,1,51,0.136,Gamma3,0.214,True,0.75,1.53,2.05,2.7,3.17,3.64,1.9875174607757335,3.462029496325443,4.234971125181449
İpsala,SPEI,9,2,43,0.271,Gamma3,0.497,True,1.13,2.83,4.06,5.66,6.86,8.05,3.8197267581379992,6.816034632125787,8.409948720760433
İpsala,SPEI,9,3,39,0.339,Gumbel,0.511,True,1.76,4.09,5.43,7.08,8.29,9.48,5.473757280446179,8.875903794938125,10.438371312960978
İpsala,SPEI,9,4,34,0.424,Lojistik,0.441,True,1.81,5.42,6.76,8.25,9.3,10.32,6.9849359406614075,10.429061896840071,11.83304001014217
İpsala,SPEI,9,5,30,0.492,Lojistik,0.447,True,0.0,6.67,8.27,10.0,11.21,12.38,8.5332000682687,12.082118020179296,13.395482711693653
İpsala,SPEI,9,6,30,0.492,GEV,0.423,True,0.89,7.68,9.97,12.45,14.1,15.62,9.966235391854227,14.10234042044297,15.615952054752322
İpsala,SPEI,9,7,29,0.508,LN3,0.338,True,0.0,8.58,11.22,14.17,16.21,18.16,11.217308967025891,15.856594287157659,17.551677596285604
İpsala,SPEI,9,8,28,0.525,LN3,0.307,True,0.0,9.36,12.36,15.68,17.98,20.18,12.361607430674544,17.442709745420142,19.259950031392293
İpsala,SPEI,9,9,26,0.559,Weibull3,0.25,True,0.0,10.29,13.67,17.1,19.29,21.26,13.531243359081936,18.89243386028494,20.780925881780774
İpsala,SPEI,9,10,24,0.593,Gamma3,0.243,True,0.0,10.97,14.67,18.51,21.05,23.4,14.772595506674424,20.149891468574452,21.87613312677716
İpsala,SPEI,9,11,20,0.661,Weibull3,0.325,True,0.0,12.04,16.25,19.81,21.87,23.61,16.325709750682574,21.46142486886214,22.873988094694685
İpsala,SPEI,9,12,18,0.695,Gumbel,0.298,True,0.0,12.2,16.81,21.65,25.06,28.37,17.28254697857959,23.091095613855998,24.81126377040233
İpsala,SPEI,12,1,41,0.305,GEV,0.307,True,0.62,1.52,2.19,3.18,4.06,5.06,2.191848766305084,4.055932576174095,5.057308373696122
İpsala,SPEI,12,2,38,0.356,Gumbel,0.247,True,1.21,2.9,3.87,5.05,5.91,6.77,3.8906559590120633,6.209021180544864,7.24573197180905
İpsala,SPEI,12,3,35,0.407,Weibull3,0.192,True,1.53,4.2,5.49,6.88,7.8,8.63,5.387099651174536,7.798189186581158,8.72914337029328
İpsala,SPEI,12,4,34,0.424,GEV,0.241,True,2.08,5.25,6.75,8.46,9.63,10.72,6.754787823406961,9.625785833254128,10.719278832897366
İpsala,SPEI,12,5,34,0.424,GEV,0.302,True,2.39,6.23,8.05,10.12,11.53,12.86,8.051364603720371,11.533699342598283,12.862475982578944
İpsala,SPEI,12,6,33,0.441,Weibull3,0.224,True,2.52,7.16,9.5,12.09,13.82,15.41,9.324070280994594,13.578477401453052,15.252823072367377
İpsala,SPEI,12,7,32,0.458,Weibull3,0.278,True,2.44,8.02,10.83,13.97,16.08,18.04,10.643558102515058,15.671341876552882,17.6489360622027
İpsala,SPEI,12,8,30,0.492,GEV,0.24,True,1.43,9.02,11.94,15.36,17.81,20.19,11.936686772238051,17.80695146384502,20.19348657288812
İpsala,SPEI,12,9,26,0.559,Weibull3,0.147,True,0.0,10.17,13.62,17.3,19.71,21.91,13.354187200980443,19.596319931612044,22.105323876479268
İpsala,SPEI,12,10,25,0.576,GEV,0.151,True,0.0,10.99,14.47,18.65,21.77,24.92,14.470534471284797,21.76822398606768,24.923694302040186
İpsala,SPEI,12,11,24,0.593,LN3,0.171,True,0.0,11.22,15.46,20.89,25.11,29.52,15.373751032758536,24.561099091939774,28.86741574949955
İpsala,SPEI,12,12,23,0.61,LN3,0.168,True,0.0,11.46,16.2,22.47,27.49,32.84,16.077126585744104,26.963880427533002,32.39451975180732
İpsala,SPI,1,1,59,0.0,GEV,0.243,True,1.54,2.04,2.35,2.71,2.96,3.19,2.3466870006323246,2.9570678717464443,3.1905940753101634
İpsala,SPI,1,2,54,0.085,GEV,0.222,True,1.95,2.92,3.44,4.01,4.37,4.68,3.4430458332566527,4.369549720912611,4.6844934964017355
İpsala,SPI,1,3,32,0.458,Gamma3,0.351,True,1.42,3.14,3.99,4.97,5.66,6.32,3.9274847112289866,5.576974062846422,6.256817143911183
İpsala,SPI,1,4,21,0.644,Gamma3,0.271,True,0.0,2.94,4.08,5.34,6.22,7.05,4.022323997772091,6.161223836380229,7.081865789099599
İpsala,SPI,3,1,58,0.017,GEV,0.367,True,1.24,1.93,2.4,3.0,3.45,3.91,2.400870435842216,3.4513384744912536,3.90609048321233
İpsala,SPI,3,2,52,0.119,Gamma3,0.19,True,1.99,3.32,4.18,5.22,5.98,6.71,4.101610291305839,6.191945377261304,7.162454624327309
İpsala,SPI,3,3,46,0.22,Gumbel,0.258,True,2.6,4.41,5.53,6.92,7.95,8.97,5.558741665875987,8.166559296857162,9.302819771600511
İpsala,SPI,3,4,34,0.424,GEV,0.391,True,2.5,5.32,6.76,8.5,9.76,10.99,6.763512233563796,9.758946065667644,10.99450408923094
İpsala,SPI,3,5,25,0.576,GEV,0.703,True,0.0,5.56,7.28,9.46,11.16,12.95,7.283692985848477,11.162673210226114,12.950788845709468
İpsala,SPI,3,6,18,0.695,GEV,0.937,False,0.0,5.36,7.71,10.4,12.43,14.54,7.708542758724956,12.430516915659599,14.53503212108951
İpsala,SPI,3,7,15,0.746,GEV,0.633,True,0.0,5.37,7.76,10.89,13.7,17.07,7.759914152875265,13.702978353619173,17.072835750606245
İpsala,SPI,6,1,54,0.085,GEV,0.208,True,1.04,1.72,2.15,2.71,3.12,3.53,2.1539864581120067,3.1189257689967667,3.52852704617862
İpsala,SPI,6,2,49,0.169,Gamma3,0.222,True,1.79,3.21,4.12,5.22,6.01,6.78,4.03431563915405,6.19309345319026,7.187983001149348
İpsala,SPI,6,3,43,0.271,Weibull3,0.576,True,2.09,4.51,5.93,7.57,8.7,9.75,5.762900655030841,8.750826641982476,10.038477426825606
İpsala,SPI,6,4,35,0.407,Lojistik,0.545,True,2.39,5.64,6.9,8.33,9.33,10.31,7.218134414834242,10.864839078980014,12.440268547327577
İpsala,SPI,6,5,30,0.492,Gumbel,0.499,True,1.66,6.47,8.35,10.59,12.22,13.83,8.355735281170558,12.928232966176248,15.021782441206087
İpsala,SPI,6,6,26,0.559,GEV,0.465,True,0.0,7.16,9.44,12.27,14.43,16.65,9.442527004572785,14.428147308617929,16.651246941190657
İpsala,SPI,6,7,23,0.61,GEV,0.415,True,0.0,7.59,9.96,13.1,15.66,18.47,9.964051005479607,15.659764140723613,18.47106167062265
İpsala,SPI,6,8,21,0.644,GEV,0.29,True,0.0,7.84,10.6,14.09,16.9,19.93,10.596669308765865,16.896107619562205,19.925084938725835
İpsala,SPI,6,9,17,0.712,GEV,0.329,True,0.0,7.41,10.67,14.63,17.83,21.34,10.66625798838142,17.83441069226616,21.34212059762579
İpsala,SPI,6,10,15,0.746,GEV,0.282,True,0.0,7.99,11.14,15.36,19.19,23.84,11.143445742311188,19.188753641915078,23.839930519877043
İpsala,SPI,9,1,51,0.136,LN3,0.517,True,0.77,1.48,2.03,2.79,3.42,4.09,2.0044321031333254,3.6419632393431347,4.557135960193304
İpsala,SPI,9,2,44,0.254,Weibull3,0.621,True,1.26,2.89,3.89,5.07,5.9,6.68,3.758205085555718,6.728689960478764,8.3144516358933
İpsala,SPI,9,3,36,0.39,Gumbel,0.586,True,1.68,4.12,5.46,7.08,8.27,9.45,5.473162008831045,8.506373161626158,9.825109485526903
İpsala,SPI,9,4,32,0.458,Lojistik,0.682,True,1.44,5.38,6.63,8.0,8.96,9.89,6.938294451254556,10.10101017003882,11.356814104299762
İpsala,SPI,9,5,30,0.492,GEV,0.716,True,1.68,6.41,8.21,10.32,11.82,13.29,8.210370476326013,11.824702851210448,13.287513492041954
İpsala,SPI,9,6,30,0.492,GEV,0.689,True,1.87,7.41,9.55,12.09,13.91,15.7,9.552113577697046,13.914705725174183,15.704024329225224
İpsala,SPI,9,7,30,0.492,GEV,0.678,True,1.98,8.3,10.81,13.81,16.01,18.19,10.807135695496147,16.009731088379382,18.185003889480903
İpsala,SPI,9,8,28,0.525,GEV,0.575,True,0.0,9.24,12.08,15.43,17.86,20.25,12.077551827248115,17.85587690897551,20.24799913211023
İpsala,SPI,9,9,28,0.525,GEV,0.455,True,0.0,10.08,13.24,16.98,19.68,22.34,13.243636731805793,19.67990973109126,22.344178548465877
İpsala,SPI,9,10,24,0.593,GEV,0.437,True,0.0,10.77,14.18,18.37,21.57,24.87,14.18292723566614,21.57012251851111,24.8743597799846
İpsala,SPI,9,11,22,0.627,LN3,0.429,True,0.0,11.45,15.5,20.09,23.38,26.62,15.37626132115021,23.27584862694006,26.612707590902232
İpsala,SPI,9,12,18,0.695,Gumbel,0.232,True,0.0,11.06,16.11,21.42,25.15,28.79,16.19009573179374,24.73728345771295,28.011172783931293
İpsala,SPI,12,1,44,0.254,Lojistik,0.6,True,0.74,1.48,1.85,2.28,2.59,2.9,1.8947615072550692,2.8428917799797984,3.230709676015694
İpsala,SPI,12,2,37,0.373,Normal,0.435,True,1.24,2.95,3.63,4.32,4.75,5.13,3.6308294819536777,4.992184929479591,5.4667838936479844
İpsala,SPI,12,3,32,0.458,Lojistik,0.298,True,1.44,4.12,4.97,5.9,6.56,7.19,5.13770102201846,7.084622822593403,7.8150346270610385
İpsala,SPI,12,4,32,0.458,Lojistik,0.326,True,1.79,5.24,6.32,7.52,8.36,9.18,6.567899633636745,9.073427940662809,10.009193555403824
İpsala,SPI,12,5,32,0.458,GEV,0.221,True,2.36,6.28,8.01,9.99,11.36,12.66,8.00835806061388,11.358123210383717,12.65742230140755
İpsala,SPI,12,6,31,0.475,Gumbel,0.234,True,2.45,7.27,9.41,11.97,13.83,15.67,9.406182933651175,13.802907404626257,15.62048474848716
İpsala,SPI,12,7,30,0.492,GEV,0.249,True,1.88,8.3,10.87,13.96,16.24,18.5,10.865879370622865,16.239155336614157,18.502709756467926
İpsala,SPI,12,8,29,0.508,LN3,0.22,True,0.0,9.08,12.15,16.06,19.07,22.17,11.994205720094845,19.113669480352293,22.52803220576662
İpsala,SPI,12,9,29,0.508,LN3,0.215,True,0.0,9.89,13.42,17.98,21.5,25.17,13.2418378547518,21.5636555713564,25.61910862340264
İpsala,SPI,12,10,27,0.542,LN3,0.286,True,0.0,10.9,14.8,19.61,23.22,26.88,14.638025999842196,23.196266277103604,27.108309212954417
İpsala,SPI,12,11,24,0.593,GEV,0.354,True,0.0,11.71,15.82,21.05,25.18,29.56,15.822446779611715,25.179219343334317,29.557223405887353
İpsala,SPI,12,12,23,0.61,GEV,0.416,True,0.0,11.99,16.49,22.38,27.17,32.39,16.49160805339283,27.170079582730146,32.38759696577859
