name,indeks,k,D,n,z_mk,p_mk,z_hr,p_hr,var_infl,sig_hr_bh,z_tfpw,p_tfpw
Edirne,SPEI,1,1,59,3.224,0.0012639745153979,2.233,0.0255737798935542,2.085,False,3.2240361294354143,0.0012639745153979476
Edirne,SPEI,1,2,59,2.885,0.0039202313665192,2.885,0.0039202313665192,1.0,False,2.8845101375512034,0.0039202313665192
Edirne,SPEI,1,3,59,1.813,0.0698971000242769,1.813,0.0698971000242769,1.0,False,1.8125769213082596,0.06989710002427696
Edirne,SPEI,1,4,59,0.906,0.3648594008737942,0.906,0.3648594008737942,1.0,False,0.9061444498247436,0.3648594008737942
Edirne,SPEI,1,5,59,1.442,0.1492857424887992,1.847,0.0647355377916572,0.61,False,1.4420589560167174,0.14928574248879922
Edirne,SPEI,3,1,59,1.969,0.0490091651761654,1.969,0.0490091651761654,1.0,False,1.9685119268578857,0.04900916517616549
Edirne,SPEI,3,2,59,2.459,0.0139207083388328,2.047,0.0406638473122777,1.443,False,2.4593029750306594,0.013920708338832855
Edirne,SPEI,3,3,59,1.913,0.0557099413505624,1.421,0.155458455321727,1.814,False,1.9132977833759173,0.0557099413505624
Edirne,SPEI,3,4,59,2.186,0.0288338986616278,2.186,0.0288338986616278,1.0,False,2.1857500270193446,0.028833898661627888
Edirne,SPEI,3,5,59,2.657,0.0078916651667937,2.657,0.0078916651667937,1.0,False,2.6566699963527585,0.007891665166793738
Edirne,SPEI,3,6,59,2.337,0.0194312285500468,2.337,0.0194312285500468,1.0,False,2.3371530281874784,0.019431228550046864
Edirne,SPEI,3,7,59,1.625,0.1042471486436538,1.625,0.1042471486436538,1.0,False,1.624603135363226,0.10424714864365381
Edirne,SPEI,3,8,59,1.985,0.0471294137219033,1.985,0.0471294137219033,1.0,False,1.985135359304614,0.04712941372190338
Edirne,SPEI,3,9,59,2.182,0.0290891275725468,2.182,0.0290891275725468,1.0,False,1.204314827766619,0.22846791774742203
Edirne,SPEI,6,1,59,2.152,0.0314338153779754,1.7,0.0891911404139578,1.602,False,2.151537295302741,0.031433815377975405
Edirne,SPEI,6,2,59,2.004,0.0450824405451166,1.471,0.1411602252664672,1.855,False,2.0038844416300674,0.045082440545116675
Edirne,SPEI,6,3,59,2.08,0.0374915905308836,1.522,0.1280153134293362,1.868,False,2.080370198567354,0.03749159053088369
Edirne,SPEI,6,4,59,2.211,0.0270463634031461,2.211,0.0270463634031461,1.0,False,2.210848017572176,0.027046363403146145
Edirne,SPEI,6,5,59,2.438,0.0147591720433626,2.092,0.0364427136513527,1.358,False,2.4382350897976703,0.014759172043362634
Edirne,SPEI,6,6,59,2.157,0.0310008294766992,2.157,0.0310008294766992,1.0,False,2.157062057236541,0.031000829476699243
Edirne,SPEI,6,7,59,1.976,0.0481002956405547,1.976,0.0481002956405547,1.0,False,1.9764812645782996,0.048100295640554735
Edirne,SPEI,6,8,59,1.616,0.1061051651769482,1.456,0.1453995517064377,1.232,False,1.6159498094639906,0.10610516517694824
Edirne,SPEI,6,9,59,1.834,0.0666709755651866,1.636,0.1019083594953034,1.257,False,1.8338856134000063,0.06667097556518664
Edirne,SPEI,6,10,59,2.341,0.019214984125889,2.121,0.0339372622300091,1.219,False,2.3413336999245167,0.019214984125889067
Edirne,SPEI,6,11,59,2.168,0.0301475913512043,1.617,0.1058881152987383,1.798,False,1.057451014306498,0.29030579978063464
Edirne,SPEI,6,12,59,2.188,0.0286534882149749,1.629,0.1032123552010575,1.803,False,1.0749295434685888,0.28240627379912286
Edirne,SPEI,9,1,59,2.276,0.0228362320969548,1.758,0.0787602639845539,1.677,False,2.276163391783695,0.022836232096954845
Edirne,SPEI,9,2,59,2.185,0.0288615007634411,2.185,0.0288615007634411,1.0,False,2.1853731107978827,0.028861500763441184
Edirne,SPEI,9,3,59,2.474,0.0133608286577275,2.096,0.0360855127907291,1.393,False,2.4740037708215112,0.013360828657727586
Edirne,SPEI,9,4,59,2.467,0.0136152122117056,2.167,0.0302176842901424,1.296,False,2.467258252193203,0.013615212211705696
Edirne,SPEI,9,5,59,2.602,0.009263478496758,2.25,0.0244518019835016,1.338,False,2.602174201555779,0.009263478496758015
Edirne,SPEI,9,6,59,3.049,0.0022940330117247,2.649,0.0080633542441068,1.325,False,3.0492633346195204,0.0022940330117247054
Edirne,SPEI,9,7,59,2.458,0.0139534626758859,2.458,0.0139534626758859,1.0,False,2.458459209458197,0.01395346267588593
Edirne,SPEI,9,8,59,2.601,0.0092848208656104,2.601,0.0092848208656104,1.0,False,2.6013849272691285,0.009284820865610444
Edirne,SPEI,9,9,59,2.281,0.0225371652548433,2.281,0.0225371652548433,1.0,False,1.4492632980685076,0.14726406650101453
Edirne,SPEI,9,10,59,2.464,0.0137353576753407,1.979,0.0478018236082795,1.55,False,1.7401218560540803,0.08183762326044497
Edirne,SPEI,9,11,59,2.885,0.0039178288603167,2.311,0.0208125886091521,1.558,False,1.4831619411507024,0.13803139025671674
Edirne,SPEI,9,12,59,3.129,0.0017565708356979,2.504,0.0122688527592735,1.561,False,1.438487155387906,0.15029587934961652
Edirne,SPEI,12,1,59,2.724,0.006459166645101,2.434,0.0149145364123297,1.252,False,2.723513035979343,0.006459166645101044
Edirne,SPEI,12,2,59,2.628,0.008587007625487,2.341,0.019234315334502,1.26,False,2.6280730385357494,0.008587007625487031
Edirne,SPEI,12,3,59,2.848,0.0043965956809017,2.564,0.0103621370406439,1.234,False,2.8482096082236144,0.0043965956809017825
Edirne,SPEI,12,4,59,2.878,0.00400659078685,2.602,0.0092795095276132,1.223,False,2.8776423651560514,0.004006590786850062
Edirne,SPEI,12,5,59,2.698,0.0069853505461912,2.698,0.0069853505461912,1.0,False,2.6975418424504936,0.006985350546191205
Edirne,SPEI,12,6,59,2.426,0.0152851940578331,2.426,0.0152851940578331,1.0,False,2.425550379810982,0.015285194057833129
Edirne,SPEI,12,7,59,2.326,0.0199923986746175,2.326,0.0199923986746175,1.0,False,2.3264905002221163,0.01999239867461755
Edirne,SPEI,12,8,59,2.144,0.0320411784383289,2.144,0.0320411784383289,1.0,False,2.143896528331491,0.03204117843832899
Edirne,SPEI,12,9,59,1.902,0.0571903952678707,1.902,0.0571903952678707,1.0,False,1.9018528459866737,0.05719039526787073
Edirne,SPEI,12,10,59,2.276,0.022821382056408,2.276,0.022821382056408,1.0,False,2.2764116666328924,0.022821382056408046
Edirne,SPEI,12,11,59,2.505,0.0122507892283914,2.269,0.023292939951264,1.219,False,2.5048368393090983,0.012250789228391401
Edirne,SPEI,12,12,59,2.335,0.0195249250739848,1.979,0.0478150049699519,1.393,False,2.335354197142063,0.019524925073984845
Edirne,SPI,1,1,59,2.224,0.0261743017423194,2.117,0.0342728588585679,1.103,False,2.223615842429867,0.026174301742319495
Edirne,SPI,1,2,59,1.25,0.2113728138881183,1.25,0.2113728138881183,1.0,False,1.2497994586941947,0.21137281388811835
Edirne,SPI,1,3,59,-0.531,0.5951873489765065,-0.531,0.5951873489765065,1.0,False,-0.5313339992705517,0.5951873489765065
Edirne,SPI,1,4,59,0.051,0.9589798359286406,0.051,0.9589798359286406,1.0,False,0.051433820045355884,0.9589798359286406
Edirne,SPI,1,5,59,-0.422,0.6733287488345925,-0.422,0.6733287488345925,1.0,False,-0.42158391511193627,0.6733287488345925
Edirne,SPI,3,1,59,-0.078,0.937448463996899,-0.078,0.937448463996899,1.0,False,-0.07847720257301893,0.937448463996899
Edirne,SPI,3,2,59,0.118,0.9062635760320944,0.118,0.9062635760320944,1.0,False,0.11775274115626286,0.9062635760320945
Edirne,SPI,3,3,59,-0.052,0.9582186306628122,-0.052,0.9582186306628122,1.0,False,-0.052389135728890646,0.9582186306628122
Edirne,SPI,3,4,59,0.268,0.788747103043077,0.268,0.788747103043077,1.0,False,0.2679379219557879,0.788747103043077
Edirne,SPI,3,5,59,0.572,0.567232752576666,0.572,0.567232752576666,1.0,False,0.5721317030180877,0.567232752576666
Edirne,SPI,3,6,59,-0.104,0.9168771562571718,-0.104,0.9168771562571718,1.0,False,-0.10436820163787909,0.9168771562571718
Edirne,SPI,3,7,59,-0.894,0.3713844157723298,-0.894,0.3713844157723298,1.0,False,-0.8938831469181712,0.37138441577232983
Edirne,SPI,3,8,59,-1.796,0.0724892808784849,-1.796,0.0724892808784849,1.0,False,-1.7960329244571953,0.07248928087848494
Edirne,SPI,6,1,59,-0.085,0.932236816202201,-0.082,0.9343247250406176,1.065,False,-0.08503091108427584,0.932236816202201
Edirne,SPI,6,2,59,-0.485,0.6279604645509249,-0.485,0.6279604645509249,1.0,False,-0.4845995054922385,0.6279604645509249
Edirne,SPI,6,3,59,-0.361,0.7183708257673898,-0.361,0.7183708257673898,1.0,False,-0.3606370004455259,0.7183708257673898
Edirne,SPI,6,4,59,-0.797,0.4254600010924587,-0.797,0.4254600010924587,1.0,False,-0.796984555545929,0.42546000109245874
Edirne,SPI,6,5,59,-1.478,0.1393600331230875,-1.478,0.1393600331230875,1.0,False,-1.4781784024675912,0.13936003312308753
Edirne,SPI,6,6,59,-0.709,0.4780932418539998,-0.709,0.4780932418539998,1.0,False,-0.7093726719115598,0.4780932418539998
Edirne,SPI,6,7,59,-0.475,0.6350093086061692,-0.613,0.5396400675344877,0.599,False,-0.47468808943429164,0.6350093086061692
Edirne,SPI,6,8,59,-0.283,0.7769582837983069,-0.404,0.6862256886796909,0.492,False,-0.28328511873138607,0.7769582837983069
Edirne,SPI,6,9,59,-0.474,0.6354358322495235,-0.55,0.5820205504613165,0.742,False,-0.47408985565429845,0.6354358322495235
Edirne,SPI,6,10,59,-0.58,0.5616848190871462,-0.58,0.5616848190871462,1.0,False,0.0,1.0
Edirne,SPI,6,11,59,-0.364,0.7160126756065368,-0.291,0.7710500959746236,1.563,False,0.1640833196924836,0.8696655527947161
Edirne,SPI,6,12,59,0.462,0.6442715377784438,0.36,0.7192081791680796,1.649,False,0.6030092560921352,0.5465025316348029
Edirne,SPI,9,1,59,-0.877,0.3807019072344486,-1.155,0.2481072719891695,0.576,False,-0.8766037397188458,0.38070190723444863
Edirne,SPI,9,2,59,-0.603,0.5466285403853144,-0.603,0.5466285403853144,1.0,False,-0.6028198495567958,0.5466285403853144
Edirne,SPI,9,3,59,-0.381,0.7028410674552334,-0.381,0.7028410674552334,1.0,False,-0.3814881433904336,0.7028410674552334
Edirne,SPI,9,4,59,-0.134,0.8934271186926133,-0.134,0.8934271186926133,1.0,False,-0.13396896097789396,0.8934271186926133
Edirne,SPI,9,5,59,-0.228,0.8198427500555567,-0.228,0.8198427500555567,1.0,False,-0.22774723366241975,0.8198427500555567
Edirne,SPI,9,6,59,-0.337,0.735826992413686,-0.443,0.6576188222384427,0.579,False,-0.3373845997724678,0.735826992413686
Edirne,SPI,9,7,59,-0.457,0.6474090095587319,-0.62,0.5353179878760015,0.544,False,-0.45736459271071805,0.6474090095587319
Edirne,SPI,9,8,59,-0.27,0.7874592883497002,-0.27,0.7874592883497002,1.0,False,-0.2696113229942794,0.7874592883497002
Edirne,SPI,9,9,59,-0.153,0.8783804192209437,-0.197,0.8434448267377348,0.6,False,-0.15302264278053695,0.8783804192209437
Edirne,SPI,9,10,59,-0.553,0.580587270162989,-0.553,0.580587270162989,1.0,False,-0.5525271035516729,0.580587270162989
Edirne,SPI,9,11,59,0.174,0.8619967505564219,0.174,0.8619967505564219,1.0,False,0.17383294707324276,0.8619967505564219
Edirne,SPI,9,12,59,0.703,0.4821000759781584,0.703,0.4821000759781584,1.0,False,0.702928873953197,0.4821000759781584
Edirne,SPI,12,1,59,0.348,0.7281984967675559,0.311,0.7558487591229306,1.249,False,0.34752292770205223,0.7281984967675559
Edirne,SPI,12,2,59,0.56,0.5755713982673116,0.499,0.6174274693720654,1.256,False,0.5598651836479667,0.5755713982673116
Edirne,SPI,12,3,59,0.317,0.7510464042591116,0.282,0.7779021286164607,1.265,False,0.3172598969823591,0.7510464042591116
Edirne,SPI,12,4,59,0.266,0.7900248220308144,0.238,0.8120178264733371,1.254,False,0.2662783805729072,0.7900248220308144
Edirne,SPI,12,5,59,0.04,0.967941101298966,0.036,0.9713471961756814,1.252,False,0.04019068829336819,0.967941101298966
Edirne,SPI,12,6,59,0.074,0.9410497568585976,0.08,0.9366094029935388,0.865,False,0.07395051982050471,0.9410497568585976
Edirne,SPI,12,7,59,-0.115,0.908647686763396,-0.124,0.901351130932071,0.857,False,-0.1147444422006806,0.9086476867633961
Edirne,SPI,12,8,59,0.034,0.9725298222370572,0.034,0.9725298222370572,1.0,False,0.034435566597648536,0.9725298222370571
Edirne,SPI,12,9,59,0.111,0.9117096791545783,0.111,0.9117096791545783,1.0,False,0.11088230307707347,0.9117096791545785
Edirne,SPI,12,10,59,0.126,0.9000565693416118,0.126,0.9000565693416118,1.0,False,0.12558988602836071,0.9000565693416118
Edirne,SPI,12,11,59,0.343,0.7315808228290763,0.343,0.7315808228290763,1.0,False,0.3430234445330385,0.7315808228290763
Edirne,SPI,12,12,59,0.124,0.9014138732744176,0.112,0.9105110983028816,1.215,False,0.12387547272710135,0.9014138732744175
Kırklareli,SPEI,1,1,59,2.217,0.0266276316428002,2.217,0.0266276316428002,1.0,False,2.2169335656766846,0.026627631642800242
Kırklareli,SPEI,1,2,59,2.553,0.0106837583369205,2.553,0.0106837583369205,1.0,False,2.5528758080045266,0.01068375833692059
Kırklareli,SPEI,1,3,59,1.709,0.0874161316869213,1.597,0.1101893315803361,1.145,False,1.7091879960642005,0.0874161316869213
Kırklareli,SPEI,1,4,59,-0.746,0.4555046825508384,-0.643,0.520020891876195,1.346,False,-0.7462694162344365,0.4555046825508384
Kırklareli,SPEI,3,1,59,1.563,0.1180594485470005,1.563,0.1180594485470005,1.0,False,1.5629708619372495,0.11805944854700057
Kırklareli,SPEI,3,2,59,1.289,0.1974794805940471,1.334,0.1821703598488677,0.933,False,1.2887659106840543,0.19747948059404719
Kırklareli,SPEI,3,3,59,0.899,0.3686060897643215,0.899,0.3686060897643215,1.0,False,0.8990874359739037,0.3686060897643215
Kırklareli,SPEI,3,4,59,1.046,0.295469014059198,1.046,0.295469014059198,1.0,False,1.0461993259473819,0.295469014059198
Kırklareli,SPEI,3,5,59,1.16,0.2461583796195205,1.16,0.2461583796195205,1.0,False,1.1597309140080037,0.24615837961952058
Kırklareli,SPEI,3,6,59,2.431,0.0150374494420917,2.072,0.0382833335551666,1.377,False,2.4314758815299298,0.015037449442091733
Kırklareli,SPEI,3,7,59,1.747,0.0806785474310205,1.265,0.2057170728228552,1.905,False,1.7467624797575272,0.08067854743102054
Kırklareli,SPEI,3,8,59,1.035,0.3004772345166944,0.782,0.4340771160119381,1.752,False,0.2498862639267818,0.8026753061109368
Kırklareli,SPEI,6,1,59,0.85,0.3951633622850412,0.85,0.3951633622850412,1.0,False,0.8502909222180471,0.39516336228504123
Kırklareli,SPEI,6,2,59,1.62,0.1053208125317506,1.62,0.1053208125317506,1.0,False,1.619587983818998,0.10532081253175063
Kırklareli,SPEI,6,3,59,1.721,0.0852162882072908,1.721,0.0852162882072908,1.0,False,1.721190350811884,0.08521628820729088
Kırklareli,SPEI,6,4,59,0.989,0.3225465626006045,0.989,0.3225465626006045,1.0,False,0.7856183479553434,0.43209111200151495
Kırklareli,SPEI,6,5,59,0.908,0.3636505099054334,0.908,0.3636505099054334,1.0,False,0.9084310825751102,0.36365050990543346
Kırklareli,SPEI,6,6,59,0.502,0.6154146313211077,0.427,0.6692132192975819,1.383,False,0.5023595441134429,0.6154146313211077
Kırklareli,SPEI,6,7,59,0.847,0.396879069569497,0.847,0.396879069569497,1.0,False,0.8472082254458985,0.39687906956949703
Kırklareli,SPEI,6,8,59,0.74,0.4593067103504631,0.74,0.4593067103504631,1.0,False,0.7399889317228097,0.4593067103504631
Kırklareli,SPEI,6,9,59,1.196,0.231753629135885,1.003,0.3156787790450761,1.42,False,1.195853768404107,0.23175362913588504
Kırklareli,SPEI,6,10,59,0.966,0.3342398204663146,0.966,0.3342398204663146,1.0,False,0.0,1.0
Kırklareli,SPEI,6,11,59,0.602,0.5469992614570118,0.499,0.6174797224759532,1.454,False,0.03345318966018386,0.9733131941581268
Kırklareli,SPEI,9,1,59,1.02,0.3075422258049032,0.837,0.4024926960612891,1.486,False,0.9525340015629004,0.3408262304443561
Kırklareli,SPEI,9,2,59,1.248,0.2119609448771318,1.248,0.2119609448771318,1.0,False,1.2476853823288694,0.21214629652672556
Kırklareli,SPEI,9,3,59,0.713,0.4761375123004956,0.827,0.4080795761974993,0.742,False,0.7781263674739186,0.4364945197338468
Kırklareli,SPEI,9,4,59,0.733,0.4636911430165309,0.733,0.4636911430165309,1.0,False,0.738965460024648,0.4599279712480664
Kırklareli,SPEI,9,5,59,1.412,0.1579917086673559,1.065,0.2867624939734829,1.757,False,0.8463092474731596,0.3973802504080508
Kırklareli,SPEI,9,6,59,1.821,0.0686344523313589,1.547,0.1218451291476985,1.385,False,1.0836991465338541,0.2784982141672119
Kırklareli,SPEI,9,7,59,2.001,0.0453956129376151,1.395,0.163079381781495,2.058,False,1.004714827275999,0.315034186410601
Kırklareli,SPEI,9,8,59,1.643,0.1004145403794358,1.332,0.1827239456638043,1.52,False,0.8218435870759456,0.41116592307677013
Kırklareli,SPEI,9,9,59,1.752,0.0797960228620267,1.251,0.2110263654130326,1.962,False,0.7703365822282356,0.44110026151218595
Kırklareli,SPEI,9,10,59,1.799,0.0719599716124517,1.503,0.1328004054337777,1.433,False,0.6582876248132196,0.5103533284294253
Kırklareli,SPEI,9,11,59,1.802,0.0716175799966072,1.802,0.0716175799966072,1.0,False,0.675199782208115,0.49954884499914165
Kırklareli,SPEI,9,12,59,1.763,0.0778728326642699,1.763,0.0778728326642699,1.0,False,0.5621486335820278,0.5740147553115786
Kırklareli,SPEI,12,1,59,1.356,0.1749802717342201,1.136,0.2558082575843086,1.425,False,1.261101354181868,0.20727233279691615
Kırklareli,SPEI,12,2,59,1.828,0.0675372698585146,1.298,0.1942561034476999,1.983,False,1.6769964816248244,0.09354316985555067
Kırklareli,SPEI,12,3,59,1.701,0.0889689119584731,1.391,0.1642002539253315,1.495,False,1.328181213446861,0.18411824910457764
Kırklareli,SPEI,12,4,59,1.714,0.0864450087504482,1.245,0.2130946299305494,1.896,False,1.3147652415938624,0.18858881243354264
Kırklareli,SPEI,12,5,59,1.654,0.0980953956069663,1.239,0.215166855931518,1.781,False,0.9840858084892069,0.3250733240346071
Kırklareli,SPEI,12,6,59,1.431,0.1525693746769238,1.058,0.2899856023536136,1.828,False,0.7637576313901054,0.44501168964429416
Kırklareli,SPEI,12,7,59,1.5,0.1336994605898942,1.089,0.27597371512963,1.895,False,0.7462072960308416,0.4555422014236341
Kırklareli,SPEI,12,8,59,0.858,0.3911362374827967,0.611,0.5410175645481483,1.968,False,0.5455936418403337,0.5853452958742527
Kırklareli,SPEI,12,9,59,1.01,0.3125523362872369,0.699,0.4845408560577495,2.087,False,0.6172523641108886,0.5370682816724011
Kırklareli,SPEI,12,10,59,1.149,0.2504374245117566,0.786,0.4315941798445668,2.135,False,0.7253281321119477,0.4682507511262486
Kırklareli,SPEI,12,11,59,1.269,0.2045851517003805,0.881,0.3784747330265872,2.075,False,0.8005799497382518,0.4233748620414528
Kırklareli,SPEI,12,12,59,1.36,0.1737306969491625,0.928,0.3531804161586001,2.147,False,0.8103701081507154,0.41772749248747454
Kırklareli,SPI,1,1,59,1.112,0.266241195447527,1.112,0.266241195447527,1.0,False,1.111760369784435,0.266241195447527
Kırklareli,SPI,1,2,59,0.157,0.8750367089325253,0.157,0.8750367089325253,1.0,False,0.15726410415047068,0.8750367089325253
Kırklareli,SPI,1,3,59,-0.244,0.8071873626202231,-0.284,0.7760771193040674,0.736,False,-0.24405611173659678,0.8071873626202231
Kırklareli,SPI,1,4,59,-1.7,0.0890654851813848,-1.398,0.1621114731221831,1.479,False,-1.7003480081807454,0.0890654851813848
Kırklareli,SPI,3,1,59,-0.268,0.7886033272748738,-0.268,0.7886033272748738,1.0,False,-0.26812470853316833,0.7886033272748738
Kırklareli,SPI,3,2,59,-0.674,0.5003268109632655,-0.674,0.5003268109632655,1.0,False,-0.6739756243220003,0.5003268109632655
Kırklareli,SPI,3,3,59,-1.406,0.1597663641945921,-1.406,0.1597663641945921,1.0,False,-1.405857767457035,0.15976636419459211
Kırklareli,SPI,3,4,59,-1.586,0.112656597236848,-1.298,0.1942591031907339,1.493,False,-1.586364726287879,0.11265659723684807
Kırklareli,SPI,3,5,59,-1.268,0.2047277732564585,-1.268,0.2047277732564585,1.0,False,-1.2681965374438537,0.20472777325645852
Kırklareli,SPI,3,6,59,-0.447,0.6546640310935712,-0.431,0.6666687476026194,1.078,False,-0.3501529919219253,0.7262238832395131
Kırklareli,SPI,3,7,59,-0.567,0.5704118063180723,-0.49,0.624183450906119,1.341,False,-0.5028083484528516,0.6150990235056011
Kırklareli,SPI,3,8,59,-0.986,0.324289052865085,-0.768,0.4424180818983723,1.647,False,-0.2934598493185882,0.7691706847663782
Kırklareli,SPI,6,1,59,-0.733,0.4638278522835088,-0.733,0.4638278522835088,1.0,False,-0.732558332987856,0.46382785228350887
Kırklareli,SPI,6,2,59,-0.636,0.5250401408884589,-0.839,0.4012204661250425,0.573,False,-0.6355954423158251,0.5250401408884589
Kırklareli,SPI,6,3,59,-0.693,0.4884846226526953,-0.706,0.4799863343590533,0.962,False,-0.6927210558300232,0.4884846226526953
Kırklareli,SPI,6,4,59,-0.963,0.3357073487692485,-0.821,0.41143282385473,1.374,False,-0.9626815692131098,0.33570734876924857
Kırklareli,SPI,6,5,59,-0.558,0.5768510174933486,-0.523,0.6006415720251934,1.136,False,-0.6046081036565302,0.5454394209528384
Kırklareli,SPI,6,6,59,-0.668,0.50430987685039,-0.654,0.5132801897887711,1.043,False,-0.29914442811562664,0.764829848686664
Kırklareli,SPI,6,7,59,-0.317,0.7514088669083094,-0.355,0.7229365027823862,0.798,False,-0.3167822060362925,0.7514088669083094
Kırklareli,SPI,6,8,59,0.544,0.5861343188321808,0.416,0.6776482579103462,1.716,False,-0.11906418677427591,0.905224503677367
Kırklareli,SPI,6,9,59,0.769,0.4421003361987501,0.769,0.4421003361987501,1.0,False,0.7686513109419573,0.4421003361987501
Kırklareli,SPI,6,10,59,0.783,0.4336614326273824,0.783,0.4336614326273824,1.0,False,-0.05017978449027578,0.9599791208959614
Kırklareli,SPI,6,11,59,0.763,0.445543236181362,0.763,0.445543236181362,1.0,False,-0.01672659483009193,0.9866547305208013
Kırklareli,SPI,9,1,59,-0.838,0.4021054426257011,-0.838,0.4021054426257011,1.0,False,-0.837866931857896,0.40210544262570114
Kırklareli,SPI,9,2,59,-0.943,0.3456786302904904,-0.893,0.3721204252993759,1.116,False,-1.0866937200928863,0.277172190286181
Kırklareli,SPI,9,3,59,-1.219,0.2230225914722967,-0.896,0.3702969110444893,1.85,False,-0.9257020578569031,0.3546008381463439
Kırklareli,SPI,9,4,59,-0.821,0.4114684993596027,-0.541,0.5884079754886928,2.304,False,-0.4697351871374275,0.6385442250591447
Kırklareli,SPI,9,5,59,0.095,0.9243857494793768,0.062,0.950742607697756,2.361,False,0.20220941270326168,0.8397530148550916
Kırklareli,SPI,9,6,59,-0.042,0.9666076768050402,-0.025,0.9803245671775768,2.881,False,0.006770473979785276,0.9945979846130268
Kırklareli,SPI,9,7,59,0.433,0.6651556295385219,0.237,0.8127439714464681,3.338,False,-0.04127930096572454,0.9670732344396031
Kırklareli,SPI,9,8,59,0.532,0.5947704241138589,0.277,0.7816095824343119,3.682,False,0.006935419821470658,0.9944663799630296
Kırklareli,SPI,9,9,59,0.508,0.6112254857929007,0.295,0.7676718882952076,2.961,False,0.0485479387502946,0.9612795598588828
Kırklareli,SPI,9,10,59,0.71,0.4778221348680438,0.375,0.7080005757084997,3.592,False,0.06376300484640943,0.9491589361429902
Kırklareli,SPI,9,11,59,0.452,0.6514440203448562,0.234,0.8150227355575708,3.729,False,0.0,1.0
Kırklareli,SPI,9,12,59,0.221,0.8247649570809588,0.142,0.8872829311843453,2.44,False,-0.26327450810204006,0.79233900638558
Kırklareli,SPI,12,1,59,-0.033,0.9738458950248234,-0.022,0.982245759571424,2.17,False,-0.1274546001778589,0.8985806038649709
Kırklareli,SPI,12,2,59,-0.132,0.8948327262647218,-0.083,0.9338917602682182,2.54,False,-0.10736804277426915,0.9144970060934896
Kırklareli,SPI,12,3,59,-0.214,0.8308211753659032,-0.152,0.8793356486560071,1.981,False,-0.3827371438756801,0.701914670838951
Kırklareli,SPI,12,4,59,-0.244,0.8071873626202231,-0.153,0.8785521516718839,2.551,False,-0.3568504432926253,0.7212037707519223
Kırklareli,SPI,12,5,59,-0.322,0.747568337645192,-0.199,0.8425120582098848,2.624,False,-0.539912355717175,0.5892574765145362
Kırklareli,SPI,12,6,59,-0.393,0.6946404551269634,-0.224,0.8227587913588721,3.071,False,-0.31766910332154824,0.7507359500821451
Kırklareli,SPI,12,7,59,-0.654,0.5133266807431647,-0.398,0.6907012741723944,2.699,False,-0.45793124780606753,0.6470018363584185
Kırklareli,SPI,12,8,59,-0.138,0.8898855278122955,-0.08,0.9359101261890002,2.964,False,-0.14503122124869627,0.8846862213983595
Kırklareli,SPI,12,9,59,0.052,0.9588719644344867,0.033,0.973317248360064,2.377,False,-0.13935224019889497,0.8891718108337527
Kırklareli,SPI,12,10,59,0.0,1.0,0.0,1.0,2.544,False,-0.2605547659042919,0.7944358765127628
Kırklareli,SPI,12,11,59,-0.03,0.9759038246405424,-0.021,0.9835963878410344,2.158,False,-0.3613236941296535,0.7178574831240956
Kırklareli,SPI,12,12,59,-0.101,0.9195092848331244,-0.069,0.944944750834281,2.141,False,-0.4705452686045201,0.6379654999894269
Lüleburgaz,SPEI,1,1,59,2.649,0.0080838141440509,2.196,0.0280955031454708,1.455,False,2.6485489501447117,0.008083814144050905
Lüleburgaz,SPEI,1,2,59,2.683,0.0072992697244205,2.191,0.0284271589390856,1.499,False,2.29413118686276,0.02178296446342709
Lüleburgaz,SPEI,1,3,59,1.998,0.0456739449303489,1.773,0.0762195133280458,1.27,False,1.730660369036819,0.08351235760833964
Lüleburgaz,SPEI,1,4,59,1.163,0.2448782865691292,0.949,0.3425989358043628,1.501,False,1.1628797694273576,0.24487828656912924
Lüleburgaz,SPEI,1,5,59,2.588,0.0096581964515329,2.074,0.0381139020457146,1.557,False,1.4552137502179978,0.14561009539686687
Lüleburgaz,SPEI,3,1,59,1.759,0.0785503916928624,1.737,0.0824118607591146,1.026,False,1.462340931976847,0.14364780715924153
Lüleburgaz,SPEI,3,2,59,2.041,0.0412808330711353,2.041,0.0412808330711353,1.0,False,1.8514041157138061,0.06411143743108783
Lüleburgaz,SPEI,3,3,59,2.056,0.039756153667853,2.056,0.039756153667853,1.0,False,2.38804298983375,0.016938360293055732
Lüleburgaz,SPEI,3,4,59,2.27,0.0232005153501151,1.875,0.060729289359251,1.465,False,2.2701165019251657,0.023200515350115136
Lüleburgaz,SPEI,3,5,59,2.452,0.0141942016145735,2.452,0.0141942016145735,1.0,False,2.452310765864085,0.01419420161457352
Lüleburgaz,SPEI,3,6,59,2.89,0.003855433955977,2.89,0.003855433955977,1.0,False,1.488302334678449,0.1366711795458324
Lüleburgaz,SPEI,3,7,59,2.366,0.0179835950618996,2.366,0.0179835950618996,1.0,False,1.13584144924023,0.25602292636194646
Lüleburgaz,SPEI,3,8,59,2.831,0.0046350569359774,2.831,0.0046350569359774,1.0,False,1.217776882289572,0.22330877159682982
Lüleburgaz,SPEI,3,9,59,3.013,0.0025872040246008,3.013,0.0025872040246008,1.0,False,3.012951334962625,0.0025872040246008865
Lüleburgaz,SPEI,6,1,59,2.645,0.0081807475463417,2.645,0.0081807475463417,1.0,False,2.644517503676484,0.008180747546341793
Lüleburgaz,SPEI,6,2,59,2.739,0.006164533024705,2.739,0.006164533024705,1.0,False,2.7388988816819637,0.006164533024705099
Lüleburgaz,SPEI,6,3,59,2.617,0.008860396397295,2.617,0.008860396397295,1.0,False,2.6173941501044626,0.008860396397295078
Lüleburgaz,SPEI,6,4,59,2.398,0.0164828670823165,2.013,0.0440751725093395,1.419,False,2.398044401504302,0.0164828670823165
Lüleburgaz,SPEI,6,5,59,2.306,0.0211155687831943,1.903,0.0570785215014135,1.469,False,2.30591166349392,0.021115568783194316
Lüleburgaz,SPEI,6,6,59,2.024,0.0430111158893604,1.835,0.0664887269932685,1.216,False,1.5792436404727368,0.1142801835926901
Lüleburgaz,SPEI,6,7,59,2.997,0.0027277741888049,2.997,0.0027277741888049,1.0,False,1.865627931975607,0.062093438907353304
Lüleburgaz,SPEI,6,8,59,3.129,0.0017540645867009,2.405,0.0161575691257431,1.692,False,1.8114383255644935,0.07007302786857239
Lüleburgaz,SPEI,6,9,59,3.024,0.0024964484806064,3.024,0.0024964484806064,1.0,False,1.6209367903742564,0.10503119560244856
Lüleburgaz,SPEI,6,10,59,3.074,0.0021118948830136,3.074,0.0021118948830136,1.0,False,1.606201001370854,0.1082297534195229
Lüleburgaz,SPEI,6,11,59,3.552,0.0003817498475156,2.851,0.004354703182865,1.552,False,1.7418833885914131,0.08152885120702269
Lüleburgaz,SPEI,6,12,59,3.735,0.0001879084153304,2.322,0.0202420763012596,2.587,False,1.8162785268636945,0.06932765746768399
Lüleburgaz,SPEI,9,1,59,2.789,0.0052922477936963,2.155,0.0311242171233694,1.674,False,2.7886852064413428,0.005292247793696303
Lüleburgaz,SPEI,9,2,59,2.637,0.0083535845059947,2.372,0.0176992736979644,1.236,False,2.6374341395879712,0.008353584505994771
Lüleburgaz,SPEI,9,3,59,2.403,0.0162417518905266,2.011,0.0443586052952769,1.429,False,2.403437302259376,0.01624175189052668
Lüleburgaz,SPEI,9,4,59,3.091,0.0019923022581405,3.091,0.0019923022581405,1.0,False,3.091377415330226,0.0019923022581405103
Lüleburgaz,SPEI,9,5,59,3.086,0.0020315071504433,3.086,0.0020315071504433,1.0,False,2.549034652069733,0.010802156637041316
Lüleburgaz,SPEI,9,6,59,3.001,0.0026928102298808,3.001,0.0026928102298808,1.0,False,1.8658989649411408,0.0620555024536229
Lüleburgaz,SPEI,9,7,59,2.984,0.0028483577258733,2.984,0.0028483577258733,1.0,False,1.871593378971271,0.06126288011402581
Lüleburgaz,SPEI,9,8,59,3.039,0.0023710551969964,2.477,0.0132622587306316,1.506,False,1.711595268249915,0.08697128092614559
Lüleburgaz,SPEI,9,9,59,3.25,0.0011560132564032,2.647,0.0081207793932833,1.507,False,2.212091376303304,0.026960351866124554
Lüleburgaz,SPEI,9,10,59,3.535,0.0004085029561085,2.472,0.0134422791144361,2.045,False,1.949676058428768,0.05121474164543938
Lüleburgaz,SPEI,9,11,59,3.605,0.0003119758188967,2.434,0.0149361954363222,2.194,False,2.0383562506723556,0.04151431817987605
Lüleburgaz,SPEI,9,12,59,3.807,0.0001406145805427,2.273,0.0230185204351323,2.805,False,2.133083156002287,0.03291790528362215
Lüleburgaz,SPEI,12,1,59,3.231,0.0012347481738124,2.936,0.0033270541353227,1.211,False,3.1393374136016714,0.0016933035056956314
Lüleburgaz,SPEI,12,2,59,3.191,0.0014159763063739,2.305,0.0211818083506383,1.917,False,2.857602004688701,0.004268554124290169
Lüleburgaz,SPEI,12,3,59,2.911,0.0036031856141933,2.443,0.0145574476643604,1.42,False,2.468538820951742,0.013566593571407548
Lüleburgaz,SPEI,12,4,59,3.106,0.0018946984743162,2.595,0.0094515408734683,1.433,False,2.6429464550407236,0.008218803154788734
Lüleburgaz,SPEI,12,5,59,3.326,0.0008795167761714,2.737,0.0062078859275698,1.478,False,2.8978499202476966,0.003757303387038835
Lüleburgaz,SPEI,12,6,59,3.212,0.0013176703357029,2.138,0.0324983001069558,2.257,False,2.7502742298647123,0.005954540897469052
Lüleburgaz,SPEI,12,7,59,3.16,0.0015752291815409,2.249,0.0244991233047049,1.974,False,1.853384794645303,0.0638272251590819
Lüleburgaz,SPEI,12,8,59,2.023,0.0430954855093184,1.57,0.1164916338999482,1.661,False,2.0227833841250065,0.04309548550931841
Lüleburgaz,SPEI,12,9,59,2.236,0.0253482661618964,1.751,0.0799956763213507,1.631,False,2.2360535110754465,0.02534826616189645
Lüleburgaz,SPEI,12,10,59,2.521,0.0116953472527596,3.494,0.0004754896071046,0.521,False,2.5212056673024845,0.011695347252759669
Lüleburgaz,SPEI,12,11,59,2.849,0.0043864360329186,2.489,0.0128242475404307,1.311,False,2.8489457423744904,0.004386436032918661
Lüleburgaz,SPEI,12,12,59,2.831,0.0046350569359774,2.479,0.0131770070167838,1.305,False,2.8313596575450184,0.004635056935977433
Lüleburgaz,SPI,1,1,59,1.687,0.0915395270106083,1.687,0.0915395270106083,1.0,False,1.687332021608546,0.0915395270106083
Lüleburgaz,SPI,1,2,59,1.453,0.1461750438544695,1.453,0.1461750438544695,1.0,False,1.4531754599410383,0.14617504385446956
Lüleburgaz,SPI,1,3,59,0.867,0.3858116664451581,1.093,0.2745728398681371,0.63,False,0.8672379142586463,0.3858116664451581
Lüleburgaz,SPI,1,4,59,0.614,0.5391595307211186,0.903,0.366685619483049,0.463,False,0.6140844387258126,0.5391595307211186
Lüleburgaz,SPI,3,1,59,0.87,0.3844258927825115,1.203,0.2289192946756504,0.523,False,0.8697703959734485,0.3844258927825115
Lüleburgaz,SPI,3,2,59,0.988,0.3231226019811533,0.988,0.3231226019811533,1.0,False,0.988061352161379,0.3231226019811533
Lüleburgaz,SPI,3,3,59,0.773,0.4394146885823209,0.773,0.4394146885823209,1.0,False,0.7731819809532816,0.4394146885823209
Lüleburgaz,SPI,3,4,59,1.487,0.1370001619987628,1.487,0.1370001619987628,1.0,False,1.487055466854623,0.13700016199876286
Lüleburgaz,SPI,3,5,59,1.081,0.2796515414981479,1.081,0.2796515414981479,1.0,False,1.0811024550014663,0.27965154149814797
Lüleburgaz,SPI,3,6,59,1.406,0.1595856241941411,1.406,0.1595856241941411,1.0,False,0.4415886366903958,0.6587869083243949
Lüleburgaz,SPI,3,7,59,1.477,0.1396136930095732,1.138,0.2550778089969789,1.685,False,0.7058899078203877,0.48025660415319504
Lüleburgaz,SPI,3,8,59,1.004,0.3154903639343849,0.791,0.4289544380588523,1.61,False,0.41110320839567327,0.6809968574857819
Lüleburgaz,SPI,6,1,59,1.308,0.1908448465890475,1.661,0.0966132193785438,0.62,False,1.308083920722986,0.19084484658904755
Lüleburgaz,SPI,6,2,59,1.329,0.1839218428967468,1.329,0.1839218428967468,1.0,False,1.3287761198745391,0.18392184289674685
Lüleburgaz,SPI,6,3,59,0.93,0.3522543841428081,0.93,0.3522543841428081,1.0,False,0.9302254178288882,0.3522543841428081
Lüleburgaz,SPI,6,4,59,0.867,0.3858116664451581,0.867,0.3858116664451581,1.0,False,0.8672379142586463,0.3858116664451581
Lüleburgaz,SPI,6,5,59,0.695,0.487167245516122,0.695,0.487167245516122,1.0,False,0.6948213836614907,0.487167245516122
Lüleburgaz,SPI,6,6,59,1.258,0.208343904692817,1.258,0.208343904692817,1.0,False,1.2581323248935312,0.20834390469281705
Lüleburgaz,SPI,6,7,59,2.232,0.0256011199465682,2.232,0.0256011199465682,1.0,False,2.232209498348759,0.025601119946568218
Lüleburgaz,SPI,6,8,59,1.994,0.0462058291371365,1.994,0.0462058291371365,1.0,False,1.9935081761611846,0.046205829137136556
Lüleburgaz,SPI,6,9,59,2.228,0.0258656932786967,2.228,0.0258656932786967,1.0,False,2.2282223215752026,0.0258656932786967
Lüleburgaz,SPI,6,10,59,2.244,0.0248307724858949,2.244,0.0248307724858949,1.0,False,2.2440253167636794,0.024830772485894936
Lüleburgaz,SPI,6,11,59,1.914,0.0555793835334703,2.392,0.0167432801233728,0.64,False,1.9143191929350944,0.05557938353347036
Lüleburgaz,SPI,6,12,59,2.849,0.0043864360329186,2.345,0.0190043537082047,1.475,False,2.8489457423744904,0.004386436032918661
Lüleburgaz,SPI,9,1,59,0.903,0.3663532802637026,0.903,0.3663532802637026,1.0,False,0.9033252859092941,0.3663532802637026
Lüleburgaz,SPI,9,2,59,0.952,0.3413055171221313,0.952,0.3413055171221313,1.0,False,0.9515888920891682,0.3413055171221313
Lüleburgaz,SPI,9,3,59,0.744,0.4567002260621362,0.744,0.4567002260621362,1.0,False,0.7442913617908262,0.4567002260621362
Lüleburgaz,SPI,9,4,59,1.607,0.1081107320109791,1.607,0.1081107320109791,1.0,False,1.6067431124636933,0.1081107320109791
Lüleburgaz,SPI,9,5,59,1.675,0.0940261273866063,1.675,0.0940261273866063,1.0,False,1.6745318137114762,0.09402612738660632
Lüleburgaz,SPI,9,6,59,1.991,0.0464967188420633,1.991,0.0464967188420633,1.0,False,1.9908560168811336,0.0464967188420633
Lüleburgaz,SPI,9,7,59,2.308,0.0209824960719744,2.308,0.0209824960719744,1.0,False,2.308299287098744,0.020982496071974444
Lüleburgaz,SPI,9,8,59,2.077,0.0378259443584172,1.884,0.0595017671004998,1.214,False,2.0767358663072875,0.03782594435841724
Lüleburgaz,SPI,9,9,59,2.262,0.0237173290219407,2.262,0.0237173290219407,1.0,False,2.261677610538181,0.02371732902194079
Lüleburgaz,SPI,9,10,59,2.058,0.0396338745269793,1.862,0.0625871177093451,1.221,False,2.0575445465753304,0.03963387452697931
Lüleburgaz,SPI,9,11,59,1.78,0.0750649063913744,1.78,0.0750649063913744,1.0,False,1.7800675502305203,0.07506490639137442
Lüleburgaz,SPI,9,12,59,1.975,0.0482256759121786,1.975,0.0482256759121786,1.0,False,1.9753743985595769,0.048225675912178634
Lüleburgaz,SPI,12,1,59,2.21,0.0271245135209095,2.003,0.0452134674171611,1.217,False,2.209721257275313,0.0271245135209095
Lüleburgaz,SPI,12,2,59,1.855,0.063621697519989,1.668,0.0952991378984298,1.236,False,1.8548216626914185,0.06362169751998903
Lüleburgaz,SPI,12,3,59,1.487,0.1370001619987628,1.334,0.1823282916174271,1.243,False,1.487055466854623,0.13700016199876286
Lüleburgaz,SPI,12,4,59,1.559,0.1189378405815499,1.559,0.1189378405815499,1.0,False,1.5592473805393683,0.11893784058154999
Lüleburgaz,SPI,12,5,59,1.6,0.1096155776982465,1.6,0.1096155776982465,1.0,False,1.5999233991621344,0.10961557769824659
Lüleburgaz,SPI,12,6,59,1.499,0.1339685146142186,1.499,0.1339685146142186,1.0,False,1.4986343569169407,0.13396851461421866
Lüleburgaz,SPI,12,7,59,1.228,0.2194507231558282,1.095,0.2735204227486623,1.258,False,1.2279899967217491,0.21945072315582825
Lüleburgaz,SPI,12,8,59,0.707,0.4796182721921982,0.64,0.5220860951523627,1.22,False,0.7069166566739904,0.4796182721921982
Lüleburgaz,SPI,12,9,59,0.765,0.4444953909308951,0.692,0.4891349030773368,1.222,False,0.764624138851459,0.4444953909308951
Lüleburgaz,SPI,12,10,59,0.911,0.3623749066424169,0.911,0.3623749066424169,1.0,False,0.9108490641698629,0.3623749066424169
Lüleburgaz,SPI,12,11,59,1.009,0.3128390062184558,1.009,0.3128390062184558,1.0,False,1.0092828424877225,0.31283900621845584
Lüleburgaz,SPI,12,12,59,0.921,0.3571138616344793,0.921,0.3571138616344793,1.0,False,0.9208785059194549,0.35711386163447933
Sarıyer,SPEI,1,1,59,2.511,0.0120297484034717,2.077,0.0377741458508469,1.461,False,2.511270482336606,0.012029748403471707
Sarıyer,SPEI,1,2,59,1.72,0.0853886904467249,1.72,0.0853886904467249,1.0,False,1.720240739628042,0.08538869044672492
Sarıyer,SPEI,1,3,59,1.298,0.1944351722639095,1.573,0.1158106275204227,0.681,False,1.297569896219405,0.1944351722639095
Sarıyer,SPEI,1,4,59,1.962,0.0497561517998688,1.962,0.0497561517998688,1.0,False,1.9620543940339326,0.04975615179986881
Sarıyer,SPEI,1,5,59,0.985,0.3247121261197452,0.985,0.3247121261197452,1.0,False,0.9848207504504412,0.3247121261197452
Sarıyer,SPEI,3,1,59,1.576,0.1150142539483105,1.576,0.1150142539483105,1.0,False,1.5760501160120381,0.11501425394831055
Sarıyer,SPEI,3,2,59,1.066,0.2864420826133109,1.066,0.2864420826133109,1.0,False,1.065959207095279,0.28644208261331094
Sarıyer,SPEI,3,3,59,1.028,0.3041031352221757,1.028,0.3041031352221757,1.0,False,1.0276741419719342,0.3041031352221757
Sarıyer,SPEI,3,4,59,0.066,0.947301545204552,0.066,0.947301545204552,1.0,False,0.06609581187132482,0.9473015452045521
Sarıyer,SPEI,3,5,59,1.772,0.0763592336401766,1.772,0.0763592336401766,1.0,False,1.772212836177979,0.0763592336401766
Sarıyer,SPEI,3,6,59,2.28,0.0225808628531911,1.855,0.0635512322757043,1.511,False,2.090009603298976,0.036616937052000864
Sarıyer,SPEI,3,7,59,1.68,0.0929239615046033,1.68,0.0929239615046033,1.0,False,1.6801714548149589,0.09292396150460336
Sarıyer,SPEI,3,8,59,1.545,0.1223524172958565,1.315,0.1885588375825715,1.381,False,1.544974558672856,0.12235241729585655
Sarıyer,SPEI,3,9,59,1.044,0.2965214437661023,1.044,0.2965214437661023,1.0,False,1.0439220755152707,0.29652144376610234
Sarıyer,SPEI,6,1,59,0.543,0.587205773512167,0.543,0.587205773512167,1.0,False,0.5428896630765304,0.587205773512167
Sarıyer,SPEI,6,2,59,0.739,0.4596579801899096,0.739,0.4596579801899096,1.0,False,0.7394101509552042,0.45965798018990967
Sarıyer,SPEI,6,3,59,0.774,0.4386865071045052,0.774,0.4386865071045052,1.0,False,0.774413154400496,0.4386865071045052
Sarıyer,SPEI,6,4,59,0.948,0.343096254552846,0.948,0.343096254552846,1.0,False,0.9480652165668612,0.343096254552846
Sarıyer,SPEI,6,5,59,0.867,0.3858116664451581,0.867,0.3858116664451581,1.0,False,0.8672379142586463,0.3858116664451581
Sarıyer,SPEI,6,6,59,1.357,0.1748570601809278,1.357,0.1748570601809278,1.0,False,1.3567613239473524,0.17485706018092784
Sarıyer,SPEI,6,7,59,2.543,0.0109876738728291,2.543,0.0109876738728291,1.0,False,2.543090587162257,0.010987673872829173
Sarıyer,SPEI,6,8,59,1.998,0.0457268982135063,1.998,0.0457268982135063,1.0,False,1.9979055742108283,0.045726898213506395
Sarıyer,SPEI,6,9,59,0.676,0.4992679254278604,0.813,0.4161582951200748,0.69,False,0.6756420680947393,0.49926792542786047
Sarıyer,SPEI,6,10,59,1.04,0.2983677730271323,1.425,0.1542085527946932,0.533,False,1.0399400089214716,0.29836777302713235
Sarıyer,SPEI,6,11,59,0.946,0.3439971653140399,0.946,0.3439971653140399,1.0,False,0.9462969171871244,0.3439971653140399
Sarıyer,SPEI,9,1,59,1.407,0.1594562835108499,1.14,0.2543522208263646,1.523,False,1.406902562930888,0.15945628351084995
Sarıyer,SPEI,9,2,59,1.408,0.1592614873261206,1.408,0.1592614873261206,1.0,False,1.407559701475048,0.15926148732612067
Sarıyer,SPEI,9,3,59,1.225,0.2205212215827932,1.225,0.2205212215827932,1.0,False,1.225143330871628,0.2205212215827932
Sarıyer,SPEI,9,4,59,1.335,0.1817771572717927,1.335,0.1817771572717927,1.0,False,1.3353031219251565,0.18177715727179278
Sarıyer,SPEI,9,5,59,1.789,0.0736690465351781,1.789,0.0736690465351781,1.0,False,1.7886633637164917,0.07366904653517814
Sarıyer,SPEI,9,6,59,1.216,0.2240000487815963,1.216,0.2240000487815963,1.0,False,1.2159602916568766,0.2240000487815963
Sarıyer,SPEI,9,7,59,1.202,0.2292392748530138,1.202,0.2292392748530138,1.0,False,1.202320764704219,0.22923927485301387
Sarıyer,SPEI,9,8,59,1.554,0.1201008340995757,1.294,0.1956758035060173,1.443,False,1.5543504984257008,0.12010083409957573
Sarıyer,SPEI,9,9,59,1.485,0.1376272441145842,1.25,0.2112889320853428,1.411,False,1.484685161982661,0.13762724411458427
Sarıyer,SPEI,9,10,59,1.122,0.2618570578003161,0.941,0.3469608752951651,1.423,False,1.1220126583818397,0.2618570578003161
Sarıyer,SPEI,9,11,59,1.65,0.0989242400118652,1.347,0.1778302648921581,1.5,False,1.6500914168059448,0.09892424001186528
Sarıyer,SPEI,9,12,59,1.663,0.0963070613560512,1.382,0.1668212296124123,1.447,False,1.6630268481331736,0.09630706135605127
Sarıyer,SPEI,12,1,59,2.202,0.0276933688708591,2.202,0.0276933688708591,1.0,False,2.201602928816124,0.02769336887085916
Sarıyer,SPEI,12,2,59,2.069,0.0385607183752769,2.069,0.0385607183752769,1.0,False,2.0688441024106243,0.03856071837527697
Sarıyer,SPEI,12,3,59,2.181,0.0291714517690742,2.181,0.0291714517690742,1.0,False,2.181161791753719,0.029171451769074208
Sarıyer,SPEI,12,4,59,2.37,0.0177939755403131,2.37,0.0177939755403131,1.0,False,2.369877587098874,0.017793975540313145
Sarıyer,SPEI,12,5,59,2.275,0.022893968890312,2.275,0.022893968890312,1.0,False,2.275199432773901,0.022893968890312033
Sarıyer,SPEI,12,6,59,2.079,0.0375980221186449,1.79,0.0733810146226576,1.349,False,2.0792103353584164,0.037598022118644936
Sarıyer,SPEI,12,7,59,2.218,0.0265839799033393,1.888,0.0590125199771569,1.379,False,2.217572716312437,0.026583979903339383
Sarıyer,SPEI,12,8,59,2.215,0.026735381989454,1.876,0.0606409604528048,1.394,False,2.2153597459425405,0.02673538198945402
Sarıyer,SPEI,12,9,59,2.467,0.013625231222496,1.766,0.0773534423245496,1.951,False,1.535772346458198,0.12459422425185784
Sarıyer,SPEI,12,10,59,2.543,0.0109876738728291,1.806,0.0708926807903371,1.982,False,1.567718439212098,0.1169468564534124
Sarıyer,SPEI,12,11,59,2.188,0.0286690683863293,1.755,0.0793018243773964,1.555,False,1.1947810131440217,0.23217260045333132
Sarıyer,SPEI,12,12,59,2.473,0.0133917281660804,1.879,0.0601846428653216,1.732,False,1.2823448752444564,0.1997216924681915
Sarıyer,SPI,1,1,59,0.837,0.4025620118966029,1.393,0.1635174902341114,0.361,False,0.837054361942334,0.4025620118966029
Sarıyer,SPI,1,2,59,0.425,0.6707637791551055,0.425,0.6707637791551055,1.0,False,0.4250999982996,0.6707637791551055
Sarıyer,SPI,1,3,59,0.26,0.7951602488032501,0.35,0.7266578310841512,0.552,False,0.25961566867385893,0.7951602488032501
Sarıyer,SPI,1,4,59,0.418,0.6757724544972596,0.387,0.698902123089379,1.169,False,0.41823890360391497,0.6757724544972596
Sarıyer,SPI,1,5,59,-0.097,0.9230751007444902,-0.097,0.9230751007444902,1.0,False,-0.0965609099170535,0.9230751007444902
Sarıyer,SPI,3,1,59,-0.268,0.7886033272748738,-0.228,0.8194993853923154,1.381,False,-0.26812470853316833,0.7886033272748738
Sarıyer,SPI,3,2,59,0.039,0.9687014958215588,0.039,0.9687014958215588,1.0,False,0.0392369232160469,0.9687014958215587
Sarıyer,SPI,3,3,59,0.255,0.7985052151340777,0.255,0.7985052151340777,1.0,False,0.2552821117000346,0.7985052151340777
Sarıyer,SPI,3,4,59,-0.644,0.5195749321606715,-0.592,0.5537520464606251,1.183,False,-0.6440007738873906,0.5195749321606715
Sarıyer,SPI,3,5,59,-0.263,0.7922843162721407,-0.263,0.7922843162721407,1.0,False,-0.2633454698080495,0.7922843162721407
Sarıyer,SPI,3,6,59,0.476,0.634261682455179,0.476,0.634261682455179,1.0,False,0.475737105527166,0.634261682455179
Sarıyer,SPI,3,7,59,0.497,0.6190525385740497,0.398,0.6904212796644817,1.558,False,0.4971935937717735,0.6190525385740497
Sarıyer,SPI,3,8,59,0.625,0.5319858113377696,0.625,0.5319858113377696,1.0,False,0.6249775214937953,0.5319858113377696
Sarıyer,SPI,3,9,59,0.116,0.907753121572196,0.116,0.907753121572196,1.0,False,0.11587309190046421,0.9077531215721959
Sarıyer,SPI,6,1,59,-0.641,0.5215716940130992,-0.587,0.556893286562105,1.19,False,-0.6409245663474322,0.5215716940130992
Sarıyer,SPI,6,2,59,-0.334,0.7385075016411433,-0.334,0.7385075016411433,1.0,False,-0.3338304537615837,0.7385075016411433
Sarıyer,SPI,6,3,59,-0.663,0.5074388717470188,-0.769,0.4420139410860078,0.743,False,-0.6628308834552137,0.5074388717470188
Sarıyer,SPI,6,4,59,-0.463,0.6436004353349007,-0.463,0.6436004353349007,1.0,False,-0.4626706830992737,0.6436004353349007
Sarıyer,SPI,6,5,59,-0.262,0.7931763451903104,-0.262,0.7931763451903104,1.0,False,-0.2621882066363349,0.7931763451903104
Sarıyer,SPI,6,6,59,-0.04,0.9676953353958236,-0.048,0.9618855318411668,0.718,False,-0.040498960961861556,0.9676953353958235
Sarıyer,SPI,6,7,59,0.766,0.4436017680064243,0.766,0.4436017680064243,1.0,False,0.7661252704658933,0.44360176800642437
Sarıyer,SPI,6,8,59,0.503,0.6149448134640467,0.616,0.5377178130832214,0.666,False,0.5030276768632046,0.6149448134640467
Sarıyer,SPI,6,9,59,-0.529,0.5970956485242656,-0.764,0.4448425555754296,0.479,False,-0.5285817133760716,0.5970956485242656
Sarıyer,SPI,6,10,59,-0.086,0.9316865915113792,-0.086,0.9316865915113792,1.0,False,-0.08572303340892647,0.9316865915113792
Sarıyer,SPI,6,11,59,-0.562,0.5740397900314806,-0.562,0.5740397900314806,1.0,False,-0.562111886815915,0.5740397900314806
Sarıyer,SPI,6,12,59,-0.562,0.5740397900314806,-0.562,0.5740397900314806,1.0,False,-0.562111886815915,0.5740397900314806
Sarıyer,SPI,9,1,59,0.209,0.8341842279671019,0.209,0.8341842279671019,1.0,False,0.20933820650002286,0.8341842279671019
Sarıyer,SPI,9,2,59,0.302,0.7625043869473456,0.302,0.7625043869473456,1.0,False,0.3021937257150636,0.7625043869473456
Sarıyer,SPI,9,3,59,0.02,0.9842348687784026,0.028,0.9780446367049752,0.516,False,0.01975994765816353,0.9842348687784026
Sarıyer,SPI,9,4,59,0.126,0.899352432081991,0.126,0.899352432081991,1.0,False,0.12647942832829023,0.899352432081991
Sarıyer,SPI,9,5,59,0.397,0.6916302244595358,0.397,0.6916302244595358,1.0,False,0.3966436972190707,0.6916302244595358
Sarıyer,SPI,9,6,59,0.103,0.9181873898274812,0.124,0.9011888333332012,0.684,False,0.10271724082078766,0.9181873898274813
Sarıyer,SPI,9,7,59,0.246,0.8056795020733314,0.302,0.7623987579486153,0.662,False,0.24600352721381893,0.8056795020733314
Sarıyer,SPI,9,8,59,0.649,0.5162031824313889,0.796,0.4260177217918293,0.665,False,0.6492091744965218,0.5162031824313889
Sarıyer,SPI,9,9,59,0.67,0.5026031199670178,0.798,0.4248361719986109,0.706,False,0.6703995523093632,0.5026031199670178
Sarıyer,SPI,9,10,59,0.378,0.7057586977654928,0.378,0.7057586977654928,1.0,False,0.37755836669719406,0.7057586977654928
Sarıyer,SPI,9,11,59,0.59,0.5554714429797829,0.59,0.5554714429797829,1.0,False,0.589581223540783,0.5554714429797829
Sarıyer,SPI,9,12,59,0.745,0.4559859652909046,0.636,0.524970191841245,1.375,False,0.7454727720595385,0.4559859652909046
Sarıyer,SPI,12,1,59,1.134,0.2566405129236142,1.134,0.2566405129236142,1.0,False,1.1343672923104724,0.25664051292361423
Sarıyer,SPI,12,2,59,0.876,0.3810167985122579,0.876,0.3810167985122579,1.0,False,0.8760243461785832,0.3810167985122579
Sarıyer,SPI,12,3,59,0.848,0.3965459814579652,0.848,0.3965459814579652,1.0,False,0.8478060710862912,0.39654598145796527
Sarıyer,SPI,12,4,59,0.668,0.5043560366933102,0.668,0.5043560366933102,1.0,False,0.6676515609625783,0.5043560366933102
Sarıyer,SPI,12,5,59,0.654,0.5131443171956143,0.654,0.5131443171956143,1.0,False,0.653949537563756,0.5131443171956143
Sarıyer,SPI,12,6,59,0.485,0.6275982650295053,0.485,0.6275982650295053,1.0,False,0.48511007596219646,0.6275982650295053
Sarıyer,SPI,12,7,59,0.457,0.6477690214561458,0.457,0.6477690214561458,1.0,False,0.4568636933970923,0.6477690214561458
Sarıyer,SPI,12,8,59,0.329,0.7423591711961806,0.329,0.7423591711961806,1.0,False,0.3287308010108286,0.7423591711961806
Sarıyer,SPI,12,9,59,0.505,0.6136006489852375,0.505,0.6136006489852375,1.0,False,0.5049404690528503,0.6136006489852375
Sarıyer,SPI,12,10,59,0.634,0.5261128342034918,0.634,0.5261128342034918,1.0,False,0.6339509486622246,0.5261128342034918
Sarıyer,SPI,12,11,59,0.788,0.4305376213918204,0.788,0.4305376213918204,1.0,False,0.7882720010670534,0.4305376213918204
Sarıyer,SPI,12,12,59,0.997,0.3188838885662122,0.997,0.3188838885662122,1.0,False,0.9967540880805923,0.3188838885662122
Tekirdağ,SPEI,1,1,59,2.178,0.0294286915571595,2.426,0.0152534325749467,0.806,False,2.1776958034523184,0.029428691557159548
Tekirdağ,SPEI,1,2,59,2.675,0.0074683950902338,2.675,0.0074683950902338,1.0,False,2.6752032794976013,0.0074683950902338925
Tekirdağ,SPEI,1,3,59,2.569,0.0101885400751287,2.569,0.0101885400751287,1.0,False,2.56936391231361,0.010188540075128705
Tekirdağ,SPEI,1,4,59,3.418,0.0006319777332626,2.06,0.0394149712691129,2.753,False,2.9132728927904186,0.003576618914569618
Tekirdağ,SPEI,1,5,59,3.056,0.0022395539204544,2.402,0.0162856719044282,1.619,False,2.3871978185511775,0.016977353306907972
Tekirdağ,SPEI,1,6,59,4.345,1.391228696978608e-05,2.738,0.0061894995036368,2.519,False,2.578083051408404,0.009935011645285652
Tekirdağ,SPEI,3,1,59,2.387,0.0169881607835964,1.926,0.0541555885945153,1.537,False,2.455122849098743,0.014083644963576836
Tekirdağ,SPEI,3,2,59,2.669,0.0076063377991906,2.181,0.0292150162998465,1.498,False,2.6690621328752915,0.007606337799190621
Tekirdağ,SPEI,3,3,59,2.601,0.009285643367672,2.601,0.009285643367672,1.0,False,2.6013545422616757,0.009285643367672014
Tekirdağ,SPEI,3,4,59,2.763,0.0057307003402928,2.234,0.0254583668142538,1.529,False,2.7628049362213773,0.0057307003402928824
Tekirdağ,SPEI,3,5,59,3.616,0.0002994972239422,2.404,0.0162059318829104,2.262,False,3.6157344927530963,0.00029949722394229106
Tekirdağ,SPEI,3,6,59,3.443,0.0005745928172207,2.906,0.0036662706429957,1.404,False,3.44333230427841,0.0005745928172207204
Tekirdağ,SPEI,3,7,59,3.342,0.0008315808626424,2.51,0.0120719774867272,1.773,False,1.5119478893860017,0.13054711979247857
Tekirdağ,SPEI,3,8,59,3.373,0.0007434779284625,2.603,0.0092320512664043,1.679,False,3.373022811545295,0.0007434779284625215
Tekirdağ,SPEI,3,9,59,2.871,0.0040945299337731,2.421,0.0154899412759812,1.406,False,2.8707857076669945,0.004094529933773128
Tekirdağ,SPEI,6,1,59,2.936,0.003319816441077,2.095,0.0361379167896591,1.964,False,2.93645998825416,0.003319816441077039
Tekirdağ,SPEI,6,2,59,2.874,0.0040571555971749,2.064,0.0390152975862803,1.938,False,2.873683309251281,0.0040571555971749
Tekirdağ,SPEI,6,3,59,2.549,0.0108022001309491,2.042,0.0411794356659287,1.559,False,2.549033247903095,0.010802200130949124
Tekirdağ,SPEI,6,4,59,3.085,0.0020386019552613,2.456,0.0140552300090912,1.578,False,3.084550211647112,0.0020386019552613988
Tekirdağ,SPEI,6,5,59,3.556,0.0003767581278053,2.191,0.0284796016770456,2.635,False,3.5558506105029233,0.00037675812780535445
Tekirdağ,SPEI,6,6,59,3.396,0.0006843570684773,2.238,0.0252177093024024,2.302,False,3.395770531735375,0.0006843570684773592
Tekirdağ,SPEI,6,7,59,3.722,0.0001975472283073,2.835,0.0045790487322416,1.723,False,2.2350972542204133,0.025410964610721454
Tekirdağ,SPEI,6,8,59,3.67,0.0002426763908924,3.169,0.001530424804129,1.341,False,3.6698673242967264,0.00024267639089248227
Tekirdağ,SPEI,6,9,59,3.813,0.000137539464162,2.893,0.0038217272918414,1.737,False,3.812551669963171,0.00013753946416206198
Tekirdağ,SPEI,6,10,59,4.129,3.636849086752214e-05,2.391,0.016810573524765,2.983,False,4.129416591296096,3.636849086752214e-05
Tekirdağ,SPEI,6,11,59,3.816,0.000135533425106,2.334,0.019578803663514,2.673,False,3.8161804079954598,0.00013553342510608246
Tekirdağ,SPEI,6,12,59,4.096,4.195171315668489e-05,2.386,0.0170177729258345,2.947,False,2.1844895975534797,0.028926290845782354
Tekirdağ,SPEI,9,1,59,2.735,0.0062338261283356,1.828,0.0676220322791698,2.24,False,2.7352217705792348,0.006233826128335673
Tekirdağ,SPEI,9,2,59,3.247,0.0011653906184236,2.251,0.0243747047143989,2.081,False,3.2472180651582065,0.0011653906184236895
Tekirdağ,SPEI,9,3,59,3.247,0.0011680857628584,2.045,0.0408203260702826,2.519,False,3.246560602380763,0.0011680857628584285
Tekirdağ,SPEI,9,4,59,4.217,2.4785149248529592e-05,2.38,0.0173168167864758,3.139,False,4.216747263893422,2.4785149248529592e-05
Tekirdağ,SPEI,9,5,59,4.376,1.2101317791834988e-05,2.41,0.0159612550620986,3.297,False,4.375754458965555,1.2101317791834987e-05
Tekirdağ,SPEI,9,6,59,4.318,1.572925674864223e-05,2.379,0.0173447187427704,3.294,False,4.3182200513451265,1.572925674864223e-05
Tekirdağ,SPEI,9,7,59,4.343,1.4052340122638896e-05,2.304,0.0212462005184048,3.555,False,4.343041773480907,1.4052340122638896e-05
Tekirdağ,SPEI,9,8,59,3.809,0.0001396691079416,2.61,0.0090669195766217,2.13,False,2.0182071680479616,0.04356968993579424
Tekirdağ,SPEI,9,9,59,3.823,0.0001315772350152,2.624,0.0086917035776938,2.123,False,2.1014322059056094,0.035603043308470195
Tekirdağ,SPEI,9,10,59,3.622,0.0002926584382576,2.349,0.0188091253493181,2.377,False,1.9540712645853195,0.05069278985411252
Tekirdağ,SPEI,9,11,59,3.945,7.994432865454648e-05,2.52,0.0117314298639228,2.45,False,1.6473462078384793,0.09948690522516146
Tekirdağ,SPEI,9,12,59,3.977,6.968170583476763e-05,2.538,0.0111634536088203,2.457,False,1.6473462078384793,0.09948690522516146
Tekirdağ,SPEI,12,1,59,4.043,5.2839393612114094e-05,2.691,0.0071237583823569,2.257,False,4.042699178904284,5.2839393612114094e-05
Tekirdağ,SPEI,12,2,59,3.945,7.970106036458979e-05,2.415,0.0157392069238595,2.669,False,3.945297206882672,7.970106036458979e-05
Tekirdağ,SPEI,12,3,59,4.081,4.491461913880279e-05,2.445,0.0144956701119305,2.786,False,4.08062576659168,4.491461913880279e-05
Tekirdağ,SPEI,12,4,59,4.223,2.4061843076017556e-05,2.224,0.0261314019678366,3.605,False,5.004157501168477,5.610687052737262e-07
Tekirdağ,SPEI,12,5,59,4.326,1.5192835487898291e-05,2.562,0.010412993085616,2.851,False,5.071237360433469,3.952374434401662e-07
Tekirdağ,SPEI,12,6,59,3.999,6.352622062610891e-05,2.531,0.0113749227834518,2.497,False,4.68217417669651,2.8384813453019575e-06
Tekirdağ,SPEI,12,7,59,3.999,6.352622062610891e-05,2.538,0.011150325500389,2.483,False,4.628510289284516,3.6830556755518273e-06
Tekirdağ,SPEI,12,8,59,4.07,4.709367880328941e-05,2.549,0.0108158625495649,2.55,False,4.8029179233734975,1.5636999413093378e-06
Tekirdağ,SPEI,12,9,59,4.126,3.693991326714219e-05,2.569,0.0101891012549075,2.579,False,4.8565818107854914,1.19429450662345e-06
Tekirdağ,SPEI,12,10,59,4.073,4.6331072433458687e-05,2.395,0.0166004897209237,2.892,False,4.843165838932493,1.2778654558953662e-06
Tekirdağ,SPEI,12,11,59,4.198,2.6902201337053452e-05,2.487,0.0128848994677681,2.85,False,4.7358380641085045,2.181517286592438e-06
Tekirdağ,SPEI,12,12,59,3.971,7.162323991138919e-05,2.522,0.0116809072227785,2.48,False,2.2678637304311375,0.023337513574246405
Tekirdağ,SPI,1,1,59,1.648,0.0992808134777636,1.648,0.0992808134777636,1.0,False,1.648350275449551,0.09928081347776363
Tekirdağ,SPI,1,2,59,1.511,0.1308547084244371,1.511,0.1308547084244371,1.0,False,1.51073999395704,0.13085470842443714
Tekirdağ,SPI,1,3,59,1.536,0.1246368601740659,1.536,0.1246368601740659,1.0,False,1.5355985902139302,0.12463686017406594
Tekirdağ,SPI,1,4,59,1.789,0.0735875750103325,1.789,0.0735875750103325,1.0,False,1.78916917093507,0.07358757501033253
Tekirdağ,SPI,1,5,59,1.606,0.1082664480164674,1.606,0.1082664480164674,1.0,False,1.6060339623311857,0.10826644801646745
Tekirdağ,SPI,3,1,59,0.811,0.4174052430819981,1.079,0.2804527366070866,0.565,False,0.8109310932545291,0.4174052430819981
Tekirdağ,SPI,3,2,59,0.981,0.326541009272457,0.981,0.326541009272457,1.0,False,0.9811049102515929,0.326541009272457
Tekirdağ,SPI,3,3,59,1.029,0.3032660514275087,1.029,0.3032660514275087,1.0,False,1.029454710362683,0.30326605142750873
Tekirdağ,SPI,3,4,59,1.215,0.2243773306405989,1.019,0.3083481821319207,1.422,False,1.214970532179304,0.22437733064059895
Tekirdağ,SPI,3,5,59,1.863,0.0625188269997416,2.033,0.0420572428339325,0.839,False,1.8625981346189149,0.06251882699974165
Tekirdağ,SPI,3,6,59,1.616,0.1061795928083302,1.616,0.1061795928083302,1.0,False,1.615605690481886,0.10617959280833023
Tekirdağ,SPI,3,7,59,2.902,0.0037113904579828,2.902,0.0037113904579828,1.0,False,1.6185642106380387,0.10554106077573389
Tekirdağ,SPI,6,1,59,1.361,0.1736642642628281,1.168,0.2428178400511411,1.357,False,1.3605236810155865,0.1736642642628281
Tekirdağ,SPI,6,2,59,1.31,0.1902877347508487,1.101,0.2707654367286691,1.414,False,1.3097283932222663,0.1902877347508487
Tekirdağ,SPI,6,3,59,1.616,0.1060188501055332,1.616,0.1060188501055332,1.0,False,1.6163491302700541,0.10601885010553325
Tekirdağ,SPI,6,4,59,1.724,0.0846872087993586,1.724,0.0846872087993586,1.0,False,1.7241143124751144,0.08468720879935865
Tekirdağ,SPI,6,5,59,2.074,0.0380350373195443,2.074,0.0380350373195443,1.0,False,2.0744769497610727,0.038035037319544385
Tekirdağ,SPI,6,6,59,2.585,0.0097377368881403,1.876,0.0606836812101716,1.899,False,2.5850057661299406,0.009737736888140391
Tekirdağ,SPI,6,7,59,2.762,0.005750227950954,2.232,0.0256073613356513,1.531,False,2.7616943625630244,0.005750227950954034
Tekirdağ,SPI,6,8,59,2.462,0.0138287774882011,2.015,0.0438637711226015,1.492,False,2.4616805508657054,0.013828777488201105
Tekirdağ,SPI,6,9,59,2.616,0.0088955266155563,2.616,0.0088955266155563,1.0,False,2.616043338228409,0.00889552661555637
Tekirdağ,SPI,6,10,59,2.726,0.0064108462344203,2.726,0.0064108462344203,1.0,False,2.7259924624038616,0.006410846234420342
Tekirdağ,SPI,6,11,59,2.867,0.0041499642834281,2.038,0.0415535938456612,1.978,False,2.866531827203963,0.004149964283428176
Tekirdağ,SPI,6,12,59,2.8,0.0051060450770581,2.179,0.0293041163312464,1.651,False,2.8002663875945517,0.005106045077058141
Tekirdağ,SPI,9,1,59,1.231,0.2184661229936741,0.892,0.3722496221982898,1.902,False,1.3818451008588555,0.16701926756556595
Tekirdağ,SPI,9,2,59,2.026,0.0427818406024851,1.712,0.0868325005404673,1.4,False,2.025833589038854,0.04278184060248513
Tekirdağ,SPI,9,3,59,1.626,0.1039588090397478,1.626,0.1039588090397478,1.0,False,1.6259569720345906,0.10395880903974786
Tekirdağ,SPI,9,4,59,2.224,0.0261561992072782,2.224,0.0261561992072782,1.0,False,2.22388475223304,0.026156199207278297
Tekirdağ,SPI,9,5,59,2.719,0.0065562209732306,2.196,0.0280868352349026,1.532,False,2.7185829737235134,0.006556220973230609
Tekirdağ,SPI,9,6,59,2.116,0.0343762598537309,1.976,0.0481260122970301,1.146,False,2.115630334038843,0.03437625985373094
Tekirdağ,SPI,9,7,59,2.058,0.0395766321985684,1.693,0.0904939188214262,1.478,False,2.058140667198231,0.03957663219856844
Tekirdağ,SPI,9,8,59,2.556,0.0105774010226702,2.556,0.0105774010226702,1.0,False,2.5563587324324066,0.01057740102267024
Tekirdağ,SPI,9,9,59,2.564,0.0103331781392612,2.112,0.0346852130422521,1.474,False,2.5644758116736006,0.010333178139261268
Tekirdağ,SPI,9,10,59,1.922,0.0546206511834173,1.922,0.0546206511834173,1.0,False,1.9218816507628123,0.0546206511834173
Tekirdağ,SPI,9,11,59,2.454,0.0141199651417516,2.454,0.0141199651417516,1.0,False,2.4541968788027506,0.014119965141751623
Tekirdağ,SPI,9,12,59,2.488,0.0128571678193785,2.488,0.0128571678193785,1.0,False,2.4877012730526173,0.012857167819378512
Tekirdağ,SPI,12,1,59,3.012,0.0025930095806818,2.295,0.0217480426120693,1.723,False,3.0122710446132976,0.002593009580681871
Tekirdağ,SPI,12,2,59,2.428,0.0151875682327491,2.428,0.0151875682327491,1.0,False,2.4278752042354905,0.015187568232749138
Tekirdağ,SPI,12,3,59,1.923,0.0545005871309784,1.571,0.1162741687761004,1.499,False,1.9228364955722255,0.054500587130978495
Tekirdağ,SPI,12,4,59,2.439,0.0147407372171159,1.705,0.0882093841241433,2.046,False,2.43868681716484,0.014740737217115996
Tekirdağ,SPI,12,5,59,2.417,0.0156328260943157,1.619,0.1054961933068607,2.23,False,2.1331395246267766,0.03291328230438828
Tekirdağ,SPI,12,6,59,2.62,0.0088034400842123,1.782,0.0747322491290358,2.161,False,2.4148749335397475,0.01574061343548605
Tekirdağ,SPI,12,7,59,2.692,0.007102889479186,1.834,0.0666120187304009,2.154,False,1.4946355871780677,0.13500957323726115
Tekirdağ,SPI,12,8,59,2.402,0.0163155158695536,1.883,0.0597147858472157,1.627,False,1.2752395376840395,0.2022244709333294
Tekirdağ,SPI,12,9,59,2.43,0.0151092657716658,1.846,0.0648546630330981,1.732,False,1.222406007667583,0.22155412851581957
Tekirdağ,SPI,12,10,59,2.368,0.0178745046598998,1.665,0.0958218794083118,2.022,False,0.9365887531154277,0.3489701394725726
Tekirdağ,SPI,12,11,59,2.181,0.0292056515772529,1.468,0.1421942353935417,2.208,False,1.2823448752444564,0.1997216924681915
Tekirdağ,SPI,12,12,59,2.207,0.027339081834264,1.42,0.1557234784760479,2.416,False,1.4263293902082625,0.15377328485101094
Uzunköprü,SPEI,1,1,59,3.401,0.0006725453256148,2.799,0.0051203002953543,1.476,False,3.400533345390732,0.0006725453256148928
Uzunköprü,SPEI,1,2,59,3.523,0.0004264187529545,3.523,0.0004264187529545,1.0,False,3.5231693777678963,0.00042641875295457154
Uzunköprü,SPEI,1,3,59,2.746,0.006025991933436,2.746,0.006025991933436,1.0,False,2.7463637000468264,0.0060259919334360035
Uzunköprü,SPEI,1,4,59,1.231,0.218147902250577,1.231,0.218147902250577,1.0,False,1.2314679347576545,0.218147902250577
Uzunköprü,SPEI,1,5,59,3.059,0.0022216276178292,2.572,0.0101090363617981,1.414,False,3.0588845302796135,0.0022216276178292915
Uzunköprü,SPEI,1,6,59,2.911,0.0036034717812507,2.911,0.0036034717812507,1.0,False,2.9109365567252743,0.0036034717812507555
Uzunköprü,SPEI,3,1,59,3.512,0.0004451167724301,2.612,0.0090032870738765,1.808,False,3.511779719080766,0.00044511677243019854
Uzunköprü,SPEI,3,2,59,3.183,0.0014593894520362,2.643,0.0082175200637153,1.45,False,3.182639995530107,0.001459389452036275
Uzunköprü,SPEI,3,3,59,3.025,0.0024830744827359,2.569,0.0102107615275646,1.387,False,3.025396408642114,0.002483074482735992
Uzunköprü,SPEI,3,4,59,2.924,0.0034511327492334,2.49,0.0127920813951967,1.38,False,2.924406920174505,0.0034511327492334765
Uzunköprü,SPEI,3,5,59,2.555,0.0106151487667751,2.555,0.0106151487667751,1.0,False,2.555119041545521,0.010615148766775162
Uzunköprü,SPEI,3,6,59,3.012,0.0025973092970601,2.125,0.0335506820266133,2.008,False,1.7279677784662975,0.08399400134845436
Uzunköprü,SPEI,3,7,59,2.477,0.0132360456459463,1.559,0.118925038351159,2.524,False,1.6280408479063921,0.10351622469429089
Uzunköprü,SPEI,3,8,59,2.093,0.0363720047443594,1.656,0.0976662153084626,1.596,False,1.37192585473129,0.17008652075205433
Uzunköprü,SPEI,3,9,59,1.987,0.046936933820453,1.529,0.1263647136952794,1.689,False,1.5235001252310245,0.1276336293937923
Uzunköprü,SPEI,3,10,59,1.603,0.1089542816695638,1.41,0.1584861786062585,1.292,False,1.6029111046230882,0.10895428166956389
Uzunköprü,SPEI,6,1,59,3.461,0.000538780305989,2.508,0.0121330505446566,1.904,False,3.460696277928247,0.0005387803059890839
Uzunköprü,SPEI,6,2,59,3.669,0.0002431791782984,2.641,0.0082591663840079,1.93,False,3.6693382146935396,0.00024317917829841385
Uzunköprü,SPEI,6,3,59,3.563,0.0003661139661164,2.556,0.0105827566251908,1.943,False,3.563377227688823,0.00036611396611641034
Uzunköprü,SPEI,6,4,59,3.431,0.0006014377649155,2.663,0.0077440510304469,1.66,False,3.4309651939273347,0.0006014377649155023
Uzunköprü,SPEI,6,5,59,3.868,0.0001099285828889,2.611,0.0090205435129406,2.194,False,3.867562669469999,0.0001099285828889407
Uzunköprü,SPEI,6,6,59,3.636,0.0002766999252308,2.425,0.0153156998178063,2.249,False,3.6361903250558836,0.00027669992523082776
Uzunköprü,SPEI,6,7,59,2.743,0.0060807912133233,2.038,0.041539229746653,1.812,False,1.5985386989263313,0.10992314002539705
Uzunköprü,SPEI,6,8,59,2.993,0.0027653049096498,2.291,0.0219412083334848,1.706,False,2.9926899861954164,0.0027653049096498794
Uzunköprü,SPEI,6,9,59,2.665,0.0076931585163162,2.109,0.0349793163075802,1.598,False,1.3998999553232214,0.16154327943745694
Uzunköprü,SPEI,6,10,59,2.337,0.0194427461933781,1.488,0.1368392640392086,2.468,False,1.3765495709335238,0.16865155131941112
Uzunköprü,SPEI,6,11,59,2.321,0.0202672500462941,1.951,0.0510027506857007,1.415,False,2.3213631974903257,0.02026725004629415
Uzunköprü,SPEI,6,12,59,2.179,0.0293054889065014,1.401,0.1611144914919888,2.419,False,1.3245349955730872,0.1853254285342616
Uzunköprü,SPEI,9,1,59,3.724,0.0001957207664526,2.41,0.0159382088715767,2.388,False,3.7244767264352854,0.00019572076645268943
Uzunköprü,SPEI,9,2,59,3.863,0.0001120836944497,2.355,0.0185341155926632,2.691,False,3.8628241460968997,0.00011208369444970501
Uzunköprü,SPEI,9,3,59,3.331,0.0008646346720007,2.431,0.0150441170703163,1.877,False,3.3312289183147707,0.0008646346720007081
Uzunköprü,SPEI,9,4,59,3.368,0.0007568538175906,2.306,0.0211020047792831,2.133,False,4.024791555899578,5.702580379196576e-05
Uzunköprü,SPEI,9,5,59,2.98,0.002882842418004,2.171,0.0299264411668156,1.884,False,3.5686485128976266,0.00035882743347182
Uzunköprü,SPEI,9,6,59,3.011,0.0026031925905252,1.995,0.046005483298936,2.277,False,2.077724815274802,0.03773471209789814
Uzunköprü,SPEI,9,7,59,3.13,0.0017475338983616,2.074,0.0380983322725019,2.278,False,2.07878083789798,0.03763749891940571
Uzunköprü,SPEI,9,8,59,2.98,0.0028796796276928,2.137,0.0326225039064336,1.946,False,2.020607482883977,0.043320413714870165
Uzunköprü,SPEI,9,9,59,2.951,0.0031659213424146,2.115,0.0344001126213127,1.946,False,2.020607482883977,0.043320413714870165
Uzunköprü,SPEI,9,10,59,2.779,0.0054555138713714,1.82,0.0687552169028269,2.331,False,1.9112813828790718,0.055968430221665866
Uzunköprü,SPEI,9,11,59,3.055,0.0022515377683738,2.012,0.0442599275697013,2.306,False,1.9038985483536737,0.05692339821772796
Uzunköprü,SPEI,9,12,59,3.161,0.001574450697086,1.951,0.0510409335905008,2.624,False,2.048274671472924,0.040533093348316784
Uzunköprü,SPEI,12,1,59,3.525,0.0004227214640981,2.41,0.0159518827966074,2.14,False,4.078455443311573,4.5335888581465866e-05
Uzunköprü,SPEI,12,2,59,3.336,0.0008504603020758,2.382,0.0172193411026306,1.961,False,3.8637998936635958,0.00011163668554781125
Uzunköprü,SPEI,12,3,59,3.326,0.0008795167761714,2.459,0.013948087304789,1.831,False,3.6759762877216153,0.00023694153192654888
Uzunköprü,SPEI,12,4,59,3.056,0.0022429587500045,2.218,0.0265461743870807,1.898,False,3.649144344015618,0.00026311523911015655
Uzunköprü,SPEI,12,5,59,3.126,0.0017732649265103,2.249,0.024511060563215,1.932,False,3.689392259574614,0.00022479039996992078
Uzunköprü,SPEI,12,6,59,3.124,0.0017814414331345,2.295,0.021734257787378,1.853,False,1.995166213343353,0.046024754677374435
Uzunköprü,SPEI,12,7,59,3.144,0.0016643826153444,2.11,0.0348396628134857,2.22,False,1.9130308707566128,0.055744100522242546
Uzunköprü,SPEI,12,8,59,3.308,0.0009403341675437,2.069,0.0385366404230482,2.556,False,1.7816312371293472,0.07480938700177875
Uzunköprü,SPEI,12,9,59,3.086,0.0020265276883049,1.929,0.0536815979791385,2.559,False,1.9058053670760153,0.0566754623543857
Uzunköprü,SPEI,12,10,59,3.131,0.0017418484554909,1.961,0.0498521782621184,2.549,False,1.9908227068712279,0.04650038207441809
Uzunköprü,SPEI,12,11,59,3.086,0.0020305290906557,1.922,0.0546540627804175,2.579,False,1.834957583913338,0.06651197443745938
Uzunköprü,SPEI,12,12,59,3.101,0.0019283956983051,1.924,0.0543007058387865,2.597,False,1.834957583913338,0.06651197443745938
Uzunköprü,SPI,1,1,59,2.858,0.0042618305389992,2.858,0.0042618305389992,1.0,False,2.8581022367871647,0.004261830538999201
Uzunköprü,SPI,1,2,59,2.638,0.0083417449911646,2.638,0.0083417449911646,1.0,False,2.637915154233691,0.00834174499116469
Uzunköprü,SPI,1,3,59,1.989,0.0466905514771827,1.989,0.0466905514771827,1.0,False,1.9890965100897577,0.04669055147718271
Uzunköprü,SPI,1,4,59,1.003,0.3158349185198652,0.77,0.4414238356443156,1.698,False,1.0030537699200335,0.3158349185198652
Uzunköprü,SPI,1,5,59,1.213,0.2249616970736947,1.07,0.2843992630733596,1.285,False,1.2134398532335793,0.22496169707369473
Uzunköprü,SPI,3,1,59,2.577,0.0099789474566815,2.201,0.0277006492512839,1.37,False,2.5765579578537467,0.009978947456681597
Uzunköprü,SPI,3,2,59,2.168,0.0301855570716467,1.815,0.0694828589027147,1.426,False,2.1676469707387716,0.030185557071646718
Uzunköprü,SPI,3,3,59,2.065,0.0389259826943459,1.741,0.08172723273469,1.407,False,2.0649684807123547,0.038925982694345995
Uzunköprü,SPI,3,4,59,2.167,0.0302619290913901,1.844,0.0651238720896458,1.38,False,2.1666450556716748,0.03026192909139014
Uzunköprü,SPI,3,5,59,1.619,0.1055087945754258,1.619,0.1055087945754258,1.0,False,1.6187140865877603,0.10550879457542583
Uzunköprü,SPI,3,6,59,2.12,0.0339675560366012,2.12,0.0339675560366012,1.0,False,1.1027317516138346,0.27014367379365223
Uzunköprü,SPI,3,7,59,2.231,0.0256868027847043,1.552,0.1207002076569616,2.067,False,1.3537225419853116,0.17582491361484331
Uzunköprü,SPI,3,8,59,1.8,0.0719319808019187,1.8,0.0719319808019187,1.0,False,1.7995483632641118,0.07193198080191876
Uzunköprü,SPI,3,9,59,1.297,0.1947705198560658,1.297,0.1947705198560658,1.0,False,1.2965951565319036,0.19477051985606586
Uzunköprü,SPI,3,10,59,0.622,0.533719533776108,0.622,0.533719533776108,1.0,False,0.6223381604033345,0.533719533776108
Uzunköprü,SPI,6,1,59,2.159,0.0308202634767493,1.516,0.1295244491058924,2.029,False,2.227051327597767,0.025943843601162975
Uzunköprü,SPI,6,2,59,2.092,0.0364736494093094,1.67,0.094825598224425,1.568,False,2.2807152150097614,0.02256530423951153
Uzunköprü,SPI,6,3,59,1.89,0.0587124730069932,1.543,0.1227151793839438,1.5,False,2.025811749802788,0.04278407939815776
Uzunköprü,SPI,6,4,59,2.239,0.0251729745622191,1.833,0.0668735691470767,1.492,False,2.2387379064622377,0.02517297456221912
Uzunköprü,SPI,6,5,59,2.844,0.0044588307397746,2.55,0.0107613337384333,1.243,False,2.8437336258248633,0.0044588307397746
Uzunköprü,SPI,6,6,59,2.411,0.0158897131244071,2.411,0.0158897131244071,1.0,False,2.41143891976635,0.015889713124407123
Uzunköprü,SPI,6,7,59,2.294,0.0217978282430262,1.67,0.0950146229143249,1.888,False,1.4492632980685076,0.14726406650101453
Uzunköprü,SPI,6,8,59,2.072,0.0382230948961137,1.406,0.1597651229505916,2.173,False,1.2323536225202996,0.2178170171929521
Uzunköprü,SPI,6,9,59,2.246,0.024674508029592,2.013,0.0441292047730372,1.246,False,1.2409065694811883,0.21464026560740446
Uzunköprü,SPI,6,10,59,1.946,0.0515955930151705,1.946,0.0515955930151705,1.0,False,1.9464926247491297,0.05159559301517058
Uzunköprü,SPI,6,11,59,1.577,0.1147256350724754,1.357,0.1748905203346022,1.352,False,1.577303814724247,0.11472563507247546
Uzunköprü,SPI,6,12,59,1.091,0.2751062998392282,0.767,0.4433229734053634,2.027,False,0.8696415943701632,0.38449629942763197
Uzunköprü,SPI,9,1,59,2.778,0.0054638674311144,2.062,0.0392501764938277,1.816,False,3.018593666924684,0.0025395088503559204
Uzunköprü,SPI,9,2,59,2.901,0.0037187132995772,2.346,0.0189977212324103,1.53,False,2.9010863994984026,0.003718713299577292
Uzunköprü,SPI,9,3,59,2.656,0.0079057672211626,2.127,0.0334159855861118,1.559,False,2.6560679948940953,0.007905767221162652
Uzunköprü,SPI,9,4,59,2.396,0.0165690344207753,1.698,0.0894148011055759,1.99,False,2.4953707646577388,0.012582558027105284
Uzunköprü,SPI,9,5,59,2.4,0.0163878055081865,1.757,0.0789727609249011,1.867,False,1.4108536058648289,0.1582877843724657
Uzunköprü,SPI,9,6,59,2.312,0.0207538249829046,1.71,0.0872623915219859,1.829,False,1.4926422206975725,0.13553086529211167
Uzunköprü,SPI,9,7,59,2.516,0.0118861903640279,1.847,0.0646982862864162,1.854,False,1.4998146017546583,0.13366243388578192
Uzunköprü,SPI,9,8,59,2.337,0.0194312285500468,1.694,0.0902363916759561,1.903,False,1.5327277805450155,0.12534294131125168
Uzunköprü,SPI,9,9,59,2.232,0.0256011199465682,1.597,0.1102744976454277,1.954,False,1.3309419123219235,0.1832081249182722
Uzunköprü,SPI,9,10,59,2.16,0.030801025228067,1.592,0.1113256545890366,1.84,False,1.3815317716722044,0.1671155158872566
Uzunköprü,SPI,9,11,59,2.182,0.0290935789886956,1.578,0.1145761634377244,1.913,False,1.4940590925456163,0.1351601748023159
Uzunköprü,SPI,9,12,59,2.075,0.038005724333443,1.466,0.1426608210256621,2.003,False,1.1757588443959746,0.23969125664715474
Uzunköprü,SPI,12,1,59,2.345,0.0190270933732732,1.658,0.0972627937994241,2.0,False,2.7368582580117136,0.006202901301907815
Uzunköprü,SPI,12,2,59,1.969,0.0489136331270614,1.373,0.1696650611072532,2.056,False,2.2404672994507657,0.025060601416654782
Uzunköprü,SPI,12,3,59,1.917,0.0551828877506985,1.383,0.1665711868152146,1.921,False,1.4788471866793043,0.13918116119178237
Uzunköprü,SPI,12,4,59,1.701,0.0889210211721573,1.214,0.2248339839126956,1.964,False,1.5471679639194016,0.12182274882938882
Uzunköprü,SPI,12,5,59,1.788,0.0737796965193464,1.276,0.2018957617195274,1.963,False,1.50627365650303,0.1319969378601189
Uzunköprü,SPI,12,6,59,1.856,0.0634621924057776,1.308,0.1907283796609307,2.012,False,1.4946355871780677,0.13500957323726115
Uzunköprü,SPI,12,7,59,1.792,0.0730830961807351,1.352,0.1763842903198798,1.757,False,1.458535300788934,0.1446930523042924
Uzunköprü,SPI,12,8,59,1.991,0.0464909876821391,1.397,0.162325858240383,2.03,False,1.2681053858099443,0.2047603184483533
Uzunköprü,SPI,12,9,59,2.135,0.03275854283699,1.48,0.1387718348444395,2.08,False,1.2886897881212276,0.19750595407789984
Uzunköprü,SPI,12,10,59,2.164,0.0304507388821966,1.46,0.1441718786309045,2.196,False,1.5140344505249395,0.13001710212397777
Uzunköprü,SPI,12,11,59,2.085,0.0370811989798154,1.336,0.1817101491964554,2.437,False,1.3309419123219235,0.1832081249182722
Uzunköprü,SPI,12,12,59,2.192,0.02839884676081,1.522,0.1280076833669901,2.074,False,1.4240404415698107,0.15443476550105917
Çorlu,SPEI,1,1,59,2.066,0.0387833717636685,2.066,0.0387833717636685,1.0,False,2.0664779560451367,0.03878337176366853
Çorlu,SPEI,1,2,59,2.492,0.0126852204436771,2.124,0.0336822669114655,1.377,False,2.492486355180836,0.012685220443677148
Çorlu,SPEI,1,3,59,2.484,0.013003851133017,2.294,0.021797649830251,1.172,False,2.4836638067807915,0.013003851133017053
Çorlu,SPEI,1,4,59,2.252,0.0243463664938985,2.071,0.038367254744029,1.182,False,1.8658989649411408,0.0620555024536229
Çorlu,SPEI,1,5,59,2.752,0.0059274732362923,1.933,0.0532356716928026,2.027,False,1.6408331969248362,0.10083204514585486
Çorlu,SPEI,3,1,59,1.556,0.1196134913678719,2.038,0.0415519857884516,0.583,False,1.5563979542365272,0.11961349136787192
Çorlu,SPEI,3,2,59,1.727,0.0841604433952269,1.727,0.0841604433952269,1.0,False,1.7270402036251886,0.08416044339522699
Çorlu,SPEI,3,3,59,1.685,0.0919580248531346,1.685,0.0919580248531346,1.0,False,1.6851583475363663,0.09195802485313465
Çorlu,SPEI,3,4,59,2.077,0.0378459854032,2.077,0.0378459854032,1.0,False,2.0765188951573563,0.037845985403200055
Çorlu,SPEI,3,5,59,3.351,0.0008047489203928,3.351,0.0008047489203928,1.0,False,3.3511562134689545,0.0008047489203928393
Çorlu,SPEI,3,6,59,2.534,0.0112629279406886,2.534,0.0112629279406886,1.0,False,2.534433571324665,0.011262927940688616
Çorlu,SPEI,3,7,59,2.349,0.0188410759705754,2.118,0.0341336015302544,1.229,False,2.3486605224245696,0.018841075970575494
Çorlu,SPEI,3,8,59,1.595,0.1106916902993275,1.595,0.1106916902993275,1.0,False,1.5950918832155074,0.11069169029932757
Çorlu,SPEI,3,9,59,1.101,0.2709861613045861,0.918,0.3584211015041849,1.437,False,1.10079437305441,0.2709861613045861
Çorlu,SPEI,6,1,59,2.466,0.0136509883772115,2.466,0.0136509883772115,1.0,False,2.4663185194309056,0.01365098837721157
Çorlu,SPEI,6,2,59,3.104,0.0019088700855365,2.66,0.0078061044150785,1.361,False,3.104056291936771,0.0019088700855365293
Çorlu,SPEI,6,3,59,2.398,0.0164983018697724,1.98,0.0477229474208769,1.467,False,2.3977015447909173,0.016498301869772414
Çorlu,SPEI,6,4,59,2.36,0.0182900217572736,1.892,0.0584464356545815,1.555,False,2.359693859727014,0.018290021757273678
Çorlu,SPEI,6,5,59,2.308,0.0210150483066355,2.041,0.0412893354656391,1.279,False,2.307714010440363,0.021015048306635586
Çorlu,SPEI,6,6,59,2.623,0.0087048519560026,2.337,0.019454931375082,1.26,False,2.6234331748146458,0.00870485195600268
Çorlu,SPEI,6,7,59,2.335,0.0195249250739848,2.113,0.0346094701439743,1.222,False,2.335354197142063,0.019524925073984845
Çorlu,SPEI,6,8,59,2.987,0.0028194535535934,2.705,0.0068216148336004,1.219,False,2.9867660906220803,0.002819453553593476
Çorlu,SPEI,6,9,59,2.297,0.0215972558359112,1.972,0.0485696482361257,1.357,False,2.2973772953592295,0.02159725583591121
Çorlu,SPEI,6,10,59,2.532,0.0113285900596074,2.532,0.0113285900596074,1.0,False,2.532396215443992,0.011328590059607402
Çorlu,SPEI,6,11,59,2.515,0.0119096503794824,2.515,0.0119096503794824,1.0,False,2.5148101306145194,0.01190965037948244
Çorlu,SPEI,6,12,59,2.414,0.0157774772911778,2.018,0.0435795458695313,1.431,False,2.414022747926338,0.015777477291177844
Çorlu,SPEI,9,1,59,2.064,0.0390020532730739,2.064,0.0390020532730739,1.0,False,2.0641652267037505,0.03900205327307393
Çorlu,SPEI,9,2,59,2.21,0.0271051429330895,1.986,0.0470336783282845,1.238,False,2.210000278951477,0.02710514293308952
Çorlu,SPEI,9,3,59,1.732,0.0833251609841574,1.914,0.0555761990336647,0.818,False,1.7317102710287102,0.08332516098415743
Çorlu,SPEI,9,4,59,2.534,0.0112612427627663,2.274,0.0229605266037555,1.242,False,2.5344859974845706,0.0112612427627663
Çorlu,SPEI,9,5,59,3.063,0.002190395519342,2.754,0.005895092321559,1.237,False,3.063123622504155,0.002190395519342081
Çorlu,SPEI,9,6,59,2.995,0.0027456028169694,2.699,0.006947386530407,1.231,False,2.994871722990509,0.00274560281696945
Çorlu,SPEI,9,7,59,3.19,0.0014231063416974,2.856,0.0042845060098717,1.247,False,1.865627931975607,0.062093438907353304
Çorlu,SPEI,9,8,59,2.582,0.0098087581585604,2.312,0.0207745114576842,1.248,False,2.5824992282088073,0.009808758158560416
Çorlu,SPEI,9,9,59,2.522,0.0116659892994672,2.261,0.0237834330279,1.245,False,1.4436142435237793,0.14884751606369662
Çorlu,SPEI,9,10,59,2.412,0.0158686242995849,2.412,0.0158686242995849,1.0,False,1.3106839885095272,0.18996455036089732
Çorlu,SPEI,9,11,59,2.324,0.0201151521956963,2.324,0.0201151521956963,1.0,False,1.3264863328936842,0.18467865919108695
Çorlu,SPEI,9,12,59,2.89,0.003855433955977,2.279,0.0226588795563507,1.608,False,1.529708125867041,0.12608899137452578
Çorlu,SPEI,12,1,59,2.92,0.0034958966568698,2.644,0.0081880593781153,1.22,False,2.920393496411585,0.00349589665686989
Çorlu,SPEI,12,2,59,2.698,0.0069691786820185,2.698,0.0069691786820185,1.0,False,2.6983134460426617,0.0069691786820185175
Çorlu,SPEI,12,3,59,2.855,0.0043021693810221,2.855,0.0043021693810221,1.0,False,2.8551117088757585,0.004302169381022125
Çorlu,SPEI,12,4,59,2.895,0.0037934799281642,2.361,0.0182350289204993,1.504,False,2.8948431820494047,0.003793479928164256
Çorlu,SPEI,12,5,59,2.793,0.005220771110737,2.232,0.0255978696369167,1.566,False,2.8039381172767066,0.00504825933241837
Çorlu,SPEI,12,6,59,2.793,0.005220771110737,2.179,0.0293386623232869,1.643,False,2.790522145423708,0.005262310016471705
Çorlu,SPEI,12,7,59,2.693,0.0070841731334572,2.101,0.0356490703353569,1.643,False,2.7704605196555643,0.00559770859077946
Çorlu,SPEI,12,8,59,2.355,0.0185423948540786,1.747,0.0806889323604336,1.817,False,1.3743434775471695,0.1693350746499407
Çorlu,SPEI,12,9,59,2.301,0.0213850973866986,1.766,0.0773847950559303,1.698,False,1.3605309802853889,0.1736619560682413
Çorlu,SPEI,12,10,59,2.077,0.0378259443584172,1.598,0.1100890695957039,1.689,False,1.4213928500287285,0.15520258392087194
Çorlu,SPEI,12,11,59,2.475,0.0133229702238943,1.914,0.0555978490805608,1.672,False,1.4295302021235474,0.15285190063711096
Çorlu,SPEI,12,12,59,2.505,0.0122507892283914,1.939,0.0525386163400185,1.669,False,1.5422025333254035,0.12302438467388654
Çorlu,SPI,1,1,59,1.726,0.0842577767417702,1.726,0.0842577767417702,1.0,False,1.7264984566064165,0.08425777674177026
Çorlu,SPI,1,2,59,1.184,0.2362686355863523,1.184,0.2362686355863523,1.0,False,1.1843649320609908,0.23626863558635236
Çorlu,SPI,1,3,59,0.455,0.6487535470132826,0.587,0.5572144805927532,0.602,False,0.4554944673248395,0.6487535470132826
Çorlu,SPI,1,4,59,1.034,0.301211735763538,1.058,0.2901139412651194,0.955,False,1.0338383588675075,0.301211735763538
Çorlu,SPI,3,1,59,-0.19,0.8495755677860088,-0.19,0.8495755677860088,1.0,False,-0.18965999924136,0.8495755677860088
Çorlu,SPI,3,2,59,0.007,0.9947771043955,0.007,0.9947771043955,1.0,False,0.006545975647497223,0.9947771043955
Çorlu,SPI,3,3,59,0.125,0.9004077014506071,0.207,0.8363738096357625,0.367,False,0.125146335168369,0.9004077014506071
Çorlu,SPI,3,4,59,0.628,0.5302709445513722,0.634,0.5261039456729681,0.98,False,0.6275924673048237,0.5302709445513722
Çorlu,SPI,3,5,59,0.818,0.4134959642859086,0.818,0.4134959642859086,1.0,False,0.8177569851934169,0.4134959642859086
Çorlu,SPI,3,6,59,0.847,0.396879069569497,0.847,0.396879069569497,1.0,False,0.8472082254458985,0.39687906956949703
Çorlu,SPI,3,7,59,0.29,0.7721521937385427,0.29,0.7721521937385427,1.0,False,0.2895608863263168,0.7721521937385427
Çorlu,SPI,3,8,59,0.371,0.7108153874306549,0.337,0.7362646855804174,1.212,False,0.37076122057200295,0.7108153874306549
Çorlu,SPI,6,1,59,0.779,0.4361736217094316,0.779,0.4361736217094316,1.0,False,0.7786708669351265,0.43617362170943164
Çorlu,SPI,6,2,59,0.912,0.3616567070869074,1.062,0.2880654540058798,0.737,False,0.9122128000027198,0.36165670708690745
Çorlu,SPI,6,3,59,0.138,0.8899878092802536,0.145,0.8845006037092322,0.907,False,0.1383196336071447,0.8899878092802536
Çorlu,SPI,6,4,59,-0.087,0.930356694004482,-0.082,0.9345894745740724,1.134,False,-0.08739606887877831,0.9303566940044821
Çorlu,SPI,6,5,59,0.457,0.6473911099292247,0.422,0.6733297343333324,1.177,False,0.45738950019292807,0.6473911099292247
Çorlu,SPI,6,6,59,0.786,0.4316193904705789,0.836,0.403230761498194,0.885,False,0.7864235511523339,0.43161939047057896
Çorlu,SPI,6,7,59,1.275,0.2022424635393294,1.335,0.1817469635885107,0.912,False,1.275188689837808,0.2022424635393294
Çorlu,SPI,6,8,59,2.402,0.0163090424710752,2.402,0.0163090424710752,1.0,False,2.401925209699698,0.01630904247107523
Çorlu,SPI,6,9,59,1.995,0.0460698505845555,1.995,0.0460698505845555,1.0,False,1.9947527724701823,0.046069850584555594
Çorlu,SPI,6,10,59,2.059,0.0394846947028488,2.059,0.0394846947028488,1.0,False,2.059099636098253,0.03948469470284888
Çorlu,SPI,6,11,59,2.075,0.0379718928351775,2.075,0.0379718928351775,1.0,False,2.0751580098777156,0.037971892835177545
Çorlu,SPI,6,12,59,2.136,0.0326698621092687,2.136,0.0326698621092687,1.0,False,2.1361172003295392,0.0326698621092687
Çorlu,SPI,9,1,59,0.21,0.8339201919778203,0.481,0.6307421479903381,0.19,False,0.2096764694110594,0.8339201919778203
Çorlu,SPI,9,2,59,0.46,0.6452171322206244,1.32,0.1868376642087748,0.122,False,0.46041672478155776,0.6452171322206244
Çorlu,SPI,9,3,59,0.225,0.8221926232578485,0.312,0.7550808163766034,0.519,False,0.22472576036250438,0.8221926232578485
Çorlu,SPI,9,4,59,0.589,0.5555504382679293,0.941,0.346602777143838,0.392,False,0.5894634283027335,0.5555504382679293
Çorlu,SPI,9,5,59,1.207,0.2275392676218266,1.328,0.1840506476685295,0.825,False,1.2067218858087285,0.22753926762182664
Çorlu,SPI,9,6,59,1.94,0.0523262024545587,1.726,0.0844178382968323,1.264,False,1.9404403038487859,0.05232620245455877
Çorlu,SPI,9,7,59,1.637,0.101711739350315,1.463,0.1434521702772728,1.251,False,1.636611174019722,0.10171173935031508
Çorlu,SPI,9,8,59,1.494,0.1352298715297217,1.216,0.2237986203143389,1.508,False,1.493792465238575,0.13522987152972177
Çorlu,SPI,9,9,59,1.466,0.1426377763744892,1.201,0.2297693367430431,1.49,False,1.4660385814237722,0.14263777637448927
Çorlu,SPI,9,10,59,1.238,0.2158982951578161,1.238,0.2158982951578161,1.0,False,1.2375086765634236,0.2158982951578161
Çorlu,SPI,9,11,59,0.804,0.4214117623257141,0.804,0.4214117623257141,1.0,False,0.8039743957374315,0.4214117623257141
Çorlu,SPI,9,12,59,1.173,0.2409124878881525,0.864,0.3876554923959281,1.843,False,0.4438055993720104,0.6571831397620693
Çorlu,SPI,12,1,59,1.442,0.1491680868893592,1.992,0.0463845394706221,0.524,False,1.4424761790459375,0.14916808688935923
Çorlu,SPI,12,2,59,1.414,0.1572297084655263,1.414,0.1572297084655263,1.0,False,1.414450374046351,0.1572297084655263
Çorlu,SPI,12,3,59,1.112,0.2661629270911603,1.112,0.2661629270911603,1.0,False,1.11194237611652,0.2661629270911603
Çorlu,SPI,12,4,59,1.384,0.1664555474711253,1.384,0.1664555474711253,1.0,False,1.3836829794787955,0.16645554747112534
Çorlu,SPI,12,5,59,1.478,0.139435792946867,1.201,0.2298533299706691,1.515,False,0.8954926218475313,0.3705238081352129
Çorlu,SPI,12,6,59,1.213,0.2253090173373757,0.954,0.3400184444524827,1.615,False,0.7558772980040449,0.44972276631637675
Çorlu,SPI,12,7,59,0.942,0.3459369280249453,0.723,0.4697534968814074,1.7,False,0.4839159710937336,0.6284455052658935
Çorlu,SPI,12,8,59,0.915,0.3603076612205931,0.695,0.487243766518127,1.734,False,0.5111788427046481,0.6092258321483248
Çorlu,SPI,12,9,59,0.176,0.8605164321275205,0.12,0.904649684338246,2.152,False,-0.0411367592801303,0.9671868697266033
Çorlu,SPI,12,10,59,0.129,0.8976474265190788,0.102,0.9189613298984132,1.598,False,-0.055039067954299394,0.9561073392218282
Çorlu,SPI,12,11,59,0.361,0.7183448352653241,0.281,0.7787792095203807,1.649,False,0.062418778393235924,0.9502293411219924
Çorlu,SPI,12,12,59,0.418,0.6756698582856093,0.327,0.743816446463079,1.639,False,0.006935419821470658,0.9944663799630296
İpsala,SPEI,1,1,59,4.29,1.7875068669237493e-05,3.587,0.0003346945620912,1.43,False,4.289903604954461,1.7875068669237493e-05
İpsala,SPEI,1,2,59,3.833,0.0001266672730035,3.105,0.0019049371526631,1.524,False,3.8328498493828893,0.00012666727300358893
İpsala,SPEI,1,3,59,3.14,0.0016921801450016,2.549,0.0108124036774992,1.517,False,2.884433948394698,0.003921180067437469
İpsala,SPEI,1,4,59,3.448,0.0005647079128097,2.318,0.0204370845181351,2.212,False,2.424093269442495,0.01534666343953206
İpsala,SPEI,1,5,59,2.919,0.0035082959062038,2.019,0.0434825848013402,2.091,False,1.5449291022438276,0.12236341322175859
İpsala,SPEI,1,6,59,2.416,0.0156938765844416,1.905,0.0568275054239146,1.609,False,2.4159578815954177,0.015693876584441657
İpsala,SPEI,3,1,59,3.767,0.0001653900211839,2.632,0.0084803616562674,2.048,False,3.7028082314276123,0.00021322605921891835
İpsala,SPEI,3,2,59,3.283,0.0010265395503543,2.685,0.0072593856607654,1.496,False,3.2831502004114688,0.0010265395503543662
İpsala,SPEI,3,3,59,3.587,0.0003348906480653,2.81,0.004959820203642,1.63,False,3.586698895340048,0.00033489064806535573
İpsala,SPEI,3,4,59,3.962,7.430645397077384e-05,3.222,0.0012734762889232,1.512,False,3.9620580924587947,7.430645397077384e-05
İpsala,SPEI,3,5,59,4.088,4.3513536873929226e-05,3.145,0.0016632924444632,1.69,False,4.087985486620691,4.3513536873929226e-05
İpsala,SPEI,3,6,59,4.123,3.740714413469348e-05,2.599,0.0093360014911574,2.516,False,2.7151650816453987,0.006624274108492312
İpsala,SPEI,3,7,59,4.223,2.4117934911638272e-05,2.293,0.0218532710447842,3.392,False,2.8995959997778242,0.0037364390680718618
İpsala,SPEI,3,8,59,3.797,0.0001464854408841,2.421,0.0154584355073092,2.459,False,2.382082802967084,0.017215026068336137
İpsala,SPEI,3,9,59,2.94,0.0032778023440835,1.853,0.0638488366775977,2.517,False,1.7034542720495174,0.08848308860461152
İpsala,SPEI,3,10,59,2.931,0.0033785975057216,2.293,0.0218265275382536,1.633,False,1.7915492391143146,0.07320520049330614
İpsala,SPEI,3,11,59,2.971,0.0029667443825194,2.319,0.0203906240923323,1.641,False,1.7740707099522237,0.07605145492648235
İpsala,SPEI,6,1,59,3.493,0.0004778359770682,2.764,0.0057171068036625,1.597,False,3.4928829118380924,0.00047783597706829717
İpsala,SPEI,6,2,59,3.6,0.0003179609232968,2.774,0.0055366400309684,1.684,False,3.6002094728268967,0.0003179609232968339
İpsala,SPEI,6,3,59,3.714,0.000203763462341,2.511,0.0120490872650851,2.189,False,3.7143043279266954,0.00020376346234107778
İpsala,SPEI,6,4,59,3.525,0.0004231627903057,2.246,0.0246840322085761,2.463,False,3.5252002418824135,0.0004231627903057422
İpsala,SPEI,6,5,59,4.101,4.117090629907061e-05,2.531,0.0113619709081655,2.624,False,4.100808558472719,4.117090629907061e-05
İpsala,SPEI,6,6,59,3.859,0.0001139726237915,2.557,0.0105481269383498,2.277,False,4.319942936665548,1.5606955248381738e-05
İpsala,SPEI,6,7,59,4.204,2.61683907862853e-05,2.688,0.0071868578269806,2.447,False,4.373606824077542,1.2221040046833664e-05
İpsala,SPEI,6,8,59,3.79,0.0001505472419576,2.89,0.0038466140547872,1.719,False,2.2108105548228068,0.02704895862672463
İpsala,SPEI,6,9,59,3.652,0.0002605258181773,2.504,0.0122626151796232,2.126,False,2.009208151815906,0.044515063569258606
İpsala,SPEI,6,10,59,3.797,0.0001464854408841,2.519,0.0117701766486977,2.272,False,2.2146520628224327,0.026783955560321537
İpsala,SPEI,6,11,59,3.895,9.82449930631013e-05,2.616,0.0088910502111221,2.216,False,2.1735005114282235,0.02974266736652198
İpsala,SPEI,6,12,59,3.36,0.0007785233686672,2.392,0.0167463287206091,1.973,False,2.1760768806803137,0.029549512330325323
İpsala,SPEI,9,1,59,3.543,0.0003957658373001,2.267,0.0233924545220176,2.442,False,3.542891272415938,0.000395765837300166
İpsala,SPEI,9,2,59,3.516,0.0004376108445411,2.302,0.02133714401648,2.333,False,3.51629719155448,0.0004376108445411919
İpsala,SPEI,9,3,59,3.525,0.0004231627903057,2.634,0.0084309518768594,1.791,False,3.5252002418824135,0.0004231627903057422
İpsala,SPEI,9,4,59,4.074,4.629978492354248e-05,2.991,0.0027790551566471,1.855,False,4.07356066107423,4.6299784923542475e-05
İpsala,SPEI,9,5,59,4.2,2.665804232537816e-05,3.178,0.0014819354990562,1.747,False,4.454102655195534,8.424478839419436e-06
İpsala,SPEI,9,6,59,4.103,4.085279901211436e-05,3.112,0.0018566122204259,1.738,False,4.299915721789871,1.7086307473990203e-05
İpsala,SPEI,9,7,59,3.999,6.352622062610891e-05,3.042,0.0023517310198719,1.729,False,4.333358908518546,1.468514083646788e-05
İpsala,SPEI,9,8,59,3.946,7.937228434973242e-05,2.954,0.0031386876099168,1.785,False,4.49435057075453,6.978258497492007e-06
İpsala,SPEI,9,9,59,4.227,2.367508033018773e-05,2.791,0.0052530093243519,2.294,False,4.9236616700504845,8.493964038791546e-07
İpsala,SPEI,9,10,59,4.545,5.481636851323302e-06,2.676,0.007451027360956,2.885,False,5.54079637528842,3.0109917448228884e-08
İpsala,SPEI,9,11,59,4.345,1.3912955697747977e-05,2.692,0.0071072143609312,2.606,False,3.080785832784389,0.0020645508949785896
İpsala,SPEI,9,12,59,4.44,8.998664173809345e-06,2.249,0.0244807075153712,3.896,False,3.0829794488343594,0.002049393073456196
İpsala,SPEI,12,1,59,4.097,4.193409387687197e-05,2.635,0.0084130506519182,2.417,False,4.6687582048435115,3.0302576310425877e-06
İpsala,SPEI,12,2,59,4.073,4.6479965727819206e-05,2.889,0.0038664427432231,1.987,False,4.561430430019523,5.080631019449555e-06
İpsala,SPEI,12,3,59,4.257,2.067965900987012e-05,2.712,0.0066823176628383,2.464,False,4.601678345578518,4.191000774866893e-06
İpsala,SPEI,12,4,59,4.414,1.0140323578600174e-05,2.689,0.0071704284357803,2.695,False,4.709006120402507,2.4892759744599147e-06
İpsala,SPEI,12,5,59,4.387,1.1497155187223385e-05,2.912,0.0035955854444906,2.27,False,4.6687582048435115,3.0302576310425877e-06
İpsala,SPEI,12,6,59,4.458,8.275558991632792e-06,2.531,0.011370288849493,3.102,False,4.6687582048435115,3.0302576310425877e-06
İpsala,SPEI,12,7,59,4.249,2.143927507147758e-05,2.794,0.0052122358147488,2.314,False,4.655342232990513,3.234429983844933e-06
İpsala,SPEI,12,8,59,4.2,2.665804232537816e-05,3.068,0.0021515254413773,1.874,False,4.6687582048435115,3.0302576310425877e-06
İpsala,SPEI,12,9,59,4.775,1.7944476511377871e-06,2.742,0.0060993690331714,3.032,False,5.661540121965407,1.500204205306943e-08
İpsala,SPEI,12,10,59,4.977,6.461759098908004e-07,2.48,0.013153202829619,4.029,False,6.02377136199637,1.7039902822091335e-09
İpsala,SPEI,12,11,59,5.208,1.9038481058331058e-07,2.524,0.0115914139397761,4.257,False,6.30550677090934,2.8725244405336525e-10
İpsala,SPEI,12,12,59,4.965,6.872073721186922e-07,2.532,0.0113345950992858,3.844,False,5.996939418290372,2.010710264954696e-09
İpsala,SPI,1,1,59,4.395,1.109139172861262e-05,3.002,0.0026819370159518,2.143,False,4.39472334408906,1.109139172861262e-05
İpsala,SPI,1,2,59,3.035,0.0024021368614302,2.457,0.0140019612281216,1.526,False,3.0354039942503315,0.002402136861430204
İpsala,SPI,1,3,59,1.935,0.0529560871708323,1.935,0.0529560871708323,1.0,False,1.9352788427878476,0.05295608717083233
İpsala,SPI,1,4,59,2.259,0.0238967491524666,1.886,0.0593538498607058,1.435,False,2.2587852070718313,0.023896749152466645
İpsala,SPI,3,1,59,2.21,0.0270811116461089,2.21,0.0270811116461089,1.0,False,2.2103466745039757,0.027081111646108935
İpsala,SPI,3,2,59,2.114,0.0344931059858613,2.114,0.0344931059858613,1.0,False,2.11425954049003,0.034493105985861305
İpsala,SPI,3,3,59,2.434,0.014948214510795,2.434,0.014948214510795,1.0,False,2.4336312595596623,0.014948214510795088
İpsala,SPI,3,4,59,2.997,0.002724104780704,2.413,0.0158401588265924,1.543,False,2.9972687138338814,0.002724104780704062
İpsala,SPI,3,5,59,2.835,0.0045888511333926,2.835,0.0045888511333926,1.0,False,2.8345622876966132,0.004588851133392691
İpsala,SPI,3,6,59,2.236,0.0253482661618964,2.236,0.0253482661618964,1.0,False,2.2360535110754465,0.02534826616189645
İpsala,SPI,3,7,59,1.8,0.0718316364823592,1.8,0.0718316364823592,1.0,False,1.8001837015874558,0.07183163648235924
İpsala,SPI,3,8,59,1.875,0.0608020013934249,1.536,0.1244449702900556,1.489,False,1.874932564481386,0.060802001393424954
İpsala,SPI,6,1,59,2.29,0.0220423895185206,2.29,0.0220423895185206,1.0,False,2.289636633594,0.022042389518520666
İpsala,SPI,6,2,59,2.459,0.0139367840407325,1.993,0.0462591916616441,1.522,False,2.4588886394013127,0.013936784040732508
İpsala,SPI,6,3,59,2.446,0.0144633382494241,1.682,0.0925406783439808,2.114,False,2.4455450392390183,0.01446333824942414
İpsala,SPI,6,4,59,2.766,0.0056753883306588,1.871,0.0614012049829215,2.186,False,2.7659692663480966,0.005675388330658837
İpsala,SPI,6,5,59,3.168,0.001536732304662,2.12,0.0339894356899188,2.232,False,3.1676560142708756,0.001536732304662003
İpsala,SPI,6,6,59,3.145,0.0016605403105904,2.092,0.0364124268838614,2.26,False,2.3688432803953727,0.017843812708265183
İpsala,SPI,6,7,59,2.982,0.0028642006498234,1.994,0.0461758148959627,2.237,False,2.133732272135147,0.03286470274496067
İpsala,SPI,6,8,59,2.963,0.0030443897900604,2.329,0.0198372585589525,1.618,False,1.754385149956163,0.07936453414248024
İpsala,SPI,6,9,59,2.124,0.0336703468291363,2.477,0.0132535845697707,0.735,False,2.123997569282627,0.03367034682913639
İpsala,SPI,6,10,59,2.143,0.0321070094796565,1.841,0.065638064735408,1.355,False,2.143075835223162,0.0321070094796565
İpsala,SPI,6,11,59,2.08,0.0375118625113546,1.627,0.1037638836454439,1.635,False,2.0801490640763634,0.03751186251135463
İpsala,SPI,6,12,59,1.626,0.1039263875126472,1.237,0.2162376339116731,1.729,False,0.3932669061470447,0.6941223582133329
İpsala,SPI,9,1,59,2.77,0.0056033071469618,2.033,0.0420681854421107,1.857,False,2.770134950521149,0.005603307146961889
İpsala,SPI,9,2,59,2.804,0.0050493112338945,2.223,0.0262072132251625,1.591,False,2.8038709402643796,0.005049311233894516
İpsala,SPI,9,3,59,2.855,0.0043021693810221,2.256,0.0240960030972021,1.602,False,2.8551117088757585,0.004302169381022125
İpsala,SPI,9,4,59,3.326,0.0008795167761714,2.583,0.0098048552459792,1.659,False,3.3264757333328485,0.000879516776171485
İpsala,SPI,9,5,59,3.6,0.000317919437561,2.761,0.0057709469571995,1.701,False,3.488152681779635,0.0004863702566690886
İpsala,SPI,9,6,59,3.614,0.0003012789581047,2.767,0.0056499663929732,1.706,False,3.4344887943676405,0.0005936726169180062
İpsala,SPI,9,7,59,3.628,0.0002854569009376,2.777,0.0054881987466817,1.707,False,3.555232541044628,0.000377644934481669
İpsala,SPI,9,8,59,3.436,0.0005899897958083,2.548,0.0108248881473445,1.818,False,3.6759762877216153,0.00023694153192654888
İpsala,SPI,9,9,59,3.521,0.0004296086115085,2.598,0.0093658120436124,1.836,False,3.6357283721626197,0.0002771962977867748
İpsala,SPI,9,10,59,4.266,1.994467595212157e-05,2.532,0.0113319747173592,2.837,False,2.6142831987027866,0.008941488768767103
İpsala,SPI,9,11,59,3.745,0.0001801216479495,2.793,0.005229258647398,1.799,False,2.1394940853123936,0.032395674433137955
İpsala,SPI,9,12,59,3.217,0.0012938373564026,2.4,0.0163737346737955,1.796,False,1.8752609416948456,0.06075683389663644
İpsala,SPI,12,1,59,3.774,0.0001608038228315,2.917,0.003537311755402,1.674,False,3.7737625457138604,0.0001608038228315678
İpsala,SPI,12,2,59,3.906,9.386290613422332e-05,2.808,0.0049783953199353,1.934,False,3.9059320014284764,9.386290613422332e-05
İpsala,SPI,12,3,59,3.685,0.0002290570232761,2.759,0.0057977775357385,1.784,False,3.7296401751336097,0.00019175340755794856
İpsala,SPI,12,4,59,3.685,0.0002290570232761,2.769,0.0056175000842655,1.77,False,3.783304062545604,0.00015476016278848093
İpsala,SPI,12,5,59,3.643,0.000269182654373,2.713,0.0066716921382705,1.804,False,3.930879752928589,8.463559660376596e-05
İpsala,SPI,12,6,59,3.832,0.0001268673905454,2.493,0.0126567150704108,2.363,False,4.19919918998856,2.678606135742001e-05
İpsala,SPI,12,7,59,3.726,0.0001946710433637,2.387,0.0169695868321479,2.436,False,4.239447105547557,2.240709815337638e-05
İpsala,SPI,12,8,59,3.788,0.0001515874576922,2.412,0.0158725916604387,2.467,False,4.360190852224544,1.2994905410845803e-05
İpsala,SPI,12,9,59,3.803,0.0001432365208786,2.429,0.0151342549952446,2.45,False,4.400438767783539,1.0803221025090792e-05
İpsala,SPI,12,10,59,4.073,4.6331072433458687e-05,2.375,0.0175282529338254,2.941,False,5.071237360433469,3.952374434401662e-07
İpsala,SPI,12,11,59,4.103,4.070615189966098e-05,2.866,0.0041518794853845,2.049,False,2.710025841395699,0.006727796622086668
İpsala,SPI,12,12,59,3.906,9.369972145734096e-05,2.75,0.0059657908724457,2.018,False,2.6146034119548283,0.008933111357402712
