name,indeks,D,dagilim,n_bs,T10,T50,T100,T10_alt,T10_ust,T50_alt,T50_ust,T100_alt,T100_ust
Edirne,SPEI,3,GEV,200,5.21,7.42,8.29,4.45,5.92,5.42,8.83,5.67,10.2
Edirne,SPEI,6,GEV,200,8.84,13.2,15.1,7.19,10.05,9.93,16.24,10.94,19.97
Edirne,SPEI,9,GEV,200,11.79,18.3,21.41,9.72,13.9,14.68,29.3,16.35,48.42
Edirne,SPEI,12,GEV,199,13.97,24.12,29.47,10.45,17.35,16.72,42.79,19.58,78.47
Edirne,SPI,3,Weibull3,200,4.57,5.93,6.41,4.13,4.95,5.34,6.64,5.65,7.39
Edirne,SPI,6,GEV,200,8.07,9.41,9.74,7.28,8.8,8.65,9.9,8.83,10.52
Edirne,SPI,9,Normal,200,11.08,13.65,14.52,9.99,11.89,12.26,14.8,12.99,15.83
Edirne,SPI,12,Lojistik,200,13.53,17.02,18.39,11.67,14.81,14.48,18.77,15.58,20.33
Kırklareli,SPEI,3,GEV,200,5.16,8.3,9.79,4.23,6.07,5.91,11.14,6.49,14.02
Kırklareli,SPEI,6,GEV,200,9.45,15.93,19.19,7.43,11.76,10.95,22.41,12.21,29.41
Kırklareli,SPEI,9,GEV,200,12.6,23.78,30.6,9.92,15.99,15.8,39.56,18.94,66.36
Kırklareli,SPEI,12,GEV,198,15.27,29.94,39.73,12.12,20.05,18.95,53.27,20.82,100.94
Kırklareli,SPI,3,Gumbel,200,4.66,7.11,8.14,3.86,5.39,5.86,8.17,6.69,9.38
Kırklareli,SPI,6,GEV,200,8.88,15.78,19.42,6.81,10.81,11.53,23.8,12.98,34.22
Kırklareli,SPI,9,GEV,198,12.79,23.1,28.62,9.52,15.66,16.07,52.44,18.62,105.58
Kırklareli,SPI,12,Gumbel,200,16.64,27.09,31.32,12.65,20.74,21.01,33.41,24.28,38.78
Lüleburgaz,SPEI,3,LN3,124,6.2,18.25,26.8,4.09,7.74,9.76,26.19,12.65,41.88
Lüleburgaz,SPEI,6,LN3,118,10.4,24.36,32.53,7.66,14.0,15.21,41.8,18.58,66.44
Lüleburgaz,SPEI,9,LN3,72,13.17,27.84,35.28,,,,,,
Lüleburgaz,SPI,3,Lojistik,200,5.07,7.01,7.8,4.29,5.96,5.93,8.34,6.6,9.3
Lüleburgaz,SPI,6,Lojistik,200,9.08,12.55,13.94,7.86,10.46,10.64,14.39,11.75,16.06
Lüleburgaz,SPI,9,Lojistik,200,12.29,16.69,18.42,10.55,14.4,14.33,20.01,15.75,22.36
Lüleburgaz,SPI,12,Lojistik,200,15.5,21.1,23.29,13.43,18.27,17.76,25.34,19.42,28.36
Sarıyer,SPEI,3,GEV,200,5.21,7.43,8.35,4.4,5.77,5.52,8.63,5.85,9.99
Sarıyer,SPEI,6,LN3,162,9.24,12.59,13.9,7.79,10.25,9.82,14.94,10.57,17.2
Sarıyer,SPEI,9,Gumbel,200,12.61,16.98,18.78,10.95,14.07,14.22,19.41,15.55,21.67
Sarıyer,SPEI,12,GEV,195,16.2,22.76,25.37,13.36,18.68,18.35,29.45,19.36,38.25
Sarıyer,SPI,3,LN3,175,5.29,7.08,7.76,4.6,5.92,5.93,8.18,6.4,9.26
Sarıyer,SPI,6,LN3,161,9.12,12.63,14.06,7.74,10.27,10.25,15.8,10.96,18.92
Sarıyer,SPI,9,Gamma3,200,12.58,17.36,19.26,9.33,13.97,13.15,20.5,14.32,23.73
Sarıyer,SPI,12,Weibull3,192,15.41,22.16,24.82,12.82,18.7,18.14,55.68,19.5,84.66
Tekirdağ,SPEI,3,Lojistik,200,5.23,7.44,8.34,4.33,6.04,6.22,8.47,6.99,9.5
Tekirdağ,SPEI,6,GEV,200,10.14,14.18,15.64,8.46,11.79,11.95,16.57,12.79,21.43
Tekirdağ,SPEI,9,LN3,128,13.89,21.17,24.34,11.85,16.51,17.45,24.44,19.5,29.03
Tekirdağ,SPEI,12,Gamma3,200,17.12,27.16,31.21,8.85,20.65,17.36,31.26,21.93,37.54
Tekirdağ,SPI,3,Weibull3,200,5.17,7.82,8.83,4.24,6.38,6.46,12.98,7.31,16.14
Tekirdağ,SPI,6,Lojistik,200,9.28,12.58,13.9,7.93,10.41,10.76,14.24,11.74,15.86
Tekirdağ,SPI,9,Gumbel,200,12.95,18.24,20.41,10.8,14.95,14.4,21.26,15.88,23.98
Tekirdağ,SPI,12,GEV,200,15.48,22.55,25.84,12.91,17.99,17.52,28.27,19.13,35.04
Uzunköprü,SPEI,3,Lojistik,200,5.42,7.66,8.56,4.52,6.34,6.37,9.2,7.01,10.32
Uzunköprü,SPEI,6,Lojistik,200,9.87,13.71,15.23,8.27,11.97,11.3,17.05,12.34,19.22
Uzunköprü,SPEI,9,Gumbel,200,13.86,20.37,23.03,11.26,16.85,16.3,25.61,18.35,29.18
Uzunköprü,SPEI,12,Gumbel,200,16.92,24.9,28.14,13.61,19.51,19.72,30.33,22.26,34.54
Uzunköprü,SPI,3,GEV,200,5.23,6.47,6.78,4.79,5.65,5.56,7.05,5.65,7.55
Uzunköprü,SPI,6,GEV,200,9.64,12.1,12.77,8.46,10.69,10.33,13.2,10.55,14.12
Uzunköprü,SPI,9,Normal,200,13.5,17.01,18.16,11.83,15.08,14.65,18.78,15.53,20.07
Uzunköprü,SPI,12,Gamma3,200,16.71,22.18,24.14,13.59,18.87,18.69,25.25,20.27,28.53
Çorlu,SPEI,3,Gumbel,200,5.43,8.08,9.18,4.54,6.32,6.65,9.57,7.57,10.96
Çorlu,SPEI,6,GEV,200,10.09,16.01,18.75,8.17,11.71,11.45,20.21,12.56,25.61
Çorlu,SPEI,9,GEV,200,14.17,22.24,26.06,11.85,16.73,15.92,30.55,16.66,38.95
Çorlu,SPEI,12,GEV,199,17.46,27.96,33.41,14.56,20.87,17.72,38.2,18.07,49.75
Çorlu,SPI,3,Weibull3,199,5.19,7.44,8.27,4.44,6.02,5.96,10.53,6.39,12.99
Çorlu,SPI,6,GEV,200,9.47,13.69,15.39,7.83,10.92,10.74,17.01,11.54,20.25
Çorlu,SPI,9,Lojistik,200,13.34,17.98,19.83,11.41,15.19,15.17,20.89,16.5,23.27
Çorlu,SPI,12,GEV,200,17.25,24.84,27.76,14.54,19.68,18.49,29.71,19.1,34.92
İpsala,SPEI,3,Weibull3,200,5.49,7.8,8.63,4.57,6.36,6.15,9.98,6.6,11.68
İpsala,SPEI,6,Weibull3,198,9.5,13.82,15.41,8.06,11.15,11.44,21.25,12.4,26.11
İpsala,SPEI,9,Weibull3,191,13.62,19.71,21.91,10.93,15.91,16.0,25.55,17.49,31.48
İpsala,SPEI,12,LN3,108,16.2,27.49,32.84,12.71,19.13,20.98,33.67,23.47,40.34
İpsala,SPI,3,Lojistik,200,4.97,6.56,7.19,4.25,5.67,5.53,7.65,6.07,8.43
İpsala,SPI,6,Gumbel,200,9.41,13.83,15.67,7.83,10.71,11.45,15.97,12.83,18.16
İpsala,SPI,9,LN3,132,13.42,21.5,25.17,10.78,16.15,16.07,25.83,18.3,30.9
İpsala,SPI,12,GEV,197,16.49,27.17,32.39,12.53,19.53,21.26,58.95,24.3,118.42
