name,indeks,k,D,n_nonzero,P0,dagilim,AD,uygun,T2,T5,T10,T25,T50,T100
Edirne,SPEI,1,1,59,0.0,Gamma3,0.099,True,1.43,1.81,2.04,2.32,2.52,2.7
Edirne,SPEI,1,2,55,0.068,LN3,0.214,True,2.08,2.88,3.36,3.92,4.32,4.7
Edirne,SPEI,1,3,41,0.305,GEV,0.239,True,2.21,3.5,4.26,5.21,5.92,6.62
Edirne,SPEI,1,4,24,0.593,Lojistik,0.323,True,0.0,3.32,4.1,4.89,5.43,5.95
Edirne,SPEI,3,1,58,0.017,GEV,0.3,True,1.34,1.91,2.33,2.89,3.34,3.81
Edirne,SPEI,3,2,55,0.068,GEV,0.228,True,2.21,3.22,3.95,4.97,5.79,6.67
Edirne,SPEI,3,3,50,0.153,Gumbel,0.291,True,2.91,4.35,5.27,6.41,7.26,8.1
Edirne,SPEI,3,4,42,0.288,Weibull3,0.395,True,2.76,5.06,6.61,8.52,9.91,11.25
Edirne,SPEI,3,5,34,0.424,Weibull3,0.573,True,2.68,5.59,7.29,9.27,10.65,11.96
Edirne,SPEI,3,6,26,0.559,GEV,0.316,True,0.0,5.65,7.49,9.9,11.83,13.9
Edirne,SPEI,3,7,20,0.661,Gumbel,0.405,True,0.0,5.35,7.25,9.31,10.78,12.21
Edirne,SPEI,3,8,16,0.729,Lojistik,0.303,True,0.0,5.65,8.05,9.91,11.1,12.22
Edirne,SPEI,6,1,57,0.034,Gumbel,0.523,True,1.11,1.78,2.22,2.77,3.18,3.59
Edirne,SPEI,6,2,51,0.136,LN3,0.342,True,2.02,3.21,3.95,4.86,5.53,6.18
Edirne,SPEI,6,3,48,0.186,LN3,0.218,True,2.67,4.38,5.47,6.82,7.82,8.82
Edirne,SPEI,6,4,41,0.305,GEV,0.215,True,3.13,5.51,6.9,8.59,9.82,11.03
Edirne,SPEI,6,5,38,0.356,Gumbel,0.231,True,3.82,6.41,7.88,9.67,10.99,12.29
Edirne,SPEI,6,6,33,0.441,Gumbel,0.254,True,3.76,7.19,8.9,10.97,12.47,13.96
Edirne,SPEI,6,7,26,0.559,Gumbel,0.408,True,0.0,7.67,9.59,11.82,13.43,15.01
Edirne,SPEI,6,8,22,0.627,Gumbel,0.482,True,0.0,8.27,10.38,12.75,14.44,16.1
Edirne,SPEI,6,9,18,0.695,GEV,0.179,True,0.0,8.2,10.59,13.47,15.76,18.22
Edirne,SPEI,9,1,55,0.068,Normal,0.289,True,1.09,1.67,1.96,2.28,2.48,2.66
Edirne,SPEI,9,2,48,0.186,Weibull3,0.213,True,1.9,3.1,3.72,4.39,4.82,5.22
Edirne,SPEI,9,3,44,0.254,LN3,0.101,True,2.68,4.38,5.25,6.22,6.86,7.47
Edirne,SPEI,9,4,37,0.373,Lojistik,0.202,True,3.17,5.48,6.46,7.57,8.36,9.13
Edirne,SPEI,9,5,34,0.424,GEV,0.26,True,3.69,6.58,7.97,9.56,10.66,11.71
Edirne,SPEI,9,6,31,0.475,Gumbel,0.146,True,3.97,7.49,9.05,10.93,12.29,13.63
Edirne,SPEI,9,7,28,0.525,GEV,0.164,True,0.0,8.2,10.04,12.22,13.81,15.4
Edirne,SPEI,9,8,25,0.576,GEV,0.138,True,0.0,8.91,11.01,13.47,15.25,17.01
Edirne,SPEI,9,9,23,0.61,LN3,0.166,True,0.0,9.37,11.77,14.66,16.83,19.02
Edirne,SPEI,9,10,20,0.661,GEV,0.192,True,0.0,9.17,11.59,15.29,18.81,23.18
Edirne,SPEI,12,1,48,0.186,GEV,0.331,True,0.86,1.58,2.01,2.52,2.88,3.23
Edirne,SPEI,12,2,45,0.237,Weibull3,0.188,True,1.46,2.95,3.81,4.78,5.44,6.06
Edirne,SPEI,12,3,41,0.305,GEV,0.246,True,2.15,4.11,5.21,6.51,7.42,8.29
Edirne,SPEI,12,4,39,0.339,GEV,0.214,True,2.63,5.18,6.58,8.22,9.38,10.48
Edirne,SPEI,12,5,34,0.424,GEV,0.168,True,3.03,5.93,7.58,9.74,11.43,13.2
Edirne,SPEI,12,6,31,0.475,GEV,0.233,True,2.61,6.84,8.84,11.32,13.2,15.1
Edirne,SPEI,12,7,29,0.508,GEV,0.208,True,0.0,7.52,9.72,12.71,15.17,17.86
Edirne,SPEI,12,8,27,0.542,GEV,0.278,True,0.0,8.28,10.75,14.02,16.67,19.52
Edirne,SPEI,12,9,25,0.576,GEV,0.408,True,0.0,9.01,11.79,15.41,18.3,21.41
Edirne,SPEI,12,10,24,0.593,GEV,0.394,True,0.0,9.55,12.65,16.75,20.11,23.78
Edirne,SPEI,12,11,23,0.61,GEV,0.417,True,0.0,9.92,13.4,18.09,22.0,26.36
Edirne,SPEI,12,12,21,0.644,GEV,0.368,True,0.0,9.97,13.97,19.43,24.12,29.47
Edirne,SPI,1,1,59,0.0,Gamma3,0.242,True,1.6,2.21,2.57,3.0,3.3,3.59
Edirne,SPI,1,2,53,0.102,Gamma3,0.163,True,1.93,3.03,3.71,4.53,5.11,5.67
Edirne,SPI,1,3,34,0.424,Gamma3,0.193,True,1.29,3.26,4.32,5.57,6.45,7.3
Edirne,SPI,1,4,15,0.746,GEV,0.173,True,0.0,2.44,3.48,4.54,5.32,6.12
Edirne,SPI,3,1,58,0.017,Gumbel,0.438,True,1.41,2.05,2.47,3.01,3.4,3.8
Edirne,SPI,3,2,54,0.085,GEV,0.23,True,2.27,3.4,4.11,4.98,5.6,6.21
Edirne,SPI,3,3,51,0.136,GEV,0.394,True,2.87,4.38,5.39,6.73,7.76,8.82
Edirne,SPI,3,4,38,0.356,GEV,0.241,True,2.97,5.04,6.34,8.06,9.42,10.86
Edirne,SPI,3,5,30,0.492,LN3,0.274,True,1.68,5.7,7.01,8.41,9.36,10.24
Edirne,SPI,3,6,23,0.61,Gumbel,0.54,True,0.0,5.22,6.93,8.86,10.25,11.61
Edirne,SPI,3,7,17,0.712,GEV,0.353,True,0.0,5.27,6.59,8.0,9.04,10.09
Edirne,SPI,6,1,55,0.068,GEV,0.167,True,1.2,1.8,2.15,2.54,2.8,3.04
Edirne,SPI,6,2,51,0.136,LN3,0.271,True,2.12,3.28,3.95,4.73,5.28,5.79
Edirne,SPI,6,3,49,0.169,LN3,0.407,True,2.85,4.43,5.32,6.36,7.08,7.76
Edirne,SPI,6,4,45,0.237,LN3,0.28,True,3.46,5.48,6.5,7.63,8.37,9.06
Edirne,SPI,6,5,36,0.39,Lojistik,0.313,True,3.65,6.3,7.39,8.61,9.47,10.32
Edirne,SPI,6,6,32,0.458,Normal,0.268,True,2.97,7.13,8.47,9.77,10.58,11.29
Edirne,SPI,6,7,28,0.525,Normal,0.365,True,0.0,7.75,9.22,10.62,11.47,12.22
Edirne,SPI,6,8,23,0.61,Weibull3,0.347,True,0.0,8.38,10.0,11.33,12.07,12.68
Edirne,SPI,6,9,19,0.678,Weibull3,0.354,True,0.0,8.42,10.37,11.72,12.43,12.99
Edirne,SPI,9,1,54,0.085,GEV,0.474,True,1.15,1.63,1.84,2.01,2.09,2.15
Edirne,SPI,9,2,50,0.153,GEV,0.478,True,2.04,3.02,3.43,3.8,3.99,4.14
Edirne,SPI,9,3,46,0.22,Gamma3,0.346,True,2.68,4.14,4.84,5.57,6.04,6.46
Edirne,SPI,9,4,38,0.356,Gumbel,0.383,True,3.14,5.03,6.1,7.41,8.37,9.32
Edirne,SPI,9,5,38,0.356,Weibull3,0.454,True,3.67,6.15,7.2,8.25,8.89,9.45
Edirne,SPI,9,6,29,0.508,GEV,0.3,True,0.0,7.24,8.38,9.38,9.93,10.35
Edirne,SPI,9,7,27,0.542,GEV,0.307,True,0.0,8.24,9.47,10.49,11.03,11.44
Edirne,SPI,9,8,25,0.576,GEV,0.212,True,0.0,9.19,10.5,11.42,11.84,12.13
Edirne,SPI,9,9,25,0.576,GEV,0.299,True,0.0,10.03,11.37,12.24,12.6,12.83
Edirne,SPI,9,10,24,0.593,GEV,0.223,True,0.0,10.11,11.71,12.88,13.43,13.82
Edirne,SPI,9,11,19,0.678,GEV,0.141,True,0.0,9.91,12.21,13.72,14.4,14.87
Edirne,SPI,9,12,15,0.746,GEV,0.215,True,0.0,9.98,12.73,14.47,15.32,15.95
Edirne,SPI,12,1,49,0.169,GEV,0.319,True,0.95,1.51,1.75,1.98,2.1,2.2
Edirne,SPI,12,2,45,0.237,Weibull3,0.366,True,1.67,2.77,3.31,3.87,4.23,4.55
Edirne,SPI,12,3,43,0.271,Weibull3,0.451,True,2.29,3.8,4.57,5.39,5.93,6.41
Edirne,SPI,12,4,40,0.322,GEV,0.679,True,2.96,5.01,5.78,6.45,6.8,7.06
Edirne,SPI,12,5,38,0.356,GEV,0.465,True,3.4,6.04,6.94,7.68,8.05,8.32
Edirne,SPI,12,6,37,0.373,GEV,0.427,True,3.91,7.01,8.07,8.96,9.41,9.74
Edirne,SPI,12,7,36,0.39,GEV,0.382,True,4.37,7.86,9.1,10.19,10.76,11.2
Edirne,SPI,12,8,32,0.458,GEV,0.211,True,3.84,8.69,10.12,11.37,12.03,12.53
Edirne,SPI,12,9,31,0.475,Normal,0.149,True,3.8,9.44,11.08,12.67,13.65,14.52
Edirne,SPI,12,10,30,0.492,Lojistik,0.14,True,2.61,10.19,11.83,13.6,14.83,16.03
Edirne,SPI,12,11,27,0.542,Lojistik,0.205,True,0.0,10.93,12.73,14.62,15.92,17.19
Edirne,SPI,12,12,25,0.576,Lojistik,0.331,True,0.0,11.51,13.53,15.6,17.02,18.39
Kırklareli,SPEI,1,1,59,0.0,Lojistik,0.241,True,1.5,1.88,2.1,2.37,2.57,2.76
Kırklareli,SPEI,1,2,52,0.119,Normal,0.307,True,2.14,2.95,3.36,3.78,4.06,4.3
Kırklareli,SPEI,1,3,39,0.339,GEV,0.235,True,2.08,3.56,4.22,4.88,5.28,5.61
Kırklareli,SPEI,1,4,17,0.712,GEV,0.282,True,0.0,3.49,4.7,5.33,5.58,5.72
Kırklareli,SPEI,3,1,58,0.017,GEV,0.173,True,1.31,1.89,2.24,2.64,2.91,3.16
Kırklareli,SPEI,3,2,54,0.085,Gamma3,0.229,True,2.18,3.26,3.9,4.65,5.17,5.66
Kırklareli,SPEI,3,3,48,0.186,Weibull3,0.232,True,2.77,4.36,5.24,6.22,6.88,7.48
Kırklareli,SPEI,3,4,36,0.39,Gamma3,0.227,True,2.81,4.99,6.01,7.11,7.85,8.54
Kırklareli,SPEI,3,5,29,0.508,LN3,0.227,True,0.0,5.33,6.48,7.67,8.44,9.15
Kırklareli,SPEI,3,6,22,0.627,GEV,0.328,True,0.0,5.47,6.63,8.13,9.34,10.66
Kırklareli,SPEI,3,7,17,0.712,LN3,0.222,True,0.0,5.77,7.25,9.25,10.92,12.77
Kırklareli,SPEI,6,1,55,0.068,Gamma3,0.518,True,1.03,1.9,2.49,3.21,3.74,4.26
Kırklareli,SPEI,6,2,49,0.169,Lojistik,0.379,True,2.09,3.2,3.79,4.5,5.01,5.51
Kırklareli,SPEI,6,3,47,0.203,GEV,0.354,True,2.72,4.44,5.51,6.85,7.83,8.8
Kırklareli,SPEI,6,4,41,0.305,LN3,0.448,True,3.2,5.57,6.88,8.42,9.51,10.56
Kırklareli,SPEI,6,5,35,0.407,GEV,0.532,True,3.59,6.66,8.26,10.18,11.57,12.92
Kırklareli,SPEI,6,6,30,0.492,GEV,0.572,True,2.28,7.56,9.55,11.85,13.48,15.05
Kırklareli,SPEI,6,7,24,0.593,GEV,0.448,True,0.0,7.7,10.11,13.11,15.42,17.82
Kırklareli,SPEI,6,8,18,0.695,GEV,0.311,True,0.0,7.47,9.79,13.28,16.6,20.75
Kırklareli,SPEI,9,1,55,0.068,Gumbel,0.294,True,0.98,1.62,2.03,2.56,2.94,3.33
Kırklareli,SPEI,9,2,47,0.203,Gumbel,0.186,True,1.76,2.98,3.74,4.69,5.39,6.09
Kırklareli,SPEI,9,3,44,0.254,Gumbel,0.302,True,2.4,4.18,5.26,6.61,7.6,8.58
Kırklareli,SPEI,9,4,37,0.373,GEV,0.21,True,2.75,5.22,6.66,8.49,9.87,11.27
Kırklareli,SPEI,9,5,32,0.458,GEV,0.223,True,2.7,6.04,7.93,10.49,12.59,14.86
Kırklareli,SPEI,9,6,28,0.525,GEV,0.205,True,0.0,6.92,9.18,12.39,15.16,18.31
Kırklareli,SPEI,9,7,27,0.542,GEV,0.213,True,0.0,7.56,10.1,14.09,17.87,22.54
Kırklareli,SPEI,9,8,24,0.593,LN3,0.386,True,0.0,7.87,11.06,16.33,21.29,27.23
Kırklareli,SPEI,9,9,22,0.627,LN3,0.272,True,0.0,8.51,12.2,17.96,23.19,29.28
Kırklareli,SPEI,9,10,21,0.644,LN3,0.22,True,0.0,9.0,12.99,19.38,25.29,32.28
Kırklareli,SPEI,9,11,19,0.678,GEV,0.235,True,0.0,9.58,13.69,20.37,27.13,36.0
Kırklareli,SPEI,9,12,17,0.712,GEV,0.229,True,0.0,10.39,14.75,21.35,27.78,35.99
Kırklareli,SPEI,12,1,50,0.153,Gumbel,0.607,True,0.77,1.47,1.91,2.47,2.88,3.29
Kırklareli,SPEI,12,2,42,0.288,Gumbel,0.314,True,1.36,2.77,3.61,4.64,5.4,6.16
Kırklareli,SPEI,12,3,37,0.373,GEV,0.354,True,1.81,3.86,5.16,6.9,8.3,9.79
Kırklareli,SPEI,12,4,36,0.39,GEV,0.289,True,2.25,4.91,6.63,9.03,11.02,13.22
Kırklareli,SPEI,12,5,35,0.407,GEV,0.335,True,2.66,5.92,7.98,10.83,13.19,15.78
Kırklareli,SPEI,12,6,34,0.424,GEV,0.475,True,2.88,6.92,9.45,12.98,15.93,19.19
Kırklareli,SPEI,12,7,33,0.441,GEV,0.373,True,3.37,7.58,10.37,14.56,18.31,22.68
Kırklareli,SPEI,12,8,27,0.542,GEV,0.229,True,0.0,8.07,11.42,16.91,22.3,29.15
Kırklareli,SPEI,12,9,26,0.559,GEV,0.234,True,0.0,9.01,12.6,18.31,23.78,30.6
Kırklareli,SPEI,12,10,24,0.593,GEV,0.219,True,0.0,9.52,13.37,20.02,26.94,36.2
Kırklareli,SPEI,12,11,22,0.627,GEV,0.224,True,0.0,10.32,14.55,21.23,27.7,35.87
Kırklareli,SPEI,12,12,20,0.661,GEV,0.173,True,0.0,10.89,15.27,22.53,29.94,39.73
Kırklareli,SPI,1,1,59,0.0,LN3,0.394,True,1.62,2.21,2.54,2.93,3.19,3.43
Kırklareli,SPI,1,2,50,0.153,LN3,0.177,True,1.94,2.81,3.29,3.83,4.2,4.55
Kırklareli,SPI,1,3,35,0.407,LN3,0.177,True,1.65,3.1,3.74,4.45,4.92,5.36
Kırklareli,SPI,1,4,16,0.729,GEV,0.213,True,0.0,2.68,3.34,4.07,4.63,5.2
Kırklareli,SPI,3,1,58,0.017,Weibull3,0.264,True,1.39,2.03,2.38,2.75,3.0,3.22
Kırklareli,SPI,3,2,53,0.102,GEV,0.347,True,2.33,3.4,3.94,4.49,4.83,5.1
Kırklareli,SPI,3,3,47,0.203,GEV,0.242,True,2.82,4.41,5.24,6.11,6.67,7.15
Kırklareli,SPI,3,4,35,0.407,Normal,0.19,True,2.76,5.19,6.11,7.03,7.6,8.1
Kırklareli,SPI,3,5,28,0.525,GEV,0.207,True,0.0,5.69,6.76,7.83,8.5,9.08
Kırklareli,SPI,3,6,23,0.61,Gumbel,0.217,True,0.0,5.93,7.06,8.35,9.28,10.18
Kırklareli,SPI,3,7,20,0.661,Gumbel,0.23,True,0.0,6.45,7.91,9.51,10.65,11.75
Kırklareli,SPI,6,1,55,0.068,GEV,0.67,True,1.17,1.78,2.06,2.32,2.47,2.58
Kırklareli,SPI,6,2,50,0.153,GEV,0.389,True,1.98,3.12,3.75,4.43,4.86,5.25
Kırklareli,SPI,6,3,44,0.254,GEV,0.15,True,2.68,4.35,5.21,6.14,6.73,7.26
Kırklareli,SPI,6,4,41,0.305,LN3,0.217,True,3.33,5.44,6.53,7.74,8.56,9.34
Kırklareli,SPI,6,5,37,0.373,LN3,0.34,True,3.51,6.44,7.81,9.3,10.3,11.24
Kırklareli,SPI,6,6,29,0.508,Lojistik,0.287,True,0.0,7.35,8.76,10.28,11.33,12.36
Kırklareli,SPI,6,7,24,0.593,Gumbel,0.23,True,0.0,7.56,9.56,11.87,13.52,15.13
Kırklareli,SPI,6,8,16,0.729,GEV,0.203,True,0.0,7.29,10.32,13.34,15.44,17.49
Kırklareli,SPI,9,1,52,0.119,Weibull3,0.16,True,0.97,1.61,1.99,2.42,2.71,2.97
Kırklareli,SPI,9,2,51,0.136,Weibull3,0.329,True,1.64,2.87,3.63,4.51,5.13,5.7
Kırklareli,SPI,9,3,45,0.237,Gamma3,0.291,True,2.3,4.07,5.1,6.32,7.18,7.99
Kırklareli,SPI,9,4,42,0.288,Gamma3,0.2,True,2.67,5.02,6.42,8.09,9.27,10.41
Kırklareli,SPI,9,5,35,0.407,GEV,0.263,True,2.66,5.96,7.71,9.8,11.33,12.82
Kırklareli,SPI,9,6,30,0.492,GEV,0.214,True,1.82,6.59,8.72,11.46,13.61,15.87
Kırklareli,SPI,9,7,26,0.559,GEV,0.186,True,0.0,7.39,10.01,13.35,15.97,18.73
Kırklareli,SPI,9,8,25,0.576,GEV,0.222,True,0.0,8.0,10.94,15.16,18.85,23.12
Kırklareli,SPI,9,9,24,0.593,GEV,0.231,True,0.0,8.45,11.84,16.87,21.44,26.88
Kırklareli,SPI,9,10,22,0.627,GEV,0.332,True,0.0,9.0,12.96,18.39,23.04,28.32
Kırklareli,SPI,9,11,21,0.644,GEV,0.391,True,0.0,9.57,13.76,19.64,24.79,30.78
Kırklareli,SPI,9,12,17,0.712,GEV,0.363,True,0.0,9.92,14.9,21.07,26.11,31.7
Kırklareli,SPI,12,1,49,0.169,Gamma3,0.221,True,0.66,1.36,1.83,2.41,2.83,3.25
Kırklareli,SPI,12,2,43,0.271,Weibull3,0.39,True,1.09,2.55,3.43,4.46,5.17,5.83
Kırklareli,SPI,12,3,39,0.339,Gumbel,0.44,True,1.5,3.51,4.66,6.08,7.11,8.14
Kırklareli,SPI,12,4,35,0.407,GEV,0.262,True,1.78,4.53,6.18,8.35,10.09,11.92
Kırklareli,SPI,12,5,33,0.441,GEV,0.27,True,2.06,5.38,7.47,10.48,13.06,15.99
Kırklareli,SPI,12,6,32,0.458,GEV,0.288,True,2.13,6.31,8.88,12.58,15.78,19.42
Kırklareli,SPI,12,7,29,0.508,GEV,0.329,True,0.0,7.25,10.27,14.47,17.99,21.92
Kırklareli,SPI,12,8,25,0.576,LN3,0.458,True,0.0,7.83,11.52,17.0,21.76,27.13
Kırklareli,SPI,12,9,24,0.593,GEV,0.529,True,0.0,8.88,12.79,18.31,23.1,28.62
Kırklareli,SPI,12,10,23,0.61,GEV,0.645,True,0.0,9.75,14.1,19.81,24.47,29.56
Kırklareli,SPI,12,11,22,0.627,GEV,0.652,True,0.0,10.27,15.16,21.38,26.33,31.65
Kırklareli,SPI,12,12,20,0.661,Gumbel,0.728,False,0.0,11.05,16.64,22.76,27.09,31.32
Lüleburgaz,SPEI,1,1,59,0.0,Lojistik,0.239,True,1.47,1.86,2.08,2.35,2.55,2.75
Lüleburgaz,SPEI,1,2,53,0.102,Lojistik,0.296,True,2.21,2.95,3.37,3.87,4.23,4.58
Lüleburgaz,SPEI,1,3,41,0.305,GEV,0.304,True,2.16,3.51,4.36,5.46,6.3,7.17
Lüleburgaz,SPEI,1,4,22,0.627,LN3,0.124,True,0.0,3.39,4.82,6.61,8.0,9.44
Lüleburgaz,SPEI,3,1,58,0.017,Lojistik,0.925,False,1.35,1.91,2.24,2.63,2.92,3.2
Lüleburgaz,SPEI,3,2,55,0.068,GEV,0.436,True,2.18,3.44,4.31,5.47,6.37,7.3
Lüleburgaz,SPEI,3,3,51,0.136,LN3,0.237,True,2.81,4.5,5.75,7.49,8.89,10.38
Lüleburgaz,SPEI,3,4,39,0.339,GEV,0.421,True,2.83,5.15,6.69,8.8,10.52,12.37
Lüleburgaz,SPEI,3,5,34,0.424,GEV,0.239,True,2.7,5.65,7.36,9.64,11.45,13.38
Lüleburgaz,SPEI,3,6,16,0.729,Gamma3,0.289,True,0.0,5.11,8.08,10.97,12.88,14.67
Lüleburgaz,SPEI,3,7,15,0.746,Gumbel,0.427,True,0.0,5.25,8.48,11.54,13.65,15.7
Lüleburgaz,SPEI,6,1,52,0.119,GEV,0.175,True,1.01,1.76,2.34,3.18,3.9,4.7
Lüleburgaz,SPEI,6,2,50,0.153,LN3,0.157,True,1.74,3.3,4.46,6.08,7.39,8.79
Lüleburgaz,SPEI,6,3,43,0.271,GEV,0.153,True,2.31,4.45,6.11,8.64,10.92,13.6
Lüleburgaz,SPEI,6,4,38,0.356,GEV,0.127,True,2.62,5.43,7.5,10.63,13.45,16.75
Lüleburgaz,SPEI,6,5,37,0.373,GEV,0.161,True,3.09,6.35,8.88,12.92,16.74,21.41
Lüleburgaz,SPEI,6,6,31,0.475,LN3,0.205,True,2.52,7.48,10.52,14.74,18.19,21.9
Lüleburgaz,SPEI,6,7,23,0.61,LN3,0.271,True,0.0,8.1,11.67,16.35,20.06,24.0
Lüleburgaz,SPEI,6,8,19,0.678,Weibull3,0.335,True,0.0,8.57,12.74,17.77,21.38,24.87
Lüleburgaz,SPEI,6,9,16,0.729,Gumbel,0.542,True,0.0,9.13,13.36,17.55,20.46,23.28
Lüleburgaz,SPEI,6,10,16,0.729,Lojistik,0.512,True,0.0,9.61,14.74,18.71,21.24,23.62
Lüleburgaz,SPEI,9,1,52,0.119,GEV,0.224,True,0.74,1.62,2.42,3.79,5.14,6.87
Lüleburgaz,SPEI,9,2,43,0.271,LN3,0.228,True,1.3,3.18,4.69,6.94,8.89,11.06
Lüleburgaz,SPEI,9,3,41,0.305,LN3,0.2,True,1.73,4.46,6.6,9.76,12.45,15.44
Lüleburgaz,SPEI,9,4,35,0.407,LN3,0.176,True,1.69,5.17,8.29,13.41,18.19,23.85
Lüleburgaz,SPEI,9,5,29,0.508,LN3,0.212,True,0.0,6.13,9.89,15.58,20.57,26.24
Lüleburgaz,SPEI,9,6,26,0.559,LN3,0.191,True,0.0,7.03,11.22,17.39,22.71,28.67
Lüleburgaz,SPEI,9,7,24,0.593,Weibull3,0.218,True,0.0,7.82,12.99,19.41,24.08,28.64
Lüleburgaz,SPEI,9,8,20,0.661,Weibull3,0.166,True,0.0,8.85,14.55,20.59,24.58,28.25
Lüleburgaz,SPEI,9,9,18,0.695,Gamma3,0.164,True,0.0,8.72,15.07,21.88,26.56,31.02
Lüleburgaz,SPEI,9,10,17,0.712,Weibull3,0.301,True,0.0,9.04,15.63,23.43,28.98,34.33
Lüleburgaz,SPEI,12,1,46,0.22,GEV,0.412,True,0.57,1.51,2.45,4.26,6.27,9.09
Lüleburgaz,SPEI,12,2,39,0.339,LN3,0.302,True,1.03,2.63,4.31,7.32,10.33,14.09
Lüleburgaz,SPEI,12,3,37,0.373,LN3,0.316,True,1.19,3.41,6.2,11.92,18.25,26.8
Lüleburgaz,SPEI,12,4,34,0.424,LN3,0.387,True,1.51,4.52,7.53,12.9,18.2,24.78
Lüleburgaz,SPEI,12,5,32,0.458,LN3,0.297,True,1.53,5.35,8.98,15.27,21.39,28.89
Lüleburgaz,SPEI,12,6,29,0.508,LN3,0.219,True,0.0,6.13,10.4,17.57,24.36,32.53
Lüleburgaz,SPEI,12,7,24,0.593,LN3,0.223,True,0.0,7.17,11.87,18.97,25.23,32.39
Lüleburgaz,SPEI,12,8,19,0.678,LN3,0.299,True,0.0,6.39,11.65,19.34,26.06,33.7
Lüleburgaz,SPEI,12,9,18,0.695,LN3,0.45,True,0.0,7.4,13.17,21.13,27.84,35.28
Lüleburgaz,SPEI,12,10,16,0.729,GEV,0.519,True,0.0,7.96,13.83,22.73,31.52,42.9
Lüleburgaz,SPI,1,1,59,0.0,Weibull3,0.571,True,1.77,2.34,2.62,2.91,3.1,3.26
Lüleburgaz,SPI,1,2,52,0.119,Lojistik,0.248,True,2.29,3.12,3.58,4.13,4.53,4.92
Lüleburgaz,SPI,1,3,37,0.373,Lojistik,0.227,True,2.17,3.4,3.92,4.51,4.93,5.33
Lüleburgaz,SPI,1,4,20,0.661,Weibull3,0.19,True,0.0,3.04,4.3,5.56,6.38,7.12
Lüleburgaz,SPI,3,1,58,0.017,Normal,0.209,True,1.43,2.0,2.3,2.61,2.82,3.0
Lüleburgaz,SPI,3,2,53,0.102,Weibull3,0.275,True,2.25,3.37,4.04,4.8,5.31,5.79
Lüleburgaz,SPI,3,3,50,0.153,Weibull3,0.333,True,2.85,4.65,5.69,6.87,7.67,8.41
Lüleburgaz,SPI,3,4,38,0.356,Lojistik,0.487,True,3.05,5.42,6.46,7.64,8.49,9.31
Lüleburgaz,SPI,3,5,31,0.475,GEV,0.206,True,2.73,5.62,7.22,9.45,11.32,13.39
Lüleburgaz,SPI,3,6,19,0.678,GEV,0.216,True,0.0,5.07,6.91,10.02,13.29,17.71
Lüleburgaz,SPI,6,1,56,0.051,Lojistik,0.354,True,1.14,1.72,2.06,2.46,2.75,3.04
Lüleburgaz,SPI,6,2,52,0.119,GEV,0.275,True,1.86,3.13,3.93,4.91,5.62,6.32
Lüleburgaz,SPI,6,3,44,0.254,GEV,0.336,True,2.5,4.33,5.46,6.89,7.96,9.02
Lüleburgaz,SPI,6,4,37,0.373,Gumbel,0.324,True,2.7,5.35,6.83,8.63,9.95,11.26
Lüleburgaz,SPI,6,5,34,0.424,GEV,0.239,True,3.04,6.24,8.09,10.5,12.41,14.42
Lüleburgaz,SPI,6,6,29,0.508,GEV,0.248,True,0.0,7.11,9.31,12.1,14.24,16.46
Lüleburgaz,SPI,6,7,24,0.593,GEV,0.237,True,0.0,7.34,9.82,13.06,15.67,18.51
Lüleburgaz,SPI,6,8,22,0.627,GEV,0.474,True,0.0,8.26,11.03,14.36,16.87,19.44
Lüleburgaz,SPI,6,9,19,0.678,GEV,0.433,True,0.0,8.35,11.31,15.02,18.01,21.28
Lüleburgaz,SPI,6,10,19,0.678,GEV,0.262,True,0.0,9.19,12.16,15.91,18.98,22.35
Lüleburgaz,SPI,6,11,18,0.695,GEV,0.427,True,0.0,9.73,12.96,16.82,19.84,23.08
Lüleburgaz,SPI,9,1,52,0.119,GEV,0.379,True,0.94,1.6,2.02,2.55,2.94,3.32
Lüleburgaz,SPI,9,2,48,0.186,Gamma3,0.322,True,1.58,3.0,3.91,5.03,5.84,6.63
Lüleburgaz,SPI,9,3,45,0.237,Gumbel,0.375,True,2.34,4.21,5.37,6.8,7.86,8.91
Lüleburgaz,SPI,9,4,37,0.373,LN3,0.372,True,2.45,5.09,6.68,8.7,10.23,11.79
Lüleburgaz,SPI,9,5,30,0.492,Gumbel,0.355,True,1.72,6.11,7.83,9.89,11.38,12.85
Lüleburgaz,SPI,9,6,28,0.525,Gumbel,0.354,True,0.0,7.04,9.12,11.56,13.33,15.08
Lüleburgaz,SPI,9,7,26,0.559,Gumbel,0.413,True,0.0,8.0,10.32,13.01,14.95,16.86
Lüleburgaz,SPI,9,8,25,0.576,GEV,0.303,True,0.0,8.66,11.31,14.64,17.23,19.96
Lüleburgaz,SPI,9,9,24,0.593,Gumbel,0.299,True,0.0,9.59,12.4,15.62,17.93,20.2
Lüleburgaz,SPI,9,10,23,0.61,Gumbel,0.34,True,0.0,10.19,13.35,16.94,19.51,22.03
Lüleburgaz,SPI,9,11,20,0.661,Gumbel,0.448,True,0.0,10.4,13.52,16.93,19.34,21.7
Lüleburgaz,SPI,9,12,19,0.678,GEV,0.262,True,0.0,10.95,13.95,17.69,20.68,23.91
Lüleburgaz,SPI,12,1,49,0.169,Weibull3,0.364,True,0.75,1.52,1.98,2.53,2.9,3.25
Lüleburgaz,SPI,12,2,46,0.22,Weibull3,0.398,True,1.28,2.82,3.76,4.87,5.65,6.38
Lüleburgaz,SPI,12,3,38,0.356,Lojistik,0.362,True,1.8,4.07,5.07,6.2,7.01,7.8
Lüleburgaz,SPI,12,4,35,0.407,Lojistik,0.3,True,1.95,5.24,6.52,7.96,8.98,9.97
Lüleburgaz,SPI,12,5,35,0.407,Lojistik,0.364,True,2.3,6.28,7.84,9.58,10.81,12.02
Lüleburgaz,SPI,12,6,34,0.424,Lojistik,0.309,True,2.31,7.25,9.08,11.11,12.55,13.94
Lüleburgaz,SPI,12,7,30,0.492,Lojistik,0.262,True,0.0,8.29,10.32,12.53,14.06,15.56
Lüleburgaz,SPI,12,8,26,0.559,Lojistik,0.304,True,0.0,8.83,11.09,13.44,15.06,16.62
Lüleburgaz,SPI,12,9,26,0.559,Lojistik,0.267,True,0.0,9.78,12.29,14.9,16.69,18.42
Lüleburgaz,SPI,12,10,25,0.576,Lojistik,0.286,True,0.0,10.66,13.44,16.29,18.23,20.11
Lüleburgaz,SPI,12,11,24,0.593,Lojistik,0.223,True,0.0,11.44,14.47,17.52,19.6,21.61
Lüleburgaz,SPI,12,12,24,0.593,Lojistik,0.218,True,0.0,12.2,15.5,18.83,21.1,23.29
Sarıyer,SPEI,1,1,59,0.0,Lojistik,0.33,True,1.6,1.96,2.17,2.42,2.61,2.79
Sarıyer,SPEI,1,2,55,0.068,LN3,0.355,True,2.23,2.92,3.28,3.66,3.91,4.13
Sarıyer,SPEI,1,3,45,0.237,Weibull3,0.26,True,2.35,3.6,4.26,4.96,5.41,5.83
Sarıyer,SPEI,1,4,26,0.559,Lojistik,0.31,True,0.0,3.85,4.73,5.64,6.27,6.88
Sarıyer,SPEI,3,1,59,0.0,GEV,0.318,True,1.42,1.89,2.16,2.46,2.66,2.84
Sarıyer,SPEI,3,2,57,0.034,Weibull3,0.272,True,2.35,3.35,3.92,4.57,5.01,5.41
Sarıyer,SPEI,3,3,52,0.119,Weibull3,0.342,True,3.26,4.58,5.25,5.95,6.39,6.78
Sarıyer,SPEI,3,4,43,0.271,Normal,0.393,True,3.66,5.41,6.21,7.03,7.55,8.01
Sarıyer,SPEI,3,5,30,0.492,GEV,0.223,True,2.62,5.82,6.9,8.06,8.83,9.54
Sarıyer,SPEI,3,6,22,0.627,Weibull3,0.351,True,0.0,6.19,7.6,9.07,10.04,10.93
Sarıyer,SPEI,3,7,15,0.746,Weibull3,0.262,True,0.0,5.67,7.43,9.3,10.55,11.72
Sarıyer,SPEI,6,1,55,0.068,Normal,0.322,True,1.24,1.77,2.04,2.32,2.51,2.67
Sarıyer,SPEI,6,2,53,0.102,Normal,0.428,True,2.23,3.28,3.82,4.38,4.74,5.06
Sarıyer,SPEI,6,3,48,0.186,Weibull3,0.345,True,2.98,4.62,5.46,6.36,6.93,7.44
Sarıyer,SPEI,6,4,39,0.339,Gamma3,0.275,True,3.55,5.86,6.91,8.01,8.73,9.38
Sarıyer,SPEI,6,5,37,0.373,LN3,0.305,True,4.16,7.02,8.24,9.5,10.31,11.04
Sarıyer,SPEI,6,6,32,0.458,Gamma3,0.476,True,4.01,7.98,9.37,10.76,11.65,12.45
Sarıyer,SPEI,6,7,25,0.576,Gumbel,0.356,True,0.0,7.8,9.71,11.91,13.5,15.05
Sarıyer,SPEI,6,8,23,0.61,Gumbel,0.197,True,0.0,8.18,10.39,12.89,14.69,16.44
Sarıyer,SPEI,6,9,18,0.695,Gamma3,0.28,True,0.0,7.74,10.16,12.99,15.02,16.99
Sarıyer,SPEI,9,1,53,0.102,GEV,0.243,True,0.97,1.78,2.39,3.25,3.97,4.76
Sarıyer,SPEI,9,2,46,0.22,Gamma3,0.116,True,1.77,3.29,4.29,5.53,6.44,7.33
Sarıyer,SPEI,9,3,45,0.237,Weibull3,0.234,True,2.46,4.69,6.02,7.58,8.65,9.65
Sarıyer,SPEI,9,4,39,0.339,GEV,0.373,True,3.06,5.82,7.34,9.13,10.41,11.63
Sarıyer,SPEI,9,5,36,0.39,GEV,0.324,True,3.23,6.72,8.5,10.57,12.02,13.39
Sarıyer,SPEI,9,6,29,0.508,GEV,0.284,True,0.0,7.33,9.34,11.55,13.05,14.45
Sarıyer,SPEI,9,7,25,0.576,LN3,0.185,True,0.0,7.97,10.37,12.91,14.62,16.23
Sarıyer,SPEI,9,8,21,0.644,GEV,0.233,True,0.0,8.68,11.26,14.01,15.91,17.72
Sarıyer,SPEI,9,9,20,0.661,GEV,0.237,True,0.0,9.46,12.11,15.09,17.27,19.44
Sarıyer,SPEI,9,10,19,0.678,LN3,0.199,True,0.0,10.01,12.73,16.04,18.58,21.2
Sarıyer,SPEI,9,11,16,0.729,LN3,0.242,True,0.0,9.87,13.05,16.95,20.03,23.31
Sarıyer,SPEI,9,12,15,0.746,Gumbel,0.275,True,0.0,10.41,14.05,17.52,19.9,22.2
Sarıyer,SPEI,12,1,50,0.153,Lojistik,0.313,True,1.0,1.63,1.97,2.37,2.67,2.95
Sarıyer,SPEI,12,2,43,0.271,Gamma3,0.328,True,1.65,2.97,3.76,4.7,5.37,6.01
Sarıyer,SPEI,12,3,43,0.271,GEV,0.399,True,2.4,4.16,5.21,6.49,7.43,8.35
Sarıyer,SPEI,12,4,40,0.322,GEV,0.296,True,2.89,5.33,6.67,8.26,9.37,10.43
Sarıyer,SPEI,12,5,34,0.424,GEV,0.249,True,3.22,6.33,7.9,9.77,11.11,12.42
Sarıyer,SPEI,12,6,30,0.492,LN3,0.225,True,2.53,7.48,9.24,11.22,12.59,13.9
Sarıyer,SPEI,12,7,28,0.525,Lojistik,0.242,True,0.0,8.58,10.24,12.01,13.23,14.42
Sarıyer,SPEI,12,8,27,0.542,LN3,0.207,True,0.0,9.54,11.72,14.07,15.66,17.16
Sarıyer,SPEI,12,9,26,0.559,Gumbel,0.309,True,0.0,10.42,12.61,15.15,16.98,18.78
Sarıyer,SPEI,12,10,25,0.576,Gumbel,0.359,True,0.0,11.31,13.78,16.64,18.7,20.71
Sarıyer,SPEI,12,11,24,0.593,Gumbel,0.362,True,0.0,11.96,14.8,18.07,20.41,22.7
Sarıyer,SPEI,12,12,21,0.644,GEV,0.286,True,0.0,12.67,16.2,20.05,22.76,25.37
Sarıyer,SPI,1,1,59,0.0,Weibull3,0.171,True,1.72,2.18,2.43,2.69,2.87,3.02
Sarıyer,SPI,1,2,56,0.051,Gamma3,0.1,True,2.23,3.04,3.5,4.01,4.35,4.67
Sarıyer,SPI,1,3,40,0.322,Weibull3,0.389,True,2.07,3.55,4.31,5.15,5.7,6.2
Sarıyer,SPI,1,4,17,0.712,Gamma3,0.297,True,0.0,3.7,4.94,5.94,6.54,7.06
Sarıyer,SPI,3,1,59,0.0,Gumbel,0.344,True,1.45,2.09,2.51,3.05,3.44,3.84
Sarıyer,SPI,3,2,58,0.017,Gumbel,0.255,True,2.33,3.51,4.3,5.28,6.01,6.74
Sarıyer,SPI,3,3,52,0.119,Weibull3,0.231,True,3.03,4.75,5.7,6.74,7.43,8.05
Sarıyer,SPI,3,4,41,0.305,Weibull3,0.405,True,3.15,5.45,6.75,8.24,9.24,10.18
Sarıyer,SPI,3,5,31,0.475,Gamma3,0.245,True,2.9,6.14,7.42,8.82,9.76,10.64
Sarıyer,SPI,3,6,22,0.627,LN3,0.392,True,0.0,5.92,7.48,9.72,11.63,13.76
Sarıyer,SPI,3,7,15,0.746,GEV,0.428,True,0.0,5.63,7.37,9.12,10.4,11.68
Sarıyer,SPI,6,1,57,0.034,Weibull3,0.271,True,1.17,1.96,2.42,2.95,3.3,3.63
Sarıyer,SPI,6,2,52,0.119,GEV,0.352,True,2.19,3.54,4.28,5.11,5.64,6.12
Sarıyer,SPI,6,3,48,0.186,Weibull3,0.372,True,2.98,4.96,5.99,7.1,7.83,8.48
Sarıyer,SPI,6,4,43,0.271,Weibull3,0.194,True,3.51,6.07,7.32,8.64,9.49,10.25
Sarıyer,SPI,6,5,37,0.373,GEV,0.196,True,4.08,7.15,8.51,9.91,10.76,11.5
Sarıyer,SPI,6,6,36,0.39,GEV,0.152,True,4.62,7.98,9.51,11.15,12.2,13.13
Sarıyer,SPI,6,7,29,0.508,LN3,0.212,True,0.0,8.16,9.99,11.95,13.27,14.51
Sarıyer,SPI,6,8,28,0.525,GEV,0.194,True,0.0,8.69,10.65,12.64,13.89,14.99
Sarıyer,SPI,6,9,22,0.627,GEV,0.167,True,0.0,8.42,10.87,13.2,14.64,15.88
Sarıyer,SPI,6,10,15,0.746,Normal,0.269,True,0.0,6.7,10.95,13.89,15.52,16.89
Sarıyer,SPI,9,1,54,0.085,GEV,0.404,True,1.07,1.78,2.19,2.64,2.94,3.21
Sarıyer,SPI,9,2,47,0.203,LN3,0.37,True,1.95,3.27,4.07,5.04,5.73,6.42
Sarıyer,SPI,9,3,45,0.237,Weibull3,0.365,True,2.68,4.69,5.79,7.0,7.8,8.54
Sarıyer,SPI,9,4,40,0.322,Weibull3,0.265,True,3.38,5.9,7.14,8.47,9.33,10.1
Sarıyer,SPI,9,5,37,0.373,Weibull3,0.188,True,3.51,6.72,8.27,9.91,10.97,11.93
Sarıyer,SPI,9,6,33,0.441,Weibull3,0.182,True,3.73,7.3,9.24,11.46,12.97,14.4
Sarıyer,SPI,9,7,29,0.508,Weibull3,0.257,True,0.0,8.01,10.25,12.81,14.56,16.2
Sarıyer,SPI,9,8,26,0.559,GEV,0.248,True,0.0,8.88,11.11,13.7,15.57,17.4
Sarıyer,SPI,9,9,24,0.593,Lojistik,0.242,True,0.0,10.09,12.25,14.43,15.92,17.35
Sarıyer,SPI,9,10,22,0.627,GEV,0.19,True,0.0,10.47,13.05,15.77,17.61,19.33
Sarıyer,SPI,9,11,21,0.644,LN3,0.205,True,0.0,10.8,13.48,16.51,18.68,20.83
Sarıyer,SPI,9,12,16,0.729,GEV,0.351,True,0.0,9.94,13.6,17.24,19.75,22.18
Sarıyer,SPI,12,1,49,0.169,GEV,0.45,True,1.02,1.68,1.99,2.29,2.47,2.6
Sarıyer,SPI,12,2,45,0.237,Normal,0.315,True,1.84,3.09,3.67,4.27,4.66,5.0
Sarıyer,SPI,12,3,42,0.288,LN3,0.206,True,2.42,4.32,5.29,6.36,7.08,7.76
Sarıyer,SPI,12,4,39,0.339,GEV,0.181,True,2.75,5.44,6.75,8.15,9.05,9.85
Sarıyer,SPI,12,5,34,0.424,LN3,0.16,True,2.84,6.44,8.01,9.72,10.88,11.96
Sarıyer,SPI,12,6,31,0.475,LN3,0.141,True,3.43,7.37,9.12,11.16,12.63,14.06
Sarıyer,SPI,12,7,29,0.508,Gumbel,0.153,True,0.0,8.22,10.15,12.42,14.08,15.7
Sarıyer,SPI,12,8,27,0.542,LN3,0.195,True,0.0,9.06,11.22,13.97,16.08,18.27
Sarıyer,SPI,12,9,26,0.559,Gamma3,0.15,True,0.0,10.15,12.58,15.39,17.36,19.26
Sarıyer,SPI,12,10,25,0.576,LN3,0.336,True,0.0,10.78,13.37,16.91,19.8,22.91
Sarıyer,SPI,12,11,24,0.593,Weibull3,0.291,True,0.0,11.52,14.56,18.15,20.67,23.08
Sarıyer,SPI,12,12,22,0.627,Weibull3,0.244,True,0.0,12.01,15.41,19.38,22.16,24.82
Tekirdağ,SPEI,1,1,59,0.0,Lojistik,0.368,True,1.53,1.84,2.03,2.25,2.41,2.57
Tekirdağ,SPEI,1,2,55,0.068,LN3,0.363,True,2.18,2.97,3.42,3.93,4.28,4.62
Tekirdağ,SPEI,1,3,41,0.305,GEV,0.271,True,2.08,3.59,4.35,5.19,5.74,6.24
Tekirdağ,SPEI,1,4,25,0.576,Gamma3,0.159,True,0.0,4.02,4.95,5.86,6.43,6.94
Tekirdağ,SPEI,1,5,18,0.695,GEV,0.183,True,0.0,3.7,5.19,6.44,7.16,7.76
Tekirdağ,SPEI,3,1,59,0.0,GEV,0.209,True,1.36,1.83,2.07,2.33,2.48,2.61
Tekirdağ,SPEI,3,2,54,0.085,Gumbel,0.408,True,2.26,3.27,3.94,4.77,5.38,6.0
Tekirdağ,SPEI,3,3,50,0.153,Weibull3,0.447,True,3.08,4.45,5.23,6.11,6.7,7.24
Tekirdağ,SPEI,3,4,43,0.271,Weibull3,0.309,True,3.26,5.22,6.35,7.66,8.54,9.37
Tekirdağ,SPEI,3,5,32,0.458,Weibull3,0.381,True,2.65,5.83,7.39,9.12,10.27,11.34
Tekirdağ,SPEI,3,6,22,0.627,Lojistik,0.442,True,0.0,6.29,8.13,9.91,11.11,12.26
Tekirdağ,SPEI,3,7,16,0.729,Lojistik,0.272,True,0.0,5.91,8.84,11.12,12.57,13.93
Tekirdağ,SPEI,6,1,56,0.051,GEV,0.425,True,1.03,1.77,2.33,3.12,3.77,4.48
Tekirdağ,SPEI,6,2,52,0.119,GEV,0.167,True,1.8,3.18,4.26,5.84,7.22,8.78
Tekirdağ,SPEI,6,3,45,0.237,GEV,0.201,True,2.31,4.41,5.97,8.28,10.28,12.56
Tekirdağ,SPEI,6,4,39,0.339,LN3,0.186,True,2.65,5.59,7.61,10.35,12.55,14.88
Tekirdağ,SPEI,6,5,34,0.424,Gamma3,0.263,True,2.6,6.84,9.46,12.69,15.05,17.36
Tekirdağ,SPEI,6,6,31,0.475,Weibull3,0.217,True,2.35,7.96,10.9,14.25,16.54,18.69
Tekirdağ,SPEI,6,7,26,0.559,GEV,0.205,True,0.0,8.83,11.9,15.39,17.84,20.2
Tekirdağ,SPEI,6,8,22,0.627,Gumbel,0.241,True,0.0,9.27,12.53,16.18,18.79,21.35
Tekirdağ,SPEI,6,9,18,0.695,Gumbel,0.266,True,0.0,8.4,12.39,16.6,19.55,22.43
Tekirdağ,SPEI,6,10,16,0.729,Gamma3,0.219,True,0.0,8.76,13.13,17.96,21.36,24.63
Tekirdağ,SPEI,9,1,53,0.102,Gumbel,0.247,True,0.89,1.6,2.06,2.64,3.07,3.5
Tekirdağ,SPEI,9,2,45,0.237,GEV,0.274,True,1.44,3.0,4.05,5.49,6.65,7.87
Tekirdağ,SPEI,9,3,41,0.305,Weibull3,0.394,True,1.72,4.25,5.97,8.12,9.68,11.2
Tekirdağ,SPEI,9,4,35,0.407,Gumbel,0.399,True,2.01,5.48,7.32,9.56,11.2,12.81
Tekirdağ,SPEI,9,5,33,0.441,Lojistik,0.366,True,1.53,6.92,8.78,10.84,12.3,13.71
Tekirdağ,SPEI,9,6,32,0.458,GEV,0.311,True,2.07,7.89,10.43,13.32,15.31,17.18
Tekirdağ,SPEI,9,7,28,0.525,GEV,0.204,True,0.0,9.05,11.78,14.77,16.78,18.65
Tekirdağ,SPEI,9,8,24,0.593,Gumbel,0.139,True,0.0,9.38,12.55,16.19,18.81,21.37
Tekirdağ,SPEI,9,9,24,0.593,Gumbel,0.178,True,0.0,10.14,13.48,17.31,20.06,22.75
Tekirdağ,SPEI,9,10,21,0.644,Gumbel,0.397,True,0.0,10.73,14.47,18.63,21.58,24.47
Tekirdağ,SPEI,9,11,17,0.712,Gumbel,0.217,True,0.0,10.35,15.24,20.25,23.74,27.14
Tekirdağ,SPEI,9,12,17,0.712,Gumbel,0.196,True,0.0,11.13,16.17,21.33,24.94,28.44
Tekirdağ,SPEI,12,1,48,0.186,Weibull3,0.41,True,0.61,1.53,2.18,2.99,3.59,4.18
Tekirdağ,SPEI,12,2,44,0.254,Weibull3,0.818,False,0.94,2.83,4.31,6.3,7.82,9.35
Tekirdağ,SPEI,12,3,40,0.322,Lojistik,0.78,False,1.68,4.1,5.23,6.52,7.44,8.34
Tekirdağ,SPEI,12,4,34,0.424,Weibull3,0.44,True,1.75,5.37,7.22,9.27,10.63,11.89
Tekirdağ,SPEI,12,5,30,0.492,Lojistik,0.46,True,0.0,6.89,8.62,10.49,11.79,13.05
Tekirdağ,SPEI,12,6,29,0.508,GEV,0.376,True,0.0,7.86,10.14,12.58,14.18,15.64
Tekirdağ,SPEI,12,7,29,0.508,LN3,0.327,True,0.0,8.77,11.49,14.63,16.88,19.08
Tekirdağ,SPEI,12,8,29,0.508,LN3,0.3,True,0.0,9.69,12.73,16.34,18.96,21.55
Tekirdağ,SPEI,12,9,29,0.508,LN3,0.346,True,0.0,10.53,13.89,18.05,21.17,24.34
Tekirdağ,SPEI,12,10,27,0.542,Gamma3,0.359,True,0.0,10.87,15.0,20.01,23.63,27.16
Tekirdağ,SPEI,12,11,26,0.559,Gamma3,0.435,True,0.0,11.69,16.14,21.45,25.25,28.94
Tekirdağ,SPEI,12,12,24,0.593,Gamma3,0.611,True,0.0,12.14,17.12,22.98,27.16,31.21
Tekirdağ,SPI,1,1,59,0.0,Gumbel,0.364,True,1.58,2.19,2.6,3.11,3.49,3.87
Tekirdağ,SPI,1,2,56,0.051,Weibull3,0.327,True,2.15,3.07,3.59,4.16,4.53,4.88
Tekirdağ,SPI,1,3,39,0.339,Weibull3,0.193,True,1.99,3.33,4.08,4.92,5.5,6.03
Tekirdağ,SPI,1,4,23,0.61,Weibull3,0.433,True,0.0,3.21,4.16,5.16,5.81,6.41
Tekirdağ,SPI,3,1,58,0.017,LN3,0.184,True,1.46,2.07,2.42,2.81,3.08,3.33
Tekirdağ,SPI,3,2,55,0.068,Weibull3,0.139,True,2.34,3.52,4.17,4.88,5.35,5.78
Tekirdağ,SPI,3,3,49,0.169,LN3,0.169,True,3.16,4.62,5.4,6.26,6.84,7.38
Tekirdağ,SPI,3,4,41,0.305,Weibull3,0.16,True,3.11,5.09,6.3,7.71,8.7,9.63
Tekirdağ,SPI,3,5,29,0.508,Weibull3,0.221,True,0.0,5.32,7.0,8.97,10.34,11.65
Tekirdağ,SPI,3,6,21,0.644,GEV,0.147,True,0.0,5.42,7.31,9.62,11.4,13.28
Tekirdağ,SPI,6,1,55,0.068,Lojistik,0.422,True,1.17,1.7,2.0,2.36,2.62,2.88
Tekirdağ,SPI,6,2,51,0.136,Gumbel,0.336,True,1.98,3.16,3.92,4.87,5.57,6.26
Tekirdağ,SPI,6,3,44,0.254,GEV,0.229,True,2.61,4.31,5.4,6.82,7.92,9.05
Tekirdağ,SPI,6,4,40,0.322,Gumbel,0.262,True,2.97,5.35,6.75,8.46,9.72,10.97
Tekirdağ,SPI,6,5,35,0.407,Gumbel,0.237,True,3.48,6.3,7.8,9.63,10.96,12.28
Tekirdağ,SPI,6,6,31,0.475,GEV,0.228,True,3.23,7.02,8.96,11.53,13.57,15.75
Tekirdağ,SPI,6,7,25,0.576,GEV,0.16,True,0.0,7.59,9.75,12.57,14.84,17.29
Tekirdağ,SPI,6,8,22,0.627,GEV,0.33,True,0.0,8.13,10.57,13.49,15.69,17.95
Tekirdağ,SPI,6,9,17,0.712,GEV,0.164,True,0.0,8.36,10.98,14.3,17.07,20.18
Tekirdağ,SPI,6,10,15,0.746,GEV,0.392,True,0.0,8.96,11.69,14.96,17.66,20.7
Tekirdağ,SPI,9,1,52,0.119,GEV,0.166,True,0.95,1.61,2.01,2.5,2.86,3.2
Tekirdağ,SPI,9,2,46,0.22,Gamma3,0.137,True,1.58,2.95,3.82,4.9,5.67,6.42
Tekirdağ,SPI,9,3,43,0.271,Gamma3,0.186,True,2.04,4.12,5.45,7.08,8.27,9.42
Tekirdağ,SPI,9,4,38,0.356,GEV,0.146,True,2.44,5.04,6.66,8.78,10.44,12.18
Tekirdağ,SPI,9,5,33,0.441,Gumbel,0.209,True,2.34,6.13,8.02,10.29,11.96,13.6
Tekirdağ,SPI,9,6,29,0.508,Gumbel,0.25,True,0.0,6.85,8.92,11.38,13.16,14.91
Tekirdağ,SPI,9,7,27,0.542,Gumbel,0.273,True,0.0,7.65,10.03,12.83,14.85,16.84
Tekirdağ,SPI,9,8,24,0.593,GEV,0.363,True,0.0,8.43,11.21,14.35,16.58,18.74
Tekirdağ,SPI,9,9,23,0.61,GEV,0.513,True,0.0,9.23,12.07,15.3,17.62,19.89
Tekirdağ,SPI,9,10,21,0.644,Gumbel,0.53,True,0.0,9.71,12.81,16.24,18.69,21.08
Tekirdağ,SPI,9,11,16,0.729,GEV,0.485,True,0.0,10.0,12.94,16.56,19.57,22.96
Tekirdağ,SPI,9,12,16,0.729,GEV,0.535,True,0.0,10.53,13.57,17.27,20.3,23.69
Tekirdağ,SPI,12,1,48,0.186,Weibull3,0.336,True,0.72,1.51,2.01,2.6,3.02,3.41
Tekirdağ,SPI,12,2,44,0.254,LN3,0.966,False,1.11,2.6,3.91,5.97,7.83,9.98
Tekirdağ,SPI,12,3,39,0.339,Weibull3,0.393,True,1.47,3.81,5.17,6.74,7.82,8.83
Tekirdağ,SPI,12,4,34,0.424,GEV,0.37,True,1.98,5.08,6.56,8.24,9.39,10.48
Tekirdağ,SPI,12,5,32,0.458,GEV,0.3,True,2.05,6.29,8.06,10.01,11.31,12.51
Tekirdağ,SPI,12,6,31,0.475,Lojistik,0.354,True,1.08,7.5,9.28,11.22,12.58,13.9
Tekirdağ,SPI,12,7,29,0.508,LN3,0.423,True,0.0,8.58,10.78,13.13,14.7,16.17
Tekirdağ,SPI,12,8,28,0.525,LN3,0.468,True,0.0,9.45,11.93,14.59,16.38,18.06
Tekirdağ,SPI,12,9,27,0.542,Gumbel,0.664,True,0.0,10.33,12.95,16.02,18.24,20.41
Tekirdağ,SPI,12,10,25,0.576,Gumbel,0.561,True,0.0,10.92,13.89,17.32,19.79,22.22
Tekirdağ,SPI,12,11,24,0.593,Gumbel,0.582,True,0.0,11.58,14.83,18.56,21.24,23.86
Tekirdağ,SPI,12,12,23,0.61,GEV,0.377,True,0.0,12.33,15.48,19.44,22.55,25.84
Uzunköprü,SPEI,1,1,59,0.0,Gumbel,0.648,True,1.48,2.01,2.37,2.81,3.15,3.48
Uzunköprü,SPEI,1,2,51,0.136,LN3,0.476,True,2.12,3.16,3.78,4.51,5.03,5.53
Uzunköprü,SPEI,1,3,38,0.356,GEV,0.302,True,1.93,3.63,4.57,5.69,6.49,7.27
Uzunköprü,SPEI,1,4,25,0.576,GEV,0.33,True,0.0,3.67,5.0,6.47,7.49,8.47
Uzunköprü,SPEI,1,5,17,0.712,GEV,0.343,True,0.0,3.59,4.9,6.86,8.75,11.12
Uzunköprü,SPEI,3,1,59,0.0,Weibull3,0.193,True,1.34,1.87,2.14,2.42,2.61,2.77
Uzunköprü,SPEI,3,2,51,0.136,LN3,0.135,True,2.24,3.19,3.74,4.38,4.82,5.24
Uzunköprü,SPEI,3,3,48,0.186,Weibull3,0.418,True,2.74,4.32,5.21,6.22,6.89,7.51
Uzunköprü,SPEI,3,4,37,0.373,Lojistik,0.396,True,3.19,5.3,6.2,7.21,7.93,8.64
Uzunköprü,SPEI,3,5,32,0.458,Lojistik,0.408,True,2.43,5.68,6.71,7.84,8.64,9.41
Uzunköprü,SPEI,3,6,23,0.61,Lojistik,0.229,True,0.0,5.91,7.06,8.2,8.97,9.72
Uzunköprü,SPEI,3,7,18,0.695,LN3,0.16,True,0.0,6.01,7.86,9.51,10.54,11.46
Uzunköprü,SPEI,6,1,54,0.085,GEV,0.4,True,1.15,1.69,1.94,2.17,2.3,2.4
Uzunköprü,SPEI,6,2,50,0.153,Normal,0.163,True,2.08,3.02,3.48,3.97,4.28,4.56
Uzunköprü,SPEI,6,3,45,0.237,Weibull3,0.235,True,2.73,4.21,4.93,5.68,6.16,6.59
Uzunköprü,SPEI,6,4,42,0.288,Weibull3,0.23,True,3.24,5.26,6.22,7.21,7.83,8.39
Uzunköprü,SPEI,6,5,36,0.39,Normal,0.38,True,3.59,6.37,7.47,8.55,9.23,9.84
Uzunköprü,SPEI,6,6,33,0.441,Normal,0.498,True,3.46,7.28,8.6,9.89,10.69,11.39
Uzunköprü,SPEI,6,7,23,0.61,Lojistik,0.199,True,0.0,8.02,9.56,11.08,12.12,13.11
Uzunköprü,SPEI,6,8,20,0.661,LN3,0.171,True,0.0,8.88,10.61,12.35,13.5,14.59
Uzunköprü,SPEI,6,9,17,0.712,Lojistik,0.2,True,0.0,9.61,11.59,13.23,14.28,15.28
Uzunköprü,SPEI,6,10,16,0.729,GEV,0.168,True,0.0,10.34,12.25,14.42,16.11,17.91
Uzunköprü,SPEI,9,1,49,0.169,GEV,0.346,True,0.84,1.55,2.08,2.85,3.51,4.24
Uzunköprü,SPEI,9,2,47,0.203,GEV,0.327,True,1.47,2.87,3.91,5.43,6.72,8.17
Uzunköprü,SPEI,9,3,43,0.271,LN3,0.351,True,1.94,3.97,5.42,7.42,9.02,10.73
Uzunköprü,SPEI,9,4,37,0.373,Gumbel,0.576,True,2.48,5.16,6.66,8.48,9.82,11.14
Uzunköprü,SPEI,9,5,31,0.475,Lojistik,0.588,True,0.17,6.4,8.13,10.01,11.33,12.61
Uzunköprü,SPEI,9,6,28,0.525,Lojistik,0.379,True,0.0,7.58,9.55,11.65,13.1,14.51
Uzunköprü,SPEI,9,7,27,0.542,GEV,0.24,True,0.0,8.45,11.14,14.16,16.26,18.25
Uzunköprü,SPEI,9,8,25,0.576,LN3,0.208,True,0.0,9.5,12.48,15.67,17.82,19.85
Uzunköprü,SPEI,9,9,25,0.576,Lojistik,0.236,True,0.0,10.7,13.44,16.25,18.17,20.03
Uzunköprü,SPEI,9,10,22,0.627,Lojistik,0.282,True,0.0,11.56,14.68,17.7,19.74,21.69
Uzunköprü,SPEI,9,11,20,0.661,GEV,0.342,True,0.0,12.37,15.98,19.75,22.31,24.72
Uzunköprü,SPEI,9,12,19,0.678,Lojistik,0.334,True,0.0,13.51,16.95,20.03,22.06,23.99
Uzunköprü,SPEI,12,1,46,0.22,Gumbel,0.441,True,0.73,1.51,2.0,2.61,3.06,3.5
Uzunköprü,SPEI,12,2,38,0.356,Gumbel,0.323,True,1.12,2.82,3.78,4.96,5.83,6.68
Uzunköprü,SPEI,12,3,32,0.458,Lojistik,0.402,True,0.42,4.22,5.42,6.74,7.66,8.56
Uzunköprü,SPEI,12,4,30,0.492,Gumbel,0.374,True,0.51,5.33,7.23,9.48,11.12,12.73
Uzunköprü,SPEI,12,5,30,0.492,Gumbel,0.327,True,0.67,6.48,8.76,11.48,13.45,15.4
Uzunköprü,SPEI,12,6,28,0.525,Lojistik,0.339,True,0.0,7.73,9.87,12.13,13.71,15.23
Uzunköprü,SPEI,12,7,27,0.542,Lojistik,0.342,True,0.0,8.74,11.12,13.63,15.36,17.03
Uzunköprü,SPEI,12,8,24,0.593,Lojistik,0.403,True,0.0,9.72,12.41,15.11,16.95,18.72
Uzunköprü,SPEI,12,9,23,0.61,Gumbel,0.401,True,0.0,10.52,13.86,17.66,20.37,23.03
Uzunköprü,SPEI,12,10,23,0.61,Gumbel,0.265,True,0.0,11.48,14.94,18.88,21.69,24.45
Uzunköprü,SPEI,12,11,21,0.644,GEV,0.248,True,0.0,11.38,15.43,20.82,25.33,30.37
Uzunköprü,SPEI,12,12,21,0.644,Gumbel,0.356,True,0.0,12.72,16.92,21.58,24.9,28.14
Uzunköprü,SPI,1,1,59,0.0,Gumbel,0.213,True,1.52,2.12,2.51,3.0,3.37,3.73
Uzunköprü,SPI,1,2,52,0.119,GEV,0.243,True,1.99,2.97,3.58,4.33,4.87,5.4
Uzunköprü,SPI,1,3,34,0.424,GEV,0.349,True,1.77,3.19,3.91,4.77,5.38,5.97
Uzunköprü,SPI,1,4,21,0.644,Weibull3,0.156,True,0.0,3.49,4.37,5.14,5.59,5.98
Uzunköprü,SPI,3,1,58,0.017,GEV,0.346,True,1.37,1.97,2.31,2.68,2.92,3.13
Uzunköprü,SPI,3,2,51,0.136,GEV,0.433,True,2.36,3.41,3.92,4.44,4.75,5.0
Uzunköprü,SPI,3,3,44,0.254,GEV,0.244,True,3.03,4.66,5.39,6.07,6.45,6.76
Uzunköprü,SPI,3,4,36,0.39,Weibull3,0.163,True,3.26,5.64,6.5,7.3,7.78,8.19
Uzunköprü,SPI,3,5,30,0.492,Weibull3,0.328,True,2.35,6.12,7.07,7.96,8.49,8.94
Uzunköprü,SPI,3,6,25,0.576,Weibull3,0.36,True,0.0,6.46,7.46,8.26,8.71,9.08
Uzunköprü,SPI,3,7,20,0.661,Weibull3,0.195,True,0.0,6.57,8.01,9.1,9.69,10.17
Uzunköprü,SPI,6,1,53,0.102,GEV,0.656,True,1.21,1.84,2.11,2.35,2.48,2.58
Uzunköprü,SPI,6,2,46,0.22,GEV,0.644,True,2.12,3.29,3.76,4.17,4.38,4.54
Uzunköprü,SPI,6,3,43,0.271,GEV,0.624,True,2.81,4.54,5.24,5.85,6.17,6.41
Uzunköprü,SPI,6,4,42,0.288,GEV,0.548,True,3.45,5.59,6.5,7.35,7.83,8.2
Uzunköprü,SPI,6,5,37,0.373,GEV,0.514,True,3.55,6.41,7.6,8.77,9.45,10.02
Uzunköprü,SPI,6,6,34,0.424,GEV,0.392,True,3.68,7.32,8.67,9.95,10.68,11.28
Uzunköprü,SPI,6,7,26,0.559,GEV,0.322,True,0.0,8.24,9.71,10.95,11.61,12.11
Uzunköprü,SPI,6,8,23,0.61,GEV,0.339,True,0.0,9.12,10.77,12.0,12.59,13.0
Uzunköprü,SPI,6,9,20,0.661,Lojistik,0.236,True,0.0,10.08,11.56,12.93,13.84,14.71
Uzunköprü,SPI,6,10,18,0.695,Lojistik,0.148,True,0.0,10.93,12.4,13.66,14.49,15.27
Uzunköprü,SPI,6,11,15,0.746,Lojistik,0.173,True,0.0,11.2,13.26,14.74,15.67,16.54
Uzunköprü,SPI,9,1,50,0.153,Weibull3,0.431,True,0.89,1.58,1.96,2.39,2.67,2.92
Uzunköprü,SPI,9,2,42,0.288,Weibull3,0.578,True,1.57,2.97,3.69,4.47,4.98,5.44
Uzunköprü,SPI,9,3,40,0.322,Weibull3,0.831,False,2.1,4.11,5.21,6.42,7.24,7.99
Uzunköprü,SPI,9,4,36,0.39,Weibull3,0.836,False,2.46,5.31,6.66,8.09,9.02,9.85
Uzunköprü,SPI,9,5,30,0.492,GEV,0.494,True,0.0,6.9,8.2,9.17,9.61,9.91
Uzunköprü,SPI,9,6,29,0.508,GEV,0.428,True,0.0,7.91,9.48,10.68,11.24,11.63
Uzunköprü,SPI,9,7,27,0.542,GEV,0.343,True,0.0,8.95,10.76,12.14,12.81,13.28
Uzunköprü,SPI,9,8,26,0.559,GEV,0.312,True,0.0,9.91,11.91,13.44,14.19,14.73
Uzunköprü,SPI,9,9,24,0.593,Weibull3,0.218,True,0.0,10.82,12.96,14.68,15.63,16.42
Uzunköprü,SPI,9,10,22,0.627,Weibull3,0.175,True,0.0,11.6,14.07,16.12,17.28,18.25
Uzunköprü,SPI,9,11,21,0.644,GEV,0.164,True,0.0,12.09,15.04,17.51,18.85,19.92
Uzunköprü,SPI,9,12,17,0.712,GEV,0.216,True,0.0,12.15,16.25,19.09,20.49,21.52
Uzunköprü,SPI,12,1,45,0.237,Weibull3,0.692,True,0.72,1.49,1.92,2.39,2.71,3.0
Uzunköprü,SPI,12,2,38,0.356,Weibull3,1.051,False,1.15,2.74,3.64,4.67,5.38,6.03
Uzunköprü,SPI,12,3,33,0.441,GEV,0.651,True,1.15,4.27,5.23,6.04,6.47,6.78
Uzunköprü,SPI,12,4,32,0.458,GEV,0.53,True,1.09,5.51,6.77,7.83,8.39,8.8
Uzunköprü,SPI,12,5,31,0.475,GEV,0.489,True,1.01,6.68,8.21,9.54,10.24,10.78
Uzunköprü,SPI,12,6,30,0.492,GEV,0.404,True,0.0,7.81,9.64,11.23,12.1,12.77
Uzunköprü,SPI,12,7,29,0.508,GEV,0.335,True,0.0,8.89,11.03,12.88,13.88,14.64
Uzunköprü,SPI,12,8,26,0.559,GEV,0.225,True,0.0,10.01,12.36,14.4,15.53,16.41
Uzunköprü,SPI,12,9,25,0.576,Normal,0.212,True,0.0,11.12,13.5,15.69,17.01,18.16
Uzunköprü,SPI,12,10,25,0.576,GEV,0.181,True,0.0,11.89,14.56,17.1,18.62,19.9
Uzunköprü,SPI,12,11,24,0.593,Weibull3,0.128,True,0.0,12.43,15.64,18.76,20.7,22.42
Uzunköprü,SPI,12,12,23,0.61,Gamma3,0.129,True,0.0,13.36,16.71,20.04,22.18,24.14
Çorlu,SPEI,1,1,59,0.0,Lojistik,0.574,True,1.53,1.99,2.25,2.58,2.81,3.04
Çorlu,SPEI,1,2,54,0.085,LN3,0.262,True,2.16,3.06,3.58,4.19,4.62,5.02
Çorlu,SPEI,1,3,39,0.339,Weibull3,0.424,True,1.82,3.56,4.53,5.61,6.35,7.02
Çorlu,SPEI,1,4,25,0.576,Weibull3,0.312,True,0.0,3.57,4.92,6.38,7.34,8.23
Çorlu,SPEI,3,1,58,0.017,LN3,0.198,True,1.38,1.92,2.22,2.55,2.77,2.98
Çorlu,SPEI,3,2,54,0.085,Weibull3,0.198,True,2.31,3.42,4.05,4.76,5.23,5.66
Çorlu,SPEI,3,3,49,0.169,GEV,0.253,True,2.89,4.49,5.38,6.37,7.03,7.62
Çorlu,SPEI,3,4,38,0.356,Weibull3,0.094,True,3.05,5.36,6.41,7.51,8.21,8.83
Çorlu,SPEI,3,5,28,0.525,LN3,0.135,True,0.0,5.89,7.29,8.69,9.59,10.39
Çorlu,SPEI,3,6,21,0.644,Gamma3,0.152,True,0.0,5.83,7.71,9.62,10.88,12.05
Çorlu,SPEI,3,7,18,0.695,Weibull3,0.215,True,0.0,5.97,8.17,10.46,11.96,13.34
Çorlu,SPEI,6,1,54,0.085,Gumbel,0.385,True,1.09,1.79,2.25,2.82,3.25,3.67
Çorlu,SPEI,6,2,51,0.136,Lojistik,0.626,True,2.04,3.2,3.84,4.6,5.15,5.69
Çorlu,SPEI,6,3,42,0.288,Gumbel,0.182,True,2.54,4.44,5.57,6.98,8.01,9.03
Çorlu,SPEI,6,4,37,0.373,GEV,0.402,True,2.9,5.55,7.08,9.02,10.49,11.98
Çorlu,SPEI,6,5,33,0.441,GEV,0.156,True,3.25,6.29,8.13,10.69,12.82,15.18
Çorlu,SPEI,6,6,30,0.492,GEV,0.12,True,3.19,6.99,9.16,12.45,15.43,18.98
Çorlu,SPEI,6,7,21,0.644,GEV,0.121,True,0.0,7.51,10.13,13.62,16.52,19.76
Çorlu,SPEI,6,8,19,0.678,GEV,0.233,True,0.0,8.27,11.27,14.76,17.41,20.15
Çorlu,SPEI,6,9,15,0.746,GEV,0.186,True,0.0,8.72,11.07,14.64,18.26,23.06
Çorlu,SPEI,9,1,50,0.153,GEV,0.357,True,0.94,1.77,2.4,3.34,4.14,5.05
Çorlu,SPEI,9,2,46,0.22,GEV,0.239,True,1.59,3.13,4.31,6.11,7.69,9.53
Çorlu,SPEI,9,3,43,0.271,GEV,0.384,True,2.13,4.38,5.95,8.18,10.03,12.07
Çorlu,SPEI,9,4,37,0.373,GEV,0.375,True,2.54,5.5,7.4,10.02,12.16,14.49
Çorlu,SPEI,9,5,31,0.475,GEV,0.203,True,2.31,6.3,8.56,11.76,14.47,17.52
Çorlu,SPEI,9,6,25,0.576,GEV,0.169,True,0.0,7.14,9.79,13.63,17.03,20.99
Çorlu,SPEI,9,7,24,0.593,LN3,0.176,True,0.0,7.92,11.21,16.24,20.7,25.83
Çorlu,SPEI,9,8,22,0.627,LN3,0.187,True,0.0,8.7,12.25,17.49,22.06,27.23
Çorlu,SPEI,9,9,22,0.627,LN3,0.28,True,0.0,9.35,13.21,18.96,24.0,29.73
Çorlu,SPEI,9,10,21,0.644,GEV,0.312,True,0.0,10.12,14.28,20.38,25.93,32.59
Çorlu,SPEI,9,11,20,0.661,GEV,0.32,True,0.0,11.01,15.38,21.42,26.67,32.75
Çorlu,SPEI,9,12,16,0.729,LN3,0.254,True,0.0,11.11,16.27,22.69,27.81,33.3
Çorlu,SPEI,12,1,48,0.186,Gumbel,0.431,True,0.78,1.53,2.0,2.59,3.03,3.46
Çorlu,SPEI,12,2,44,0.254,Gumbel,0.413,True,1.41,2.94,3.87,5.02,5.87,6.71
Çorlu,SPEI,12,3,36,0.39,Gumbel,0.387,True,1.87,4.18,5.43,6.96,8.08,9.18
Çorlu,SPEI,12,4,35,0.407,GEV,0.255,True,2.37,5.38,7.17,9.54,11.42,13.41
Çorlu,SPEI,12,5,35,0.407,GEV,0.208,True,2.85,6.49,8.6,11.35,13.49,15.71
Çorlu,SPEI,12,6,35,0.407,GEV,0.123,True,3.29,7.57,10.09,13.4,16.01,18.75
Çorlu,SPEI,12,7,32,0.458,GEV,0.146,True,3.28,8.55,11.54,15.61,18.94,22.57
Çorlu,SPEI,12,8,29,0.508,GEV,0.201,True,0.0,9.66,12.87,17.09,20.45,24.04
Çorlu,SPEI,12,9,27,0.542,GEV,0.215,True,0.0,10.73,14.17,18.66,22.24,26.06
Çorlu,SPEI,12,10,25,0.576,GEV,0.393,True,0.0,11.9,15.73,20.43,23.99,27.65
Çorlu,SPEI,12,11,23,0.61,GEV,0.229,True,0.0,12.55,16.43,21.72,26.19,31.23
Çorlu,SPEI,12,12,23,0.61,GEV,0.193,True,0.0,13.33,17.46,23.14,27.96,33.41
Çorlu,SPI,1,1,59,0.0,Gamma3,0.134,True,1.58,2.08,2.37,2.7,2.93,3.15
Çorlu,SPI,1,2,53,0.102,Gamma3,0.406,True,2.08,3.04,3.61,4.28,4.74,5.18
Çorlu,SPI,1,3,38,0.356,Weibull3,0.461,True,1.67,3.25,4.08,5.0,5.6,6.16
Çorlu,SPI,1,4,20,0.661,Weibull3,0.294,True,0.0,3.27,4.5,5.59,6.24,6.8
Çorlu,SPI,3,1,56,0.051,LN3,0.309,True,1.52,2.11,2.42,2.75,2.96,3.16
Çorlu,SPI,3,2,52,0.119,Gamma3,0.362,True,2.51,3.57,4.15,4.78,5.21,5.61
Çorlu,SPI,3,3,45,0.237,Gumbel,0.187,True,2.93,4.54,5.53,6.76,7.66,8.56
Çorlu,SPI,3,4,39,0.339,Gumbel,0.169,True,3.12,5.23,6.45,7.95,9.04,10.13
Çorlu,SPI,3,5,31,0.475,GEV,0.173,True,2.57,5.62,7.09,8.95,10.38,11.85
Çorlu,SPI,3,6,24,0.593,Gumbel,0.183,True,0.0,5.95,7.78,9.87,11.37,12.84
Çorlu,SPI,3,7,18,0.695,Gumbel,0.203,True,0.0,6.26,8.37,10.59,12.14,13.66
Çorlu,SPI,6,1,53,0.102,Weibull3,0.229,True,1.11,1.82,2.23,2.69,3.0,3.28
Çorlu,SPI,6,2,48,0.186,Weibull3,0.259,True,1.93,3.29,4.13,5.1,5.78,6.41
Çorlu,SPI,6,3,45,0.237,Weibull3,0.244,True,2.45,4.49,5.68,7.06,8.0,8.88
Çorlu,SPI,6,4,37,0.373,Gamma3,0.166,True,2.72,5.47,7.01,8.82,10.09,11.31
Çorlu,SPI,6,5,31,0.475,GEV,0.196,True,1.99,6.47,8.29,10.34,11.75,13.08
Çorlu,SPI,6,6,28,0.525,GEV,0.146,True,0.0,7.27,9.28,11.68,13.44,15.19
Çorlu,SPI,6,7,25,0.576,LN3,0.123,True,0.0,7.51,10.03,13.03,15.23,17.44
Çorlu,SPI,6,8,20,0.661,LN3,0.32,True,0.0,7.17,10.11,14.48,18.33,22.72
Çorlu,SPI,6,9,18,0.695,LN3,0.214,True,0.0,7.63,10.52,14.55,17.96,21.76
Çorlu,SPI,6,10,18,0.695,LN3,0.114,True,0.0,8.46,11.51,15.2,18.04,20.99
Çorlu,SPI,9,1,50,0.153,LN3,0.154,True,0.98,1.64,2.03,2.5,2.84,3.17
Çorlu,SPI,9,2,46,0.22,GEV,0.146,True,1.69,2.98,3.74,4.65,5.28,5.89
Çorlu,SPI,9,3,43,0.271,GEV,0.239,True,2.35,4.23,5.34,6.7,7.68,8.64
Çorlu,SPI,9,4,38,0.356,Gumbel,0.223,True,2.88,5.29,6.66,8.34,9.56,10.78
Çorlu,SPI,9,5,35,0.407,Gumbel,0.308,True,3.05,6.25,7.96,10.03,11.54,13.04
Çorlu,SPI,9,6,31,0.475,Gumbel,0.174,True,2.28,7.0,9.1,11.61,13.43,15.23
Çorlu,SPI,9,7,28,0.525,GEV,0.186,True,0.0,7.92,10.33,13.16,15.22,17.24
Çorlu,SPI,9,8,25,0.576,GEV,0.18,True,0.0,8.73,11.47,14.54,16.69,18.75
Çorlu,SPI,9,9,24,0.593,GEV,0.178,True,0.0,9.49,12.36,15.65,18.0,20.31
Çorlu,SPI,9,10,23,0.61,GEV,0.199,True,0.0,10.15,13.29,16.81,19.29,21.68
Çorlu,SPI,9,11,21,0.644,Gumbel,0.173,True,0.0,10.61,13.88,17.51,20.09,22.61
Çorlu,SPI,9,12,17,0.712,GEV,0.135,True,0.0,9.69,13.58,17.94,21.24,24.65
Çorlu,SPI,12,1,45,0.237,Weibull3,0.25,True,0.76,1.51,1.93,2.4,2.72,3.01
Çorlu,SPI,12,2,43,0.271,Weibull3,0.431,True,1.36,2.8,3.65,4.65,5.33,5.98
Çorlu,SPI,12,3,38,0.356,Weibull3,0.371,True,1.68,3.98,5.19,6.54,7.44,8.27
Çorlu,SPI,12,4,36,0.39,GEV,0.327,True,2.4,5.13,6.58,8.31,9.56,10.77
Çorlu,SPI,12,5,35,0.407,Gumbel,0.204,True,2.91,6.21,7.96,10.1,11.66,13.2
Çorlu,SPI,12,6,34,0.424,GEV,0.181,True,3.24,7.39,9.47,11.93,13.69,15.39
Çorlu,SPI,12,7,31,0.475,GEV,0.155,True,2.95,8.55,10.91,13.62,15.52,17.35
Çorlu,SPI,12,8,31,0.475,GEV,0.203,True,3.25,9.61,12.28,15.34,17.48,19.53
Çorlu,SPI,12,9,29,0.508,Lojistik,0.187,True,0.0,10.79,13.34,16.08,17.98,19.83
Çorlu,SPI,12,10,27,0.542,Lojistik,0.187,True,0.0,11.71,14.64,17.71,19.83,21.88
Çorlu,SPI,12,11,26,0.559,LN3,0.21,True,0.0,12.46,16.23,20.32,23.12,25.78
Çorlu,SPI,12,12,26,0.559,GEV,0.249,True,0.0,13.18,17.25,21.75,24.84,27.76
İpsala,SPEI,1,1,59,0.0,Lojistik,0.839,False,1.52,1.92,2.15,2.43,2.64,2.84
İpsala,SPEI,1,2,55,0.068,Lojistik,0.212,True,2.12,2.92,3.37,3.92,4.31,4.7
İpsala,SPEI,1,3,42,0.288,Gumbel,0.293,True,1.9,3.2,3.98,4.94,5.64,6.34
İpsala,SPEI,1,4,26,0.559,GEV,0.241,True,0.0,3.22,4.4,5.98,7.28,8.69
İpsala,SPEI,3,1,59,0.0,Lojistik,0.531,True,1.31,1.82,2.12,2.48,2.74,3.0
İpsala,SPEI,3,2,56,0.051,Gamma3,0.606,True,2.07,3.32,4.11,5.06,5.73,6.38
İpsala,SPEI,3,3,49,0.169,Lojistik,0.417,True,2.89,4.45,5.29,6.28,7.0,7.7
İpsala,SPEI,3,4,36,0.39,Lojistik,0.257,True,2.92,5.29,6.25,7.34,8.11,8.87
İpsala,SPEI,3,5,28,0.525,GEV,0.152,True,0.0,5.73,7.12,8.85,10.15,11.49
İpsala,SPEI,3,6,22,0.627,GEV,0.53,True,0.0,6.32,8.05,10.02,11.45,12.87
İpsala,SPEI,3,7,18,0.695,LN3,0.204,True,0.0,6.3,8.21,11.3,14.2,17.67
İpsala,SPEI,3,8,17,0.712,GEV,0.34,True,0.0,6.65,8.46,12.43,17.69,26.4
İpsala,SPEI,3,9,15,0.746,GEV,0.326,True,0.0,7.1,8.94,13.18,19.15,29.55
İpsala,SPEI,6,1,55,0.068,GEV,0.263,True,0.99,1.78,2.39,3.27,4.02,4.85
İpsala,SPEI,6,2,52,0.119,GEV,0.351,True,1.73,3.27,4.4,5.98,7.28,8.69
İpsala,SPEI,6,3,44,0.254,Weibull3,0.298,True,2.13,4.62,6.15,7.95,9.21,10.39
İpsala,SPEI,6,4,39,0.339,GEV,0.456,True,2.44,5.41,7.27,9.74,11.68,13.72
İpsala,SPEI,6,5,34,0.424,Weibull3,0.232,True,2.46,6.71,8.93,11.43,13.11,14.67
İpsala,SPEI,6,6,29,0.508,Gamma3,0.294,True,0.0,7.7,10.18,12.93,14.81,16.57
İpsala,SPEI,6,7,25,0.576,LN3,0.46,True,0.0,8.53,11.22,14.09,16.04,17.89
İpsala,SPEI,6,8,21,0.644,Gumbel,0.493,True,0.0,9.08,11.83,14.88,17.05,19.17
İpsala,SPEI,6,9,18,0.695,Gumbel,0.412,True,0.0,9.6,12.7,15.95,18.24,20.47
İpsala,SPEI,6,10,17,0.712,Gumbel,0.341,True,0.0,10.15,13.59,17.11,19.57,21.96
İpsala,SPEI,6,11,16,0.729,Gumbel,0.345,True,0.0,10.54,14.36,18.15,20.77,23.32
İpsala,SPEI,9,1,51,0.136,Gamma3,0.214,True,0.75,1.53,2.05,2.7,3.17,3.64
İpsala,SPEI,9,2,43,0.271,Gamma3,0.497,True,1.13,2.83,4.06,5.66,6.86,8.05
İpsala,SPEI,9,3,39,0.339,Gumbel,0.511,True,1.76,4.09,5.43,7.08,8.29,9.48
İpsala,SPEI,9,4,34,0.424,Lojistik,0.441,True,1.81,5.42,6.76,8.25,9.3,10.32
İpsala,SPEI,9,5,30,0.492,Lojistik,0.447,True,0.0,6.67,8.27,10.0,11.21,12.38
İpsala,SPEI,9,6,30,0.492,GEV,0.423,True,0.89,7.68,9.97,12.45,14.1,15.62
İpsala,SPEI,9,7,29,0.508,LN3,0.338,True,0.0,8.58,11.22,14.17,16.21,18.16
İpsala,SPEI,9,8,28,0.525,LN3,0.307,True,0.0,9.36,12.36,15.68,17.98,20.18
İpsala,SPEI,9,9,26,0.559,Weibull3,0.25,True,0.0,10.29,13.67,17.1,19.29,21.26
İpsala,SPEI,9,10,24,0.593,Gamma3,0.243,True,0.0,10.97,14.67,18.51,21.05,23.4
İpsala,SPEI,9,11,20,0.661,Weibull3,0.325,True,0.0,12.04,16.25,19.81,21.87,23.61
İpsala,SPEI,9,12,18,0.695,Gumbel,0.298,True,0.0,12.2,16.81,21.65,25.06,28.37
İpsala,SPEI,12,1,41,0.305,GEV,0.307,True,0.62,1.52,2.19,3.18,4.06,5.06
İpsala,SPEI,12,2,38,0.356,Gumbel,0.247,True,1.21,2.9,3.87,5.05,5.91,6.77
İpsala,SPEI,12,3,35,0.407,Weibull3,0.192,True,1.53,4.2,5.49,6.88,7.8,8.63
İpsala,SPEI,12,4,34,0.424,GEV,0.241,True,2.08,5.25,6.75,8.46,9.63,10.72
İpsala,SPEI,12,5,34,0.424,GEV,0.302,True,2.39,6.23,8.05,10.12,11.53,12.86
İpsala,SPEI,12,6,33,0.441,Weibull3,0.224,True,2.52,7.16,9.5,12.09,13.82,15.41
İpsala,SPEI,12,7,32,0.458,Weibull3,0.278,True,2.44,8.02,10.83,13.97,16.08,18.04
İpsala,SPEI,12,8,30,0.492,GEV,0.24,True,1.43,9.02,11.94,15.36,17.81,20.19
İpsala,SPEI,12,9,26,0.559,Weibull3,0.147,True,0.0,10.17,13.62,17.3,19.71,21.91
İpsala,SPEI,12,10,25,0.576,GEV,0.151,True,0.0,10.99,14.47,18.65,21.77,24.92
İpsala,SPEI,12,11,24,0.593,LN3,0.171,True,0.0,11.22,15.46,20.89,25.11,29.52
İpsala,SPEI,12,12,23,0.61,LN3,0.168,True,0.0,11.46,16.2,22.47,27.49,32.84
İpsala,SPI,1,1,59,0.0,GEV,0.243,True,1.54,2.04,2.35,2.71,2.96,3.19
İpsala,SPI,1,2,54,0.085,GEV,0.222,True,1.95,2.92,3.44,4.01,4.37,4.68
İpsala,SPI,1,3,32,0.458,Gamma3,0.351,True,1.42,3.14,3.99,4.97,5.66,6.32
İpsala,SPI,1,4,21,0.644,Gamma3,0.271,True,0.0,2.94,4.08,5.34,6.22,7.05
İpsala,SPI,3,1,58,0.017,GEV,0.367,True,1.24,1.93,2.4,3.0,3.45,3.91
İpsala,SPI,3,2,52,0.119,Gamma3,0.19,True,1.99,3.32,4.18,5.22,5.98,6.71
İpsala,SPI,3,3,46,0.22,Gumbel,0.258,True,2.6,4.41,5.53,6.92,7.95,8.97
İpsala,SPI,3,4,34,0.424,GEV,0.391,True,2.5,5.32,6.76,8.5,9.76,10.99
İpsala,SPI,3,5,25,0.576,GEV,0.703,True,0.0,5.56,7.28,9.46,11.16,12.95
İpsala,SPI,3,6,18,0.695,GEV,0.937,False,0.0,5.36,7.71,10.4,12.43,14.54
İpsala,SPI,3,7,15,0.746,GEV,0.633,True,0.0,5.37,7.76,10.89,13.7,17.07
İpsala,SPI,6,1,54,0.085,GEV,0.208,True,1.04,1.72,2.15,2.71,3.12,3.53
İpsala,SPI,6,2,49,0.169,Gamma3,0.222,True,1.79,3.21,4.12,5.22,6.01,6.78
İpsala,SPI,6,3,43,0.271,Weibull3,0.576,True,2.09,4.51,5.93,7.57,8.7,9.75
İpsala,SPI,6,4,35,0.407,Lojistik,0.545,True,2.39,5.64,6.9,8.33,9.33,10.31
İpsala,SPI,6,5,30,0.492,Gumbel,0.499,True,1.66,6.47,8.35,10.59,12.22,13.83
İpsala,SPI,6,6,26,0.559,GEV,0.465,True,0.0,7.16,9.44,12.27,14.43,16.65
İpsala,SPI,6,7,23,0.61,GEV,0.415,True,0.0,7.59,9.96,13.1,15.66,18.47
İpsala,SPI,6,8,21,0.644,GEV,0.29,True,0.0,7.84,10.6,14.09,16.9,19.93
İpsala,SPI,6,9,17,0.712,GEV,0.329,True,0.0,7.41,10.67,14.63,17.83,21.34
İpsala,SPI,6,10,15,0.746,GEV,0.282,True,0.0,7.99,11.14,15.36,19.19,23.84
İpsala,SPI,9,1,51,0.136,LN3,0.517,True,0.77,1.48,2.03,2.79,3.42,4.09
İpsala,SPI,9,2,44,0.254,Weibull3,0.621,True,1.26,2.89,3.89,5.07,5.9,6.68
İpsala,SPI,9,3,36,0.39,Gumbel,0.586,True,1.68,4.12,5.46,7.08,8.27,9.45
İpsala,SPI,9,4,32,0.458,Lojistik,0.682,True,1.44,5.38,6.63,8.0,8.96,9.89
İpsala,SPI,9,5,30,0.492,GEV,0.716,True,1.68,6.41,8.21,10.32,11.82,13.29
İpsala,SPI,9,6,30,0.492,GEV,0.689,True,1.87,7.41,9.55,12.09,13.91,15.7
İpsala,SPI,9,7,30,0.492,GEV,0.678,True,1.98,8.3,10.81,13.81,16.01,18.19
İpsala,SPI,9,8,28,0.525,GEV,0.575,True,0.0,9.24,12.08,15.43,17.86,20.25
İpsala,SPI,9,9,28,0.525,GEV,0.455,True,0.0,10.08,13.24,16.98,19.68,22.34
İpsala,SPI,9,10,24,0.593,GEV,0.437,True,0.0,10.77,14.18,18.37,21.57,24.87
İpsala,SPI,9,11,22,0.627,LN3,0.429,True,0.0,11.45,15.5,20.09,23.38,26.62
İpsala,SPI,9,12,18,0.695,Gumbel,0.232,True,0.0,11.06,16.11,21.42,25.15,28.79
İpsala,SPI,12,1,44,0.254,Lojistik,0.6,True,0.74,1.48,1.85,2.28,2.59,2.9
İpsala,SPI,12,2,37,0.373,Normal,0.435,True,1.24,2.95,3.63,4.32,4.75,5.13
İpsala,SPI,12,3,32,0.458,Lojistik,0.298,True,1.44,4.12,4.97,5.9,6.56,7.19
İpsala,SPI,12,4,32,0.458,Lojistik,0.326,True,1.79,5.24,6.32,7.52,8.36,9.18
İpsala,SPI,12,5,32,0.458,GEV,0.221,True,2.36,6.28,8.01,9.99,11.36,12.66
İpsala,SPI,12,6,31,0.475,Gumbel,0.234,True,2.45,7.27,9.41,11.97,13.83,15.67
İpsala,SPI,12,7,30,0.492,GEV,0.249,True,1.88,8.3,10.87,13.96,16.24,18.5
İpsala,SPI,12,8,29,0.508,LN3,0.22,True,0.0,9.08,12.15,16.06,19.07,22.17
İpsala,SPI,12,9,29,0.508,LN3,0.215,True,0.0,9.89,13.42,17.98,21.5,25.17
İpsala,SPI,12,10,27,0.542,LN3,0.286,True,0.0,10.9,14.8,19.61,23.22,26.88
İpsala,SPI,12,11,24,0.593,GEV,0.354,True,0.0,11.71,15.82,21.05,25.18,29.56
İpsala,SPI,12,12,23,0.61,GEV,0.416,True,0.0,11.99,16.49,22.38,27.17,32.39
