ssp,pencere,indeks,name,D,T10_gel,T50_gel,T100_gel,T10_tar,T50_tar,T100_tar,dT10_%,dT50_%,dT100_%
ssp245,2030-2059,SPEI,Edirne,3,7.9,10.83,13.18,5.21,7.42,8.29,52.0,46.0,59.0
ssp245,2030-2059,SPEI,Edirne,6,13.73,21.19,25.76,8.84,13.2,15.1,55.0,61.0,71.0
ssp245,2030-2059,SPEI,Edirne,9,18.67,31.81,37.87,11.79,18.3,21.41,58.0,74.0,77.0
ssp245,2030-2059,SPEI,Edirne,12,23.13,39.82,52.04,13.97,24.12,29.47,66.0,65.0,77.0
ssp245,2030-2059,SPEI,Kırklareli,3,8.48,11.41,13.08,5.16,8.3,9.79,64.0,37.0,34.0
ssp245,2030-2059,SPEI,Kırklareli,6,15.31,21.75,24.35,9.45,15.93,19.19,62.0,37.0,27.0
ssp245,2030-2059,SPEI,Kırklareli,9,19.8,33.61,34.62,12.6,23.78,30.6,57.0,41.0,13.0
ssp245,2030-2059,SPEI,Kırklareli,12,24.41,44.92,47.39,15.27,29.94,39.73,60.0,50.0,19.0
ssp245,2030-2059,SPEI,Lüleburgaz,3,9.2,17.64,19.47,6.2,18.25,26.8,48.0,-3.0,-27.0
ssp245,2030-2059,SPEI,Lüleburgaz,6,14.95,26.52,32.06,10.4,24.36,32.53,44.0,9.0,-1.0
ssp245,2030-2059,SPEI,Lüleburgaz,9,19.76,40.83,44.1,13.17,27.84,35.28,50.0,47.0,25.0
ssp245,2030-2059,SPEI,Sarıyer,3,6.57,8.57,9.53,5.21,7.43,8.35,26.0,15.0,14.0
ssp245,2030-2059,SPEI,Sarıyer,6,12.07,15.57,17.09,9.24,12.59,13.9,31.0,24.0,23.0
ssp245,2030-2059,SPEI,Sarıyer,9,16.59,21.64,23.92,12.61,16.98,18.78,32.0,27.0,27.0
ssp245,2030-2059,SPEI,Sarıyer,12,21.73,27.04,29.79,16.2,22.76,25.37,34.0,19.0,17.0
ssp245,2030-2059,SPEI,Tekirdağ,3,6.79,10.56,12.27,5.23,7.44,8.34,30.0,42.0,47.0
ssp245,2030-2059,SPEI,Tekirdağ,6,12.07,18.48,21.53,10.14,14.18,15.64,19.0,30.0,38.0
ssp245,2030-2059,SPEI,Tekirdağ,9,16.88,27.46,32.42,13.89,21.17,24.34,22.0,30.0,33.0
ssp245,2030-2059,SPEI,Tekirdağ,12,20.66,41.07,50.19,17.12,27.16,31.21,21.0,51.0,61.0
ssp245,2030-2059,SPEI,Uzunköprü,3,7.93,14.85,16.29,5.42,7.66,8.56,46.0,94.0,90.0
ssp245,2030-2059,SPEI,Uzunköprü,6,14.22,24.48,27.98,9.87,13.71,15.23,44.0,79.0,84.0
ssp245,2030-2059,SPEI,Uzunköprü,9,18.4,34.57,37.63,13.86,20.37,23.03,33.0,70.0,63.0
ssp245,2030-2059,SPEI,Uzunköprü,12,27.88,44.07,53.459999999999994,16.92,24.9,28.14,65.0,77.0,90.0
ssp245,2030-2059,SPEI,Çorlu,3,7.13,9.46,10.58,5.43,8.08,9.18,31.0,17.0,15.0
ssp245,2030-2059,SPEI,Çorlu,6,12.2,15.96,17.87,10.09,16.01,18.75,21.0,-0.0,-5.0
ssp245,2030-2059,SPEI,Çorlu,9,16.76,25.11,29.4,14.17,22.24,26.06,18.0,13.0,13.0
ssp245,2030-2059,SPEI,Çorlu,12,21.21,30.33,34.92,17.46,27.96,33.41,21.0,8.0,5.0
ssp245,2030-2059,SPEI,İpsala,3,6.61,10.82,12.07,5.49,7.8,8.63,20.0,39.0,40.0
ssp245,2030-2059,SPEI,İpsala,6,11.56,17.15,19.44,9.5,13.82,15.41,22.0,24.0,26.0
ssp245,2030-2059,SPEI,İpsala,9,15.46,22.25,25.12,13.62,19.71,21.91,14.0,13.0,15.0
ssp245,2030-2059,SPEI,İpsala,12,20.36,39.56,43.26,16.2,27.49,32.84,26.0,44.0,32.0
ssp245,2030-2059,SPI,Edirne,3,5.49,7.45,8.55,4.57,5.93,6.41,20.0,26.0,33.0
ssp245,2030-2059,SPI,Edirne,6,8.33,13.62,14.74,8.07,9.41,9.74,3.0,45.0,51.0
ssp245,2030-2059,SPI,Edirne,9,15.37,18.73,20.09,11.08,13.65,14.52,39.0,37.0,38.0
ssp245,2030-2059,SPI,Edirne,12,18.74,22.53,24.05,13.53,17.02,18.39,39.0,32.0,31.0
ssp245,2030-2059,SPI,Kırklareli,3,5.47,7.42,9.45,4.66,7.11,8.14,17.0,4.0,16.0
ssp245,2030-2059,SPI,Kırklareli,6,9.75,12.56,13.59,8.88,15.78,19.42,10.0,-20.0,-30.0
ssp245,2030-2059,SPI,Kırklareli,9,15.71,19.75,21.39,12.79,23.1,28.62,23.0,-15.0,-25.0
ssp245,2030-2059,SPI,Kırklareli,12,19.5,25.66,28.23,16.64,27.09,31.32,17.0,-5.0,-10.0
ssp245,2030-2059,SPI,Lüleburgaz,3,4.77,6.33,6.96,5.07,7.01,7.8,-6.0,-10.0,-11.0
ssp245,2030-2059,SPI,Lüleburgaz,6,8.280000000000001,10.605,11.39,9.08,12.55,13.94,-9.0,-15.0,-18.0
ssp245,2030-2059,SPI,Lüleburgaz,9,13.38,17.18,18.71,12.29,16.69,18.42,9.0,3.0,2.0
ssp245,2030-2059,SPI,Lüleburgaz,12,16.47,21.11,22.95,15.5,21.1,23.29,6.0,0.0,-1.0
ssp245,2030-2059,SPI,Sarıyer,3,5.43,6.76,7.22,5.29,7.08,7.76,3.0,-5.0,-7.0
ssp245,2030-2059,SPI,Sarıyer,6,11.71,15.254999999999999,16.509999999999998,9.12,12.63,14.06,28.0,21.0,17.0
ssp245,2030-2059,SPI,Sarıyer,9,16.310000000000002,21.85,23.845,12.58,17.36,19.26,30.0,26.0,24.0
ssp245,2030-2059,SPI,Sarıyer,12,23.91,37.13,43.88,15.41,22.16,24.82,55.0,68.0,77.0
ssp245,2030-2059,SPI,Tekirdağ,3,4.69,7.33,8.44,5.17,7.82,8.83,-9.0,-6.0,-4.0
ssp245,2030-2059,SPI,Tekirdağ,6,10.6,11.84,12.1,9.28,12.58,13.9,14.0,-6.0,-13.0
ssp245,2030-2059,SPI,Tekirdağ,9,14.6,16.11,16.44,12.95,18.24,20.41,13.0,-12.0,-19.0
ssp245,2030-2059,SPI,Tekirdağ,12,18.27,21.78,23.19,15.48,22.55,25.84,18.0,-3.0,-10.0
ssp245,2030-2059,SPI,Uzunköprü,3,4.66,6.77,7.59,5.23,6.47,6.78,-11.0,5.0,12.0
ssp245,2030-2059,SPI,Uzunköprü,6,8.26,10.825,11.795,9.64,12.1,12.77,-14.0,-11.0,-8.0
ssp245,2030-2059,SPI,Uzunköprü,9,13.08,16.57,17.98,13.5,17.01,18.16,-3.0,-3.0,-1.0
ssp245,2030-2059,SPI,Uzunköprü,12,16.22,21.95,24.33,16.71,22.18,24.14,-3.0,-1.0,1.0
ssp245,2030-2059,SPI,Çorlu,3,4.89,6.62,7.32,5.19,7.44,8.27,-6.0,-11.0,-11.0
ssp245,2030-2059,SPI,Çorlu,6,9.655,11.370000000000001,11.915,9.47,13.69,15.39,2.0,-17.0,-23.0
ssp245,2030-2059,SPI,Çorlu,9,15.83,17.58,18.1,13.34,17.98,19.83,19.0,-2.0,-9.0
ssp245,2030-2059,SPI,Çorlu,12,20.1,22.31,22.96,17.25,24.84,27.76,17.0,-10.0,-17.0
ssp245,2030-2059,SPI,İpsala,3,3.82,5.68,6.44,4.97,6.56,7.19,-23.0,-13.0,-10.0
ssp245,2030-2059,SPI,İpsala,6,7.63,10.075,10.93,9.41,13.83,15.67,-19.0,-27.0,-30.0
ssp245,2030-2059,SPI,İpsala,9,12.47,14.35,14.82,13.42,21.5,25.17,-7.0,-33.0,-41.0
ssp245,2030-2059,SPI,İpsala,12,14.9,19.61,22.04,16.49,27.17,32.39,-10.0,-28.0,-32.0
ssp245,2070-2099,SPEI,Edirne,3,11.03,14.34,15.58,5.21,7.42,8.29,112.0,93.0,88.0
ssp245,2070-2099,SPEI,Edirne,6,20.36,24.99,26.61,8.84,13.2,15.1,130.0,89.0,76.0
ssp245,2070-2099,SPEI,Edirne,9,29.89,34.86,36.21,11.79,18.3,21.41,154.0,90.0,69.0
ssp245,2070-2099,SPEI,Edirne,12,38.59,43.53,44.66,13.97,24.12,29.47,176.0,80.0,52.0
ssp245,2070-2099,SPEI,Kırklareli,3,10.89,14.02,15.18,5.16,8.3,9.79,111.0,69.0,55.0
ssp245,2070-2099,SPEI,Kırklareli,6,20.22,22.86,24.12,9.45,15.93,19.19,114.0,44.0,26.0
ssp245,2070-2099,SPEI,Kırklareli,9,29.0,32.37,34.47,12.6,23.78,30.6,130.0,36.0,13.0
ssp245,2070-2099,SPEI,Kırklareli,12,37.2,41.89,44.31,15.27,29.94,39.73,144.0,40.0,12.0
ssp245,2070-2099,SPEI,Lüleburgaz,3,12.84,19.22,21.89,6.2,18.25,26.8,107.0,5.0,-18.0
ssp245,2070-2099,SPEI,Lüleburgaz,6,22.54,33.72,37.7,10.4,24.36,32.53,117.0,38.0,16.0
ssp245,2070-2099,SPEI,Lüleburgaz,9,32.32,40.66,46.42,13.17,27.84,35.28,145.0,46.0,32.0
ssp245,2070-2099,SPEI,Sarıyer,3,8.57,10.82,11.51,5.21,7.43,8.35,64.0,46.0,38.0
ssp245,2070-2099,SPEI,Sarıyer,6,16.0,19.95,21.08,9.24,12.59,13.9,73.0,58.0,52.0
ssp245,2070-2099,SPEI,Sarıyer,9,22.8,28.86,30.46,12.61,16.98,18.78,81.0,70.0,62.0
ssp245,2070-2099,SPEI,Sarıyer,12,29.41,37.6,39.76,16.2,22.76,25.37,82.0,65.0,57.0
ssp245,2070-2099,SPEI,Tekirdağ,3,8.34,10.29,11.12,5.23,7.44,8.34,59.0,38.0,33.0
ssp245,2070-2099,SPEI,Tekirdağ,6,15.79,19.16,20.61,10.14,14.18,15.64,56.0,35.0,32.0
ssp245,2070-2099,SPEI,Tekirdağ,9,22.74,29.25,30.46,13.89,21.17,24.34,64.0,38.0,25.0
ssp245,2070-2099,SPEI,Tekirdağ,12,29.59,33.77,36.36,17.12,27.16,31.21,73.0,24.0,17.0
ssp245,2070-2099,SPEI,Uzunköprü,3,10.57,15.62,17.7,5.42,7.66,8.56,95.0,104.0,107.0
ssp245,2070-2099,SPEI,Uzunköprü,6,20.81,31.26,35.46,9.87,13.71,15.23,111.0,128.0,133.0
ssp245,2070-2099,SPEI,Uzunköprü,9,27.71,37.47,41.23,13.86,20.37,23.03,100.0,84.0,79.0
ssp245,2070-2099,SPEI,Uzunköprü,12,34.21,41.61,42.81,16.92,24.9,28.14,102.0,67.0,52.0
ssp245,2070-2099,SPEI,Çorlu,3,9.08,13.43,15.16,5.43,8.08,9.18,67.0,66.0,65.0
ssp245,2070-2099,SPEI,Çorlu,6,17.22,23.85,25.7,10.09,16.01,18.75,71.0,49.0,37.0
ssp245,2070-2099,SPEI,Çorlu,9,23.95,33.23,35.46,14.17,22.24,26.06,69.0,49.0,36.0
ssp245,2070-2099,SPEI,Çorlu,12,28.86,38.89,42.5,17.46,27.96,33.41,65.0,39.0,27.0
ssp245,2070-2099,SPEI,İpsala,3,8.99,11.97,13.11,5.49,7.8,8.63,64.0,53.0,52.0
ssp245,2070-2099,SPEI,İpsala,6,15.76,21.26,23.52,9.5,13.82,15.41,66.0,54.0,53.0
ssp245,2070-2099,SPEI,İpsala,9,21.69,27.25,29.17,13.62,19.71,21.91,59.0,38.0,33.0
ssp245,2070-2099,SPEI,İpsala,12,27.77,35.01,37.14,16.2,27.49,32.84,71.0,27.0,13.0
ssp245,2070-2099,SPI,Edirne,3,5.05,6.9,8.59,4.57,5.93,6.41,11.0,16.0,34.0
ssp245,2070-2099,SPI,Edirne,6,8.86,11.65,12.95,8.07,9.41,9.74,10.0,24.0,33.0
ssp245,2070-2099,SPI,Edirne,9,15.335,20.21,22.025,11.08,13.65,14.52,38.0,48.0,52.0
ssp245,2070-2099,SPI,Edirne,12,23.43,29.93,32.49,13.53,17.02,18.39,73.0,76.0,77.0
ssp245,2070-2099,SPI,Kırklareli,3,4.74,6.02,6.77,4.66,7.11,8.14,2.0,-15.0,-17.0
ssp245,2070-2099,SPI,Kırklareli,6,8.31,11.89,13.36,8.88,15.78,19.42,-6.0,-25.0,-31.0
ssp245,2070-2099,SPI,Kırklareli,9,14.57,19.705,21.655,12.79,23.1,28.62,14.0,-15.0,-24.0
ssp245,2070-2099,SPI,Kırklareli,12,18.78,23.605,25.33,16.64,27.09,31.32,13.0,-13.0,-19.0
ssp245,2070-2099,SPI,Lüleburgaz,3,4.21,6.5,8.56,5.07,7.01,7.8,-17.0,-7.0,10.0
ssp245,2070-2099,SPI,Lüleburgaz,6,9.495000000000001,12.48,13.52,9.08,12.55,13.94,5.0,-1.0,-3.0
ssp245,2070-2099,SPI,Lüleburgaz,9,12.895,17.145,18.62,12.29,16.69,18.42,5.0,3.0,1.0
ssp245,2070-2099,SPI,Lüleburgaz,12,19.35,24.7,26.78,15.5,21.1,23.29,25.0,17.0,15.0
ssp245,2070-2099,SPI,Sarıyer,3,4.87,6.86,7.6,5.29,7.08,7.76,-8.0,-3.0,-2.0
ssp245,2070-2099,SPI,Sarıyer,6,9.26,14.28,16.28,9.12,12.63,14.06,2.0,13.0,16.0
ssp245,2070-2099,SPI,Sarıyer,9,12.84,21.73,28.32,12.58,17.36,19.26,2.0,25.0,47.0
ssp245,2070-2099,SPI,Sarıyer,12,17.47,23.11,25.31,15.41,22.16,24.82,13.0,4.0,2.0
ssp245,2070-2099,SPI,Tekirdağ,3,4.97,7.2,8.06,5.17,7.82,8.83,-4.0,-8.0,-9.0
ssp245,2070-2099,SPI,Tekirdağ,6,10.45,13.545,14.525,9.28,12.58,13.9,13.0,8.0,4.0
ssp245,2070-2099,SPI,Tekirdağ,9,14.77,17.880000000000003,18.89,12.95,18.24,20.41,14.0,-2.0,-7.0
ssp245,2070-2099,SPI,Tekirdağ,12,19.89,23.32,24.3,15.48,22.55,25.84,28.0,3.0,-6.0
ssp245,2070-2099,SPI,Uzunköprü,3,4.16,6.03,7.61,5.23,6.47,6.78,-20.0,-7.0,12.0
ssp245,2070-2099,SPI,Uzunköprü,6,9.345,11.55,12.245000000000001,9.64,12.1,12.77,-3.0,-5.0,-4.0
ssp245,2070-2099,SPI,Uzunköprü,9,12.684999999999999,16.45,18.060000000000002,13.5,17.01,18.16,-6.0,-3.0,-1.0
ssp245,2070-2099,SPI,Uzunköprü,12,11.75,19.35,23.6,16.71,22.18,24.14,-30.0,-13.0,-2.0
ssp245,2070-2099,SPI,Çorlu,3,4.55,6.69,7.58,5.19,7.44,8.27,-12.0,-10.0,-8.0
ssp245,2070-2099,SPI,Çorlu,6,8.26,12.37,14.04,9.47,13.69,15.39,-13.0,-10.0,-9.0
ssp245,2070-2099,SPI,Çorlu,9,11.935,19.015,22.61,13.34,17.98,19.83,-11.0,6.0,14.0
ssp245,2070-2099,SPI,İpsala,3,3.78,5.36,6.68,4.97,6.56,7.19,-24.0,-18.0,-7.0
ssp245,2070-2099,SPI,İpsala,6,8.43,10.315000000000001,10.875,9.41,13.83,15.67,-10.0,-25.0,-31.0
ssp245,2070-2099,SPI,İpsala,9,13.83,15.98,16.62,13.42,21.5,25.17,3.0,-26.0,-34.0
ssp245,2070-2099,SPI,İpsala,12,17.19,19.26,19.85,16.49,27.17,32.39,4.0,-29.0,-39.0
ssp585,2030-2059,SPEI,Edirne,3,9.62,12.0,12.98,5.21,7.42,8.29,85.0,62.0,57.0
ssp585,2030-2059,SPEI,Edirne,6,18.0,22.06,23.56,8.84,13.2,15.1,104.0,67.0,56.0
ssp585,2030-2059,SPEI,Edirne,9,25.25,35.21,38.85,11.79,18.3,21.41,114.0,92.0,81.0
ssp585,2030-2059,SPEI,Edirne,12,32.96,42.31,45.84,13.97,24.12,29.47,136.0,75.0,56.0
ssp585,2030-2059,SPEI,Kırklareli,3,9.47,12.22,12.95,5.16,8.3,9.79,84.0,47.0,32.0
ssp585,2030-2059,SPEI,Kırklareli,6,17.03,21.35,22.42,9.45,15.93,19.19,80.0,34.0,17.0
ssp585,2030-2059,SPEI,Kırklareli,9,25.2,30.69,32.51,12.6,23.78,30.6,100.0,29.0,6.0
ssp585,2030-2059,SPEI,Kırklareli,12,32.41,39.93,42.32,15.27,29.94,39.73,112.0,33.0,7.0
ssp585,2030-2059,SPEI,Lüleburgaz,3,10.83,14.97,16.53,6.2,18.25,26.8,75.0,-18.0,-38.0
ssp585,2030-2059,SPEI,Lüleburgaz,6,17.81,26.61,32.1,10.4,24.36,32.53,71.0,9.0,-1.0
ssp585,2030-2059,SPEI,Lüleburgaz,9,24.91,37.75,41.94,13.17,27.84,35.28,89.0,36.0,19.0
ssp585,2030-2059,SPEI,Sarıyer,3,8.15,9.73,10.55,5.21,7.43,8.35,56.0,31.0,26.0
ssp585,2030-2059,SPEI,Sarıyer,6,14.94,18.12,19.22,9.24,12.59,13.9,62.0,44.0,38.0
ssp585,2030-2059,SPEI,Sarıyer,9,21.06,23.94,26.47,12.61,16.98,18.78,67.0,41.0,41.0
ssp585,2030-2059,SPEI,Sarıyer,12,26.47,32.75,36.48,16.2,22.76,25.37,63.0,44.0,44.0
ssp585,2030-2059,SPEI,Tekirdağ,3,8.78,10.15,10.53,5.23,7.44,8.34,68.0,36.0,26.0
ssp585,2030-2059,SPEI,Tekirdağ,6,15.92,19.03,20.09,10.14,14.18,15.64,57.0,34.0,28.0
ssp585,2030-2059,SPEI,Tekirdağ,9,22.11,27.85,29.95,13.89,21.17,24.34,59.0,32.0,23.0
ssp585,2030-2059,SPEI,Tekirdağ,12,26.94,35.49,40.25,17.12,27.16,31.21,57.0,31.0,29.0
ssp585,2030-2059,SPEI,Uzunköprü,3,9.24,12.36,13.27,5.42,7.66,8.56,70.0,61.0,55.0
ssp585,2030-2059,SPEI,Uzunköprü,6,16.09,22.44,24.42,9.87,13.71,15.23,63.0,64.0,60.0
ssp585,2030-2059,SPEI,Uzunköprü,9,21.79,30.48,34.49,13.86,20.37,23.03,57.0,50.0,50.0
ssp585,2030-2059,SPEI,Uzunköprü,12,27.47,38.12,42.33,16.92,24.9,28.14,62.0,53.0,50.0
ssp585,2030-2059,SPEI,Çorlu,3,8.27,10.01,11.03,5.43,8.08,9.18,52.0,24.0,20.0
ssp585,2030-2059,SPEI,Çorlu,6,15.65,21.74,24.28,10.09,16.01,18.75,55.0,36.0,29.0
ssp585,2030-2059,SPEI,Çorlu,9,21.53,30.74,34.7,14.17,22.24,26.06,52.0,38.0,33.0
ssp585,2030-2059,SPEI,Çorlu,12,26.63,39.8,45.71,17.46,27.96,33.41,53.0,42.0,37.0
ssp585,2030-2059,SPEI,İpsala,3,9.6,12.0,12.76,5.49,7.8,8.63,75.0,54.0,48.0
ssp585,2030-2059,SPEI,İpsala,6,15.46,20.36,22.16,9.5,13.82,15.41,63.0,47.0,44.0
ssp585,2030-2059,SPEI,İpsala,9,20.75,25.28,27.11,13.62,19.71,21.91,52.0,28.0,24.0
ssp585,2030-2059,SPEI,İpsala,12,28.825,35.265,37.480000000000004,16.2,27.49,32.84,78.0,28.0,14.0
ssp585,2030-2059,SPI,Edirne,3,5.27,6.57,7.02,4.57,5.93,6.41,15.0,11.0,10.0
ssp585,2030-2059,SPI,Edirne,6,8.68,10.85,11.79,8.07,9.41,9.74,8.0,15.0,21.0
ssp585,2030-2059,SPI,Edirne,9,14.1,25.86,32.39,11.08,13.65,14.52,27.0,89.0,123.0
ssp585,2030-2059,SPI,Kırklareli,3,4.83,5.8,6.34,4.66,7.11,8.14,4.0,-18.0,-22.0
ssp585,2030-2059,SPI,Kırklareli,6,8.1,10.71,11.73,8.88,15.78,19.42,-9.0,-32.0,-40.0
ssp585,2030-2059,SPI,Kırklareli,9,13.71,22.91,27.57,12.79,23.1,28.62,7.0,-1.0,-4.0
ssp585,2030-2059,SPI,Lüleburgaz,3,4.47,7.42,7.94,5.07,7.01,7.8,-12.0,6.0,2.0
ssp585,2030-2059,SPI,Lüleburgaz,6,7.74,11.86,12.24,9.08,12.55,13.94,-15.0,-5.0,-12.0
ssp585,2030-2059,SPI,Lüleburgaz,9,13.85,17.23,18.31,12.29,16.69,18.42,13.0,3.0,-1.0
ssp585,2030-2059,SPI,Lüleburgaz,12,16.3,22.91,25.62,15.5,21.1,23.29,5.0,9.0,10.0
ssp585,2030-2059,SPI,Sarıyer,3,5.17,8.11,9.32,5.29,7.08,7.76,-2.0,15.0,20.0
ssp585,2030-2059,SPI,Sarıyer,6,8.83,15.84,17.33,9.12,12.63,14.06,-3.0,25.0,23.0
ssp585,2030-2059,SPI,Sarıyer,9,12.29,24.26,34.16,12.58,17.36,19.26,-2.0,40.0,77.0
ssp585,2030-2059,SPI,Sarıyer,12,19.22,23.79,25.04,15.41,22.16,24.82,25.0,7.0,1.0
ssp585,2030-2059,SPI,Tekirdağ,3,5.29,8.29,9.15,5.17,7.82,8.83,2.0,6.0,4.0
ssp585,2030-2059,SPI,Tekirdağ,6,8.92,12.34,12.85,9.28,12.58,13.9,-4.0,-2.0,-8.0
ssp585,2030-2059,SPI,Tekirdağ,9,13.53,16.72,18.47,12.95,18.24,20.41,4.0,-8.0,-10.0
ssp585,2030-2059,SPI,Tekirdağ,12,17.81,23.58,25.47,15.48,22.55,25.84,15.0,5.0,-1.0
ssp585,2030-2059,SPI,Uzunköprü,3,4.88,7.69,8.94,5.23,6.47,6.78,-7.0,19.0,32.0
ssp585,2030-2059,SPI,Uzunköprü,6,8.4,13.34,14.5,9.64,12.1,12.77,-13.0,10.0,14.0
ssp585,2030-2059,SPI,Uzunköprü,9,13.97,17.37,18.49,13.5,17.01,18.16,3.0,2.0,2.0
ssp585,2030-2059,SPI,Uzunköprü,12,16.06,22.52,25.27,16.71,22.18,24.14,-4.0,2.0,5.0
ssp585,2030-2059,SPI,Çorlu,3,5.5,9.27,10.92,5.19,7.44,8.27,6.0,25.0,32.0
ssp585,2030-2059,SPI,Çorlu,6,9.71,14.8,16.26,9.47,13.69,15.39,3.0,8.0,6.0
ssp585,2030-2059,SPI,Çorlu,9,14.29,21.52,24.61,13.34,17.98,19.83,7.0,20.0,24.0
ssp585,2030-2059,SPI,Çorlu,12,17.169999999999998,23.125,25.215,17.25,24.84,27.76,-0.0,-7.0,-9.0
ssp585,2030-2059,SPI,İpsala,3,4.23,5.22,5.78,4.97,6.56,7.19,-15.0,-20.0,-20.0
ssp585,2030-2059,SPI,İpsala,6,7.11,9.2,9.94,9.41,13.83,15.67,-24.0,-33.0,-37.0
ssp585,2030-2059,SPI,İpsala,9,11.93,17.27,19.27,13.42,21.5,25.17,-11.0,-20.0,-23.0
ssp585,2070-2099,SPEI,Edirne,3,15.49,17.02,17.65,5.21,7.42,8.29,197.0,129.0,113.0
ssp585,2070-2099,SPEI,Edirne,6,30.52,34.61,36.09,8.84,13.2,15.1,245.0,162.0,139.0
ssp585,2070-2099,SPEI,Edirne,9,41.74,46.04,47.77,11.79,18.3,21.41,254.0,152.0,123.0
ssp585,2070-2099,SPEI,Edirne,12,54.62,60.47,63.45,13.97,24.12,29.47,291.0,151.0,115.0
ssp585,2070-2099,SPEI,Kırklareli,3,15.15,16.51,17.07,5.16,8.3,9.79,194.0,99.0,74.0
ssp585,2070-2099,SPEI,Kırklareli,6,27.44,28.26,28.89,9.45,15.93,19.19,190.0,77.0,51.0
ssp585,2070-2099,SPEI,Kırklareli,9,40.13,43.65,44.19,12.6,23.78,30.6,218.0,84.0,44.0
ssp585,2070-2099,SPEI,Kırklareli,12,51.77,57.56,60.25,15.27,29.94,39.73,239.0,92.0,52.0
ssp585,2070-2099,SPEI,Lüleburgaz,3,19.08,23.87,25.9,6.2,18.25,26.8,208.0,31.0,-3.0
ssp585,2070-2099,SPEI,Lüleburgaz,6,31.21,37.37,40.09,10.4,24.36,32.53,200.0,53.0,23.0
ssp585,2070-2099,SPEI,Lüleburgaz,9,43.55,51.2,53.27,13.17,27.84,35.28,231.0,84.0,51.0
ssp585,2070-2099,SPEI,Sarıyer,3,11.31,14.03,14.18,5.21,7.43,8.35,117.0,89.0,70.0
ssp585,2070-2099,SPEI,Sarıyer,6,21.18,25.91,27.16,9.24,12.59,13.9,129.0,106.0,95.0
ssp585,2070-2099,SPEI,Sarıyer,9,30.93,37.26,39.34,12.61,16.98,18.78,145.0,119.0,109.0
ssp585,2070-2099,SPEI,Sarıyer,12,40.25,47.4,49.88,16.2,22.76,25.37,148.0,108.0,97.0
ssp585,2070-2099,SPEI,Tekirdağ,3,12.77,13.49,13.63,5.23,7.44,8.34,144.0,81.0,63.0
ssp585,2070-2099,SPEI,Tekirdağ,6,24.45,26.97,27.75,10.14,14.18,15.64,141.0,90.0,77.0
ssp585,2070-2099,SPEI,Tekirdağ,9,35.44,39.51,40.79,13.89,21.17,24.34,155.0,87.0,68.0
ssp585,2070-2099,SPEI,Tekirdağ,12,45.24,50.27,51.85,17.12,27.16,31.21,164.0,85.0,66.0
ssp585,2070-2099,SPEI,Uzunköprü,3,16.85,22.76,25.26,5.42,7.66,8.56,211.0,197.0,195.0
ssp585,2070-2099,SPEI,Uzunköprü,6,26.87,27.66,27.67,9.87,13.71,15.23,172.0,102.0,82.0
ssp585,2070-2099,SPEI,Uzunköprü,9,37.83,39.72,40.04,13.86,20.37,23.03,173.0,95.0,74.0
ssp585,2070-2099,SPEI,Uzunköprü,12,47.47,49.99,50.43,16.92,24.9,28.14,181.0,101.0,79.0
ssp585,2070-2099,SPEI,Çorlu,3,12.47,14.37,15.05,5.43,8.08,9.18,130.0,78.0,64.0
ssp585,2070-2099,SPEI,Çorlu,6,23.12,25.31,26.22,10.09,16.01,18.75,129.0,58.0,40.0
ssp585,2070-2099,SPEI,Çorlu,9,33.26,36.66,37.48,14.17,22.24,26.06,135.0,65.0,44.0
ssp585,2070-2099,SPEI,Çorlu,12,41.99,46.23,47.32,17.46,27.96,33.41,140.0,65.0,42.0
ssp585,2070-2099,SPEI,İpsala,3,12.8,12.98,13.0,5.49,7.8,8.63,133.0,66.0,51.0
ssp585,2070-2099,SPEI,İpsala,6,24.13,25.0,25.13,9.5,13.82,15.41,154.0,81.0,63.0
ssp585,2070-2099,SPEI,İpsala,9,34.8,36.32,36.56,13.62,19.71,21.91,156.0,84.0,67.0
ssp585,2070-2099,SPEI,İpsala,12,45.26,47.39,47.74,16.2,27.49,32.84,179.0,72.0,45.0
ssp585,2070-2099,SPI,Edirne,3,7.85,10.93,12.22,4.57,5.93,6.41,72.0,84.0,91.0
ssp585,2070-2099,SPI,Edirne,6,14.67,20.65,23.12,8.07,9.41,9.74,82.0,119.0,137.0
ssp585,2070-2099,SPI,Edirne,9,21.32,31.15,35.18,11.08,13.65,14.52,92.0,128.0,142.0
ssp585,2070-2099,SPI,Edirne,12,27.82,37.7,39.87,13.53,17.02,18.39,106.0,122.0,117.0
ssp585,2070-2099,SPI,Kırklareli,3,7.31,10.16,11.36,4.66,7.11,8.14,57.0,43.0,40.0
ssp585,2070-2099,SPI,Kırklareli,6,13.79,19.0,21.19,8.88,15.78,19.42,55.0,20.0,9.0
ssp585,2070-2099,SPI,Kırklareli,9,20.53,30.0,31.96,12.79,23.1,28.62,61.0,30.0,12.0
ssp585,2070-2099,SPI,Kırklareli,12,26.33,35.51,37.14,16.64,27.09,31.32,58.0,31.0,19.0
ssp585,2070-2099,SPI,Lüleburgaz,3,6.62,9.96,11.52,5.07,7.01,7.8,31.0,42.0,48.0
ssp585,2070-2099,SPI,Lüleburgaz,6,13.01,18.6,20.95,9.08,12.55,13.94,43.0,48.0,50.0
ssp585,2070-2099,SPI,Lüleburgaz,9,18.99,26.84,29.89,12.29,16.69,18.42,55.0,61.0,62.0
ssp585,2070-2099,SPI,Lüleburgaz,12,24.45,32.93,36.18,15.5,21.1,23.29,58.0,56.0,55.0
ssp585,2070-2099,SPI,Sarıyer,3,7.3,8.85,9.31,5.29,7.08,7.76,38.0,25.0,20.0
ssp585,2070-2099,SPI,Sarıyer,6,13.73,17.65,19.04,9.12,12.63,14.06,51.0,40.0,35.0
ssp585,2070-2099,SPI,Sarıyer,9,19.28,23.67,25.18,12.58,17.36,19.26,53.0,36.0,31.0
ssp585,2070-2099,SPI,Sarıyer,12,24.24,29.85,31.77,15.41,22.16,24.82,57.0,35.0,28.0
ssp585,2070-2099,SPI,Tekirdağ,3,6.69,8.03,8.45,5.17,7.82,8.83,29.0,3.0,-4.0
ssp585,2070-2099,SPI,Tekirdağ,6,11.99,13.58,13.98,9.28,12.58,13.9,29.0,8.0,1.0
ssp585,2070-2099,SPI,Tekirdağ,9,17.46,19.08,19.61,12.95,18.24,20.41,35.0,5.0,-4.0
ssp585,2070-2099,SPI,Tekirdağ,12,22.46,24.42,24.79,15.48,22.55,25.84,45.0,8.0,-4.0
ssp585,2070-2099,SPI,Uzunköprü,3,6.29,9.06,10.21,5.23,6.47,6.78,20.0,40.0,51.0
ssp585,2070-2099,SPI,Uzunköprü,6,12.02,17.12,19.22,9.64,12.1,12.77,25.0,41.0,51.0
ssp585,2070-2099,SPI,Uzunköprü,9,17.74,25.04,27.97,13.5,17.01,18.16,31.0,47.0,54.0
ssp585,2070-2099,SPI,Uzunköprü,12,22.84,30.33,33.16,16.71,22.18,24.14,37.0,37.0,37.0
ssp585,2070-2099,SPI,Çorlu,3,6.58,7.69,8.06,5.19,7.44,8.27,27.0,3.0,-3.0
ssp585,2070-2099,SPI,Çorlu,6,12.58,15.09,15.95,9.47,13.69,15.39,33.0,10.0,4.0
ssp585,2070-2099,SPI,Çorlu,9,18.51,23.26,25.2,13.34,17.98,19.83,39.0,29.0,27.0
ssp585,2070-2099,SPI,Çorlu,12,23.21,29.01,31.34,17.25,24.84,27.76,35.0,17.0,13.0
ssp585,2070-2099,SPI,İpsala,3,5.6,7.26,7.9,4.97,6.56,7.19,13.0,11.0,10.0
ssp585,2070-2099,SPI,İpsala,6,10.23,14.04,15.65,9.41,13.83,15.67,9.0,2.0,-0.0
ssp585,2070-2099,SPI,İpsala,9,14.59,18.83,20.58,13.42,21.5,25.17,9.0,-12.0,-18.0
ssp585,2070-2099,SPI,İpsala,12,19.6,27.49,30.79,16.49,27.17,32.39,19.0,1.0,-5.0
