model,ssp,name,indeks,pencere,D,n_nonzero,P0,dagilim,T10,T50,T100
ACCESS-CM2,ssp245,Edirne,SPI,2030-2059,3,27,0.1,Normal,6.04,7.45,7.95
ACCESS-CM2,ssp245,Edirne,SPI,2030-2059,6,22,0.267,Lojistik,10.89,13.62,14.74
ACCESS-CM2,ssp245,Edirne,SPI,2030-2059,9,19,0.367,Lojistik,15.37,18.73,20.09
ACCESS-CM2,ssp245,Edirne,SPI,2030-2059,12,17,0.433,Lojistik,18.74,22.53,24.05
ACCESS-CM2,ssp245,Edirne,SPI,2070-2099,3,17,0.433,GEV,3.78,6.9,8.59
ACCESS-CM2,ssp245,Edirne,SPI,2070-2099,6,12,0.6,GEV,7.72,11.47,12.95
ACCESS-CM2,ssp245,Edirne,SPEI,2030-2059,3,30,0.0,Normal,10.97,13.08,13.82
ACCESS-CM2,ssp245,Edirne,SPEI,2030-2059,6,29,0.033,Weibull3,20.5,24.43,25.76
ACCESS-CM2,ssp245,Edirne,SPEI,2030-2059,9,25,0.167,Normal,29.98,35.83,37.87
ACCESS-CM2,ssp245,Edirne,SPEI,2030-2059,12,23,0.233,Lojistik,38.72,48.16,52.04
ACCESS-CM2,ssp245,Edirne,SPEI,2070-2099,3,29,0.033,Weibull3,11.03,14.34,15.58
ACCESS-CM2,ssp245,Edirne,SPEI,2070-2099,6,29,0.033,Normal,20.36,24.99,26.61
ACCESS-CM2,ssp245,Edirne,SPEI,2070-2099,9,25,0.167,GEV,29.89,34.86,36.21
ACCESS-CM2,ssp245,Edirne,SPEI,2070-2099,12,22,0.267,GEV,38.59,43.53,44.66
ACCESS-CM2,ssp245,Kırklareli,SPI,2030-2059,3,27,0.1,Lojistik,5.79,7.39,8.05
ACCESS-CM2,ssp245,Kırklareli,SPI,2030-2059,6,23,0.233,Normal,10.89,13.22,14.03
ACCESS-CM2,ssp245,Kırklareli,SPI,2030-2059,9,20,0.333,Lojistik,15.71,19.75,21.39
ACCESS-CM2,ssp245,Kırklareli,SPI,2030-2059,12,17,0.433,Gumbel,19.5,25.66,28.23
ACCESS-CM2,ssp245,Kırklareli,SPI,2070-2099,3,16,0.467,Gumbel,3.89,5.93,6.77
ACCESS-CM2,ssp245,Kırklareli,SPI,2070-2099,6,15,0.5,Lojistik,7.32,10.42,11.66
ACCESS-CM2,ssp245,Kırklareli,SPEI,2030-2059,3,30,0.0,Normal,11.09,13.14,13.87
ACCESS-CM2,ssp245,Kırklareli,SPEI,2030-2059,6,29,0.033,GEV,21.0,23.56,24.2
ACCESS-CM2,ssp245,Kırklareli,SPEI,2030-2059,9,28,0.067,GEV,29.71,33.61,34.62
ACCESS-CM2,ssp245,Kırklareli,SPEI,2030-2059,12,26,0.133,Normal,37.87,44.92,47.39
ACCESS-CM2,ssp245,Kırklareli,SPEI,2070-2099,3,29,0.033,Weibull3,10.89,14.02,15.18
ACCESS-CM2,ssp245,Kırklareli,SPEI,2070-2099,6,29,0.033,GEV,20.22,22.86,23.5
ACCESS-CM2,ssp245,Kırklareli,SPEI,2070-2099,9,25,0.167,GEV,29.0,32.37,33.14
ACCESS-CM2,ssp245,Kırklareli,SPEI,2070-2099,12,23,0.233,GEV,37.2,41.89,42.98
ACCESS-CM2,ssp245,Lüleburgaz,SPI,2030-2059,3,25,0.167,Normal,5.0,6.29,6.74
ACCESS-CM2,ssp245,Lüleburgaz,SPI,2030-2059,6,20,0.333,Normal,9.33,11.6,12.38
ACCESS-CM2,ssp245,Lüleburgaz,SPI,2030-2059,9,18,0.4,Lojistik,13.38,17.18,18.71
ACCESS-CM2,ssp245,Lüleburgaz,SPI,2030-2059,12,14,0.533,Lojistik,16.47,21.11,22.95
ACCESS-CM2,ssp245,Lüleburgaz,SPI,2070-2099,3,14,0.533,GEV,3.13,6.5,8.56
ACCESS-CM2,ssp245,Lüleburgaz,SPEI,2030-2059,3,29,0.033,Lojistik,13.23,17.64,19.47
ACCESS-CM2,ssp245,Lüleburgaz,SPEI,2030-2059,6,28,0.067,Lojistik,22.18,29.17,32.06
ACCESS-CM2,ssp245,Lüleburgaz,SPEI,2030-2059,9,25,0.167,LN3,31.95,40.83,44.1
ACCESS-CM2,ssp245,Lüleburgaz,SPEI,2030-2059,12,21,0.3,Gumbel,41.16,57.8,64.78
ACCESS-CM2,ssp245,Lüleburgaz,SPEI,2070-2099,3,29,0.033,Gamma3,13.46,19.45,21.89
ACCESS-CM2,ssp245,Lüleburgaz,SPEI,2070-2099,6,27,0.1,Normal,22.54,28.41,30.47
ACCESS-CM2,ssp245,Lüleburgaz,SPEI,2070-2099,9,24,0.2,Normal,32.32,40.52,43.37
ACCESS-CM2,ssp245,Lüleburgaz,SPEI,2070-2099,12,21,0.3,GEV,41.81,49.4,51.31
ACCESS-CM2,ssp245,Sarıyer,SPI,2030-2059,3,25,0.167,Weibull3,7.47,10.25,11.3
ACCESS-CM2,ssp245,Sarıyer,SPI,2030-2059,6,21,0.3,Normal,13.67,17.33,18.59
ACCESS-CM2,ssp245,Sarıyer,SPI,2030-2059,9,17,0.433,Weibull3,19.64,26.92,29.61
ACCESS-CM2,ssp245,Sarıyer,SPI,2030-2059,12,15,0.5,GEV,23.91,37.13,43.88
ACCESS-CM2,ssp245,Sarıyer,SPI,2070-2099,3,20,0.333,Weibull3,4.87,6.86,7.6
ACCESS-CM2,ssp245,Sarıyer,SPI,2070-2099,6,17,0.433,Weibull3,9.26,14.28,16.28
ACCESS-CM2,ssp245,Sarıyer,SPI,2070-2099,9,14,0.533,GEV,14.15,16.36,16.77
ACCESS-CM2,ssp245,Sarıyer,SPI,2070-2099,12,12,0.6,Lojistik,17.47,23.11,25.31
ACCESS-CM2,ssp245,Sarıyer,SPEI,2030-2059,3,30,0.0,Lojistik,9.52,12.06,13.11
ACCESS-CM2,ssp245,Sarıyer,SPEI,2030-2059,6,27,0.1,GEV,17.59,22.19,23.88
ACCESS-CM2,ssp245,Sarıyer,SPEI,2030-2059,9,24,0.2,Gamma3,26.01,35.44,39.37
ACCESS-CM2,ssp245,Sarıyer,SPEI,2030-2059,12,23,0.233,LN3,33.79,47.7,54.11
ACCESS-CM2,ssp245,Sarıyer,SPEI,2070-2099,3,29,0.033,Weibull3,8.85,10.82,11.51
ACCESS-CM2,ssp245,Sarıyer,SPEI,2070-2099,6,27,0.1,Weibull3,16.64,19.95,21.08
ACCESS-CM2,ssp245,Sarıyer,SPEI,2070-2099,9,27,0.1,Weibull3,24.14,28.86,30.46
ACCESS-CM2,ssp245,Sarıyer,SPEI,2070-2099,12,25,0.167,Gamma3,31.5,37.6,39.76
ACCESS-CM2,ssp245,Tekirdağ,SPI,2030-2059,3,26,0.133,Gumbel,6.33,9.11,10.29
ACCESS-CM2,ssp245,Tekirdağ,SPI,2030-2059,6,23,0.233,GEV,10.6,11.84,12.1
ACCESS-CM2,ssp245,Tekirdağ,SPI,2030-2059,9,19,0.367,GEV,14.6,16.11,16.44
ACCESS-CM2,ssp245,Tekirdağ,SPI,2030-2059,12,16,0.467,Lojistik,18.27,21.78,23.19
ACCESS-CM2,ssp245,Tekirdağ,SPI,2070-2099,3,16,0.467,GEV,3.17,4.95,5.75
ACCESS-CM2,ssp245,Tekirdağ,SPEI,2030-2059,3,30,0.0,Lojistik,9.41,11.73,12.7
ACCESS-CM2,ssp245,Tekirdağ,SPEI,2030-2059,6,27,0.1,Weibull3,18.2,21.64,22.81
ACCESS-CM2,ssp245,Tekirdağ,SPEI,2030-2059,9,25,0.167,Weibull3,26.4,30.92,32.42
ACCESS-CM2,ssp245,Tekirdağ,SPEI,2030-2059,12,24,0.2,Gamma3,33.82,45.37,50.19
ACCESS-CM2,ssp245,Tekirdağ,SPEI,2070-2099,3,29,0.033,GEV,8.34,9.92,10.41
ACCESS-CM2,ssp245,Tekirdağ,SPEI,2070-2099,6,29,0.033,Weibull3,15.79,18.72,19.71
ACCESS-CM2,ssp245,Tekirdağ,SPEI,2070-2099,9,28,0.067,GEV,22.74,25.98,26.86
ACCESS-CM2,ssp245,Tekirdağ,SPEI,2070-2099,12,26,0.133,GEV,29.59,32.96,33.77
ACCESS-CM2,ssp245,Uzunköprü,SPI,2030-2059,3,26,0.133,GEV,4.99,6.33,6.78
ACCESS-CM2,ssp245,Uzunköprü,SPI,2030-2059,6,22,0.267,Lojistik,9.13,11.75,12.83
ACCESS-CM2,ssp245,Uzunköprü,SPI,2030-2059,9,18,0.4,Lojistik,13.08,16.57,17.98
ACCESS-CM2,ssp245,Uzunköprü,SPI,2030-2059,12,16,0.467,Gumbel,16.22,21.95,24.33
ACCESS-CM2,ssp245,Uzunköprü,SPI,2070-2099,3,12,0.6,GEV,3.13,6.03,7.61
ACCESS-CM2,ssp245,Uzunköprü,SPEI,2030-2059,3,29,0.033,Weibull3,11.08,14.85,16.29
ACCESS-CM2,ssp245,Uzunköprü,SPEI,2030-2059,6,28,0.067,Lojistik,19.82,25.59,27.98
ACCESS-CM2,ssp245,Uzunköprü,SPEI,2030-2059,9,25,0.167,Lojistik,27.14,34.57,37.63
ACCESS-CM2,ssp245,Uzunköprü,SPEI,2030-2059,12,24,0.2,Lojistik,33.51,42.93,46.8
ACCESS-CM2,ssp245,Uzunköprü,SPEI,2070-2099,3,29,0.033,Gamma3,10.57,15.62,17.7
ACCESS-CM2,ssp245,Uzunköprü,SPEI,2070-2099,6,26,0.133,Weibull3,20.81,31.26,35.46
ACCESS-CM2,ssp245,Uzunköprü,SPEI,2070-2099,9,22,0.267,LN3,27.71,37.47,41.23
ACCESS-CM2,ssp245,Uzunköprü,SPEI,2070-2099,12,19,0.367,Lojistik,34.21,44.98,49.34
ACCESS-CM2,ssp245,Çorlu,SPI,2030-2059,3,26,0.133,Gumbel,6.65,9.34,10.47
ACCESS-CM2,ssp245,Çorlu,SPI,2030-2059,6,24,0.2,GEV,11.45,12.33,12.48
ACCESS-CM2,ssp245,Çorlu,SPI,2030-2059,9,20,0.333,Weibull3,15.83,17.58,18.1
ACCESS-CM2,ssp245,Çorlu,SPI,2030-2059,12,18,0.4,Weibull3,20.1,22.31,22.96
ACCESS-CM2,ssp245,Çorlu,SPI,2070-2099,3,19,0.367,GEV,3.72,5.69,6.58
ACCESS-CM2,ssp245,Çorlu,SPI,2070-2099,6,14,0.533,Gumbel,7.13,10.66,12.12
ACCESS-CM2,ssp245,Çorlu,SPEI,2030-2059,3,30,0.0,Gumbel,10.91,14.82,16.48
ACCESS-CM2,ssp245,Çorlu,SPEI,2030-2059,6,28,0.067,Gumbel,21.44,29.48,32.87
ACCESS-CM2,ssp245,Çorlu,SPEI,2030-2059,9,26,0.133,Gumbel,30.1,40.65,45.1
ACCESS-CM2,ssp245,Çorlu,SPEI,2030-2059,12,26,0.133,Gumbel,36.88,48.94,54.02
ACCESS-CM2,ssp245,Çorlu,SPEI,2070-2099,3,29,0.033,LN3,10.47,15.32,17.55
ACCESS-CM2,ssp245,Çorlu,SPEI,2070-2099,6,29,0.033,Weibull3,18.8,23.85,25.7
ACCESS-CM2,ssp245,Çorlu,SPEI,2070-2099,9,27,0.1,Weibull3,26.92,33.23,35.46
ACCESS-CM2,ssp245,Çorlu,SPEI,2070-2099,12,25,0.167,Normal,34.01,40.89,43.29
ACCESS-CM2,ssp245,İpsala,SPI,2030-2059,3,25,0.167,Weibull3,5.03,6.74,7.37
ACCESS-CM2,ssp245,İpsala,SPI,2030-2059,6,22,0.267,GEV,8.86,10.52,10.98
ACCESS-CM2,ssp245,İpsala,SPI,2030-2059,9,18,0.4,GEV,12.47,14.35,14.82
ACCESS-CM2,ssp245,İpsala,SPI,2030-2059,12,13,0.567,GEV,14.9,19.61,22.04
ACCESS-CM2,ssp245,İpsala,SPI,2070-2099,3,13,0.567,GEV,2.32,4.89,6.68
ACCESS-CM2,ssp245,İpsala,SPEI,2030-2059,3,30,0.0,GEV,10.09,11.66,12.07
ACCESS-CM2,ssp245,İpsala,SPEI,2030-2059,6,27,0.1,Weibull3,17.65,20.51,21.43
ACCESS-CM2,ssp245,İpsala,SPEI,2030-2059,9,23,0.233,GEV,24.89,29.44,30.87
ACCESS-CM2,ssp245,İpsala,SPEI,2030-2059,12,22,0.267,Gumbel,30.74,39.56,43.26
ACCESS-CM2,ssp245,İpsala,SPEI,2070-2099,3,29,0.033,GEV,8.99,11.97,13.11
ACCESS-CM2,ssp245,İpsala,SPEI,2070-2099,6,28,0.067,LN3,15.76,21.26,23.52
ACCESS-CM2,ssp245,İpsala,SPEI,2070-2099,9,28,0.067,GEV,21.69,27.25,29.17
ACCESS-CM2,ssp245,İpsala,SPEI,2070-2099,12,24,0.2,Lojistik,27.77,35.01,37.99
ACCESS-CM2,ssp585,Edirne,SPI,2030-2059,3,20,0.333,Lojistik,4.38,5.75,6.31
ACCESS-CM2,ssp585,Edirne,SPI,2030-2059,6,14,0.533,LN3,8.13,10.83,11.79
ACCESS-CM2,ssp585,Edirne,SPI,2070-2099,3,26,0.133,GEV,6.92,7.88,8.12
ACCESS-CM2,ssp585,Edirne,SPI,2070-2099,6,25,0.167,GEV,12.39,14.04,14.45
ACCESS-CM2,ssp585,Edirne,SPI,2070-2099,9,23,0.233,GEV,17.05,18.26,18.47
ACCESS-CM2,ssp585,Edirne,SPI,2070-2099,12,21,0.3,GEV,21.12,24.29,25.13
ACCESS-CM2,ssp585,Edirne,SPEI,2030-2059,3,26,0.133,Lojistik,9.62,12.0,12.98
ACCESS-CM2,ssp585,Edirne,SPEI,2030-2059,6,25,0.167,Gamma3,18.0,22.06,23.56
ACCESS-CM2,ssp585,Edirne,SPEI,2030-2059,9,22,0.267,Weibull3,26.21,35.21,38.85
ACCESS-CM2,ssp585,Edirne,SPEI,2030-2059,12,21,0.3,LN3,33.36,42.31,45.84
ACCESS-CM2,ssp585,Edirne,SPEI,2070-2099,3,30,0.0,Lojistik,15.49,17.02,17.65
ACCESS-CM2,ssp585,Edirne,SPEI,2070-2099,6,30,0.0,Lojistik,31.02,34.61,36.09
ACCESS-CM2,ssp585,Edirne,SPEI,2070-2099,9,30,0.0,Lojistik,45.43,50.3,52.32
ACCESS-CM2,ssp585,Edirne,SPEI,2070-2099,12,30,0.0,Lojistik,58.85,64.53,66.89
ACCESS-CM2,ssp585,Kırklareli,SPI,2030-2059,3,20,0.333,Lojistik,4.47,5.8,6.34
ACCESS-CM2,ssp585,Kırklareli,SPI,2030-2059,6,18,0.4,LN3,8.01,10.71,11.73
ACCESS-CM2,ssp585,Kırklareli,SPI,2070-2099,3,26,0.133,GEV,6.73,7.74,8.01
ACCESS-CM2,ssp585,Kırklareli,SPI,2070-2099,6,25,0.167,GEV,12.12,13.32,13.57
ACCESS-CM2,ssp585,Kırklareli,SPI,2070-2099,9,22,0.267,GEV,16.81,17.99,18.2
ACCESS-CM2,ssp585,Kırklareli,SPI,2070-2099,12,21,0.3,GEV,20.66,23.45,24.14
ACCESS-CM2,ssp585,Kırklareli,SPEI,2030-2059,3,26,0.133,Normal,10.13,12.22,12.95
ACCESS-CM2,ssp585,Kırklareli,SPEI,2030-2059,6,25,0.167,Weibull3,18.2,21.35,22.42
ACCESS-CM2,ssp585,Kırklareli,SPEI,2030-2059,9,20,0.333,Gamma3,25.69,30.69,32.51
ACCESS-CM2,ssp585,Kırklareli,SPEI,2030-2059,12,20,0.333,Gamma3,33.27,39.93,42.32
ACCESS-CM2,ssp585,Kırklareli,SPEI,2070-2099,3,30,0.0,Lojistik,15.15,16.51,17.07
ACCESS-CM2,ssp585,Kırklareli,SPEI,2070-2099,6,30,0.0,GEV,28.03,28.26,28.29
ACCESS-CM2,ssp585,Kırklareli,SPEI,2070-2099,9,30,0.0,Weibull3,41.9,43.65,44.19
ACCESS-CM2,ssp585,Kırklareli,SPEI,2070-2099,12,30,0.0,Lojistik,57.08,62.72,65.06
ACCESS-CM2,ssp585,Lüleburgaz,SPI,2030-2059,3,18,0.4,Lojistik,3.71,4.93,5.43
ACCESS-CM2,ssp585,Lüleburgaz,SPI,2030-2059,6,13,0.567,GEV,6.26,9.84,11.7
ACCESS-CM2,ssp585,Lüleburgaz,SPI,2070-2099,3,25,0.167,GEV,5.71,6.57,6.78
ACCESS-CM2,ssp585,Lüleburgaz,SPI,2070-2099,6,23,0.233,GEV,10.45,11.79,12.09
ACCESS-CM2,ssp585,Lüleburgaz,SPI,2070-2099,9,20,0.333,GEV,14.57,15.82,16.04
ACCESS-CM2,ssp585,Lüleburgaz,SPI,2070-2099,12,18,0.4,Weibull3,17.5,19.7,20.34
ACCESS-CM2,ssp585,Lüleburgaz,SPEI,2030-2059,3,25,0.167,Weibull3,10.83,14.97,16.53
ACCESS-CM2,ssp585,Lüleburgaz,SPEI,2030-2059,6,24,0.2,GEV,17.81,24.13,26.59
ACCESS-CM2,ssp585,Lüleburgaz,SPEI,2030-2059,9,20,0.333,LN3,24.91,35.12,39.52
ACCESS-CM2,ssp585,Lüleburgaz,SPEI,2030-2059,12,19,0.367,Gumbel,32.03,45.01,50.43
ACCESS-CM2,ssp585,Lüleburgaz,SPEI,2070-2099,3,30,0.0,Gumbel,19.08,23.87,25.9
ACCESS-CM2,ssp585,Lüleburgaz,SPEI,2070-2099,6,30,0.0,Lojistik,31.21,34.44,35.79
ACCESS-CM2,ssp585,Lüleburgaz,SPEI,2070-2099,9,30,0.0,Lojistik,46.19,51.2,53.27
ACCESS-CM2,ssp585,Lüleburgaz,SPEI,2070-2099,12,30,0.0,Lojistik,59.23,65.29,67.8
ACCESS-CM2,ssp585,Sarıyer,SPI,2030-2059,3,24,0.2,Lojistik,5.03,6.84,7.59
ACCESS-CM2,ssp585,Sarıyer,SPI,2030-2059,6,17,0.433,Lojistik,8.83,11.68,12.83
ACCESS-CM2,ssp585,Sarıyer,SPI,2030-2059,9,12,0.6,GEV,11.31,24.26,34.28
ACCESS-CM2,ssp585,Sarıyer,SPI,2070-2099,3,25,0.167,Lojistik,6.7,8.36,9.05
ACCESS-CM2,ssp585,Sarıyer,SPI,2070-2099,6,23,0.233,Lojistik,12.45,15.08,16.17
ACCESS-CM2,ssp585,Sarıyer,SPI,2070-2099,9,22,0.267,Lojistik,18.37,22.43,24.09
ACCESS-CM2,ssp585,Sarıyer,SPI,2070-2099,12,20,0.333,Lojistik,23.61,29.29,31.6
ACCESS-CM2,ssp585,Sarıyer,SPEI,2030-2059,3,30,0.0,Normal,8.15,9.93,10.55
ACCESS-CM2,ssp585,Sarıyer,SPEI,2030-2059,6,27,0.1,Lojistik,14.94,18.7,20.25
ACCESS-CM2,ssp585,Sarıyer,SPEI,2030-2059,9,24,0.2,Lojistik,21.06,25.7,27.61
ACCESS-CM2,ssp585,Sarıyer,SPEI,2030-2059,12,24,0.2,GEV,28.25,35.91,38.92
ACCESS-CM2,ssp585,Sarıyer,SPEI,2070-2099,3,30,0.0,GEV,13.29,14.03,14.18
ACCESS-CM2,ssp585,Sarıyer,SPEI,2070-2099,6,30,0.0,GEV,25.34,26.86,27.16
ACCESS-CM2,ssp585,Sarıyer,SPEI,2070-2099,9,30,0.0,GEV,36.81,38.91,39.34
ACCESS-CM2,ssp585,Sarıyer,SPEI,2070-2099,12,30,0.0,GEV,47.51,49.77,50.21
ACCESS-CM2,ssp585,Tekirdağ,SPI,2030-2059,3,24,0.2,LN3,5.29,8.58,10.16
ACCESS-CM2,ssp585,Tekirdağ,SPI,2030-2059,6,18,0.4,GEV,8.92,14.22,16.85
ACCESS-CM2,ssp585,Tekirdağ,SPI,2030-2059,9,14,0.533,Lojistik,13.53,18.55,20.54
ACCESS-CM2,ssp585,Tekirdağ,SPI,2030-2059,12,13,0.567,Normal,17.81,23.58,25.47
ACCESS-CM2,ssp585,Tekirdağ,SPI,2070-2099,3,24,0.2,Normal,6.05,7.22,7.62
ACCESS-CM2,ssp585,Tekirdağ,SPI,2070-2099,6,23,0.233,GEV,11.59,13.45,13.96
ACCESS-CM2,ssp585,Tekirdağ,SPI,2070-2099,9,19,0.367,Weibull3,16.66,18.94,19.61
ACCESS-CM2,ssp585,Tekirdağ,SPI,2070-2099,12,14,0.533,GEV,20.75,22.14,22.37
ACCESS-CM2,ssp585,Tekirdağ,SPEI,2030-2059,3,28,0.067,Lojistik,9.09,11.38,12.33
ACCESS-CM2,ssp585,Tekirdağ,SPEI,2030-2059,6,26,0.133,Weibull3,17.09,21.2,22.68
ACCESS-CM2,ssp585,Tekirdağ,SPEI,2030-2059,9,23,0.233,Weibull3,25.14,30.33,32.1
ACCESS-CM2,ssp585,Tekirdağ,SPEI,2030-2059,12,21,0.3,Gumbel,33.08,43.77,48.24
ACCESS-CM2,ssp585,Tekirdağ,SPEI,2070-2099,3,30,0.0,GEV,13.76,14.18,14.25
ACCESS-CM2,ssp585,Tekirdağ,SPEI,2070-2099,6,30,0.0,GEV,26.82,27.88,28.08
ACCESS-CM2,ssp585,Tekirdağ,SPEI,2070-2099,9,30,0.0,GEV,39.46,40.94,41.21
ACCESS-CM2,ssp585,Tekirdağ,SPEI,2070-2099,12,30,0.0,Weibull3,51.67,56.55,58.16
ACCESS-CM2,ssp585,Uzunköprü,SPI,2030-2059,3,19,0.367,Lojistik,3.62,4.85,5.35
ACCESS-CM2,ssp585,Uzunköprü,SPI,2030-2059,6,12,0.6,Gamma3,6.52,9.93,11.3
ACCESS-CM2,ssp585,Uzunköprü,SPI,2070-2099,3,25,0.167,GEV,5.82,6.74,6.98
ACCESS-CM2,ssp585,Uzunköprü,SPI,2070-2099,6,24,0.2,Weibull3,10.59,13.26,14.19
ACCESS-CM2,ssp585,Uzunköprü,SPI,2070-2099,9,23,0.233,Gumbel,14.95,20.87,23.36
ACCESS-CM2,ssp585,Uzunköprü,SPI,2070-2099,12,18,0.4,GEV,17.6,20.36,21.03
ACCESS-CM2,ssp585,Uzunköprü,SPEI,2030-2059,3,26,0.133,LN3,9.24,12.56,13.9
ACCESS-CM2,ssp585,Uzunköprü,SPEI,2030-2059,6,24,0.2,LN3,16.09,20.89,22.77
ACCESS-CM2,ssp585,Uzunköprü,SPEI,2030-2059,9,21,0.3,GEV,21.79,30.48,34.49
ACCESS-CM2,ssp585,Uzunköprü,SPEI,2030-2059,12,20,0.333,Gumbel,28.08,38.12,42.33
ACCESS-CM2,ssp585,Uzunköprü,SPEI,2070-2099,3,30,0.0,Gumbel,18.87,24.24,26.51
ACCESS-CM2,ssp585,Uzunköprü,SPEI,2070-2099,6,30,0.0,GEV,27.51,27.66,27.67
ACCESS-CM2,ssp585,Uzunköprü,SPEI,2070-2099,9,30,0.0,GEV,40.44,41.27,41.41
ACCESS-CM2,ssp585,Uzunköprü,SPEI,2070-2099,12,30,0.0,GEV,52.22,53.3,53.47
ACCESS-CM2,ssp585,Çorlu,SPI,2030-2059,3,25,0.167,GEV,5.43,8.99,10.92
ACCESS-CM2,ssp585,Çorlu,SPI,2030-2059,6,21,0.3,GEV,9.67,14.18,16.14
ACCESS-CM2,ssp585,Çorlu,SPI,2030-2059,9,16,0.467,LN3,14.51,21.52,24.61
ACCESS-CM2,ssp585,Çorlu,SPI,2030-2059,12,14,0.533,GEV,18.83,25.81,28.36
ACCESS-CM2,ssp585,Çorlu,SPI,2070-2099,3,25,0.167,Weibull3,6.58,7.69,8.06
ACCESS-CM2,ssp585,Çorlu,SPI,2070-2099,6,24,0.2,Weibull3,12.58,15.09,15.95
ACCESS-CM2,ssp585,Çorlu,SPI,2070-2099,9,20,0.333,Lojistik,18.51,23.26,25.2
ACCESS-CM2,ssp585,Çorlu,SPI,2070-2099,12,17,0.433,Lojistik,23.21,29.01,31.34
ACCESS-CM2,ssp585,Çorlu,SPEI,2030-2059,3,28,0.067,Gumbel,10.93,15.12,16.9
ACCESS-CM2,ssp585,Çorlu,SPEI,2030-2059,6,28,0.067,LN3,18.62,22.79,24.28
ACCESS-CM2,ssp585,Çorlu,SPEI,2030-2059,9,24,0.2,Weibull3,27.42,33.63,35.86
ACCESS-CM2,ssp585,Çorlu,SPEI,2030-2059,12,24,0.2,Gumbel,36.15,48.09,53.12
ACCESS-CM2,ssp585,Çorlu,SPEI,2070-2099,3,30,0.0,GEV,13.92,14.2,14.24
ACCESS-CM2,ssp585,Çorlu,SPEI,2070-2099,6,30,0.0,GEV,26.02,26.63,26.72
ACCESS-CM2,ssp585,Çorlu,SPEI,2070-2099,9,30,0.0,Weibull3,38.15,40.16,40.78
ACCESS-CM2,ssp585,Çorlu,SPEI,2070-2099,12,30,0.0,Weibull3,49.48,52.51,53.46
ACCESS-CM2,ssp585,İpsala,SPI,2030-2059,3,23,0.233,LN3,4.49,8.36,10.46
ACCESS-CM2,ssp585,İpsala,SPI,2030-2059,6,18,0.4,GEV,7.74,14.2,17.82
ACCESS-CM2,ssp585,İpsala,SPI,2030-2059,9,13,0.567,GEV,11.93,17.27,19.27
ACCESS-CM2,ssp585,İpsala,SPI,2070-2099,3,24,0.2,Lojistik,4.86,6.11,6.62
ACCESS-CM2,ssp585,İpsala,SPI,2070-2099,6,23,0.233,GEV,9.26,10.67,11.02
ACCESS-CM2,ssp585,İpsala,SPI,2070-2099,9,18,0.4,Weibull3,13.37,15.06,15.55
ACCESS-CM2,ssp585,İpsala,SPI,2070-2099,12,13,0.567,GEV,16.33,17.81,18.13
ACCESS-CM2,ssp585,İpsala,SPEI,2030-2059,3,29,0.033,Weibull3,9.78,12.0,12.76
ACCESS-CM2,ssp585,İpsala,SPEI,2030-2059,6,27,0.1,Gumbel,17.22,23.35,25.93
ACCESS-CM2,ssp585,İpsala,SPEI,2030-2059,9,26,0.133,Gumbel,24.84,33.75,37.51
ACCESS-CM2,ssp585,İpsala,SPEI,2030-2059,12,25,0.167,Weibull3,31.59,38.89,41.45
ACCESS-CM2,ssp585,İpsala,SPEI,2070-2099,3,30,0.0,Weibull3,13.39,14.11,14.33
ACCESS-CM2,ssp585,İpsala,SPEI,2070-2099,6,30,0.0,GEV,25.68,27.01,27.3
ACCESS-CM2,ssp585,İpsala,SPEI,2070-2099,9,30,0.0,GEV,36.91,39.01,39.48
ACCESS-CM2,ssp585,İpsala,SPEI,2070-2099,12,30,0.0,Weibull3,48.08,52.59,54.09
GFDL-ESM4,ssp245,Edirne,SPI,2030-2059,3,19,0.367,Gamma3,5.49,7.71,8.55
GFDL-ESM4,ssp245,Edirne,SPI,2030-2059,6,14,0.533,GEV,8.33,12.35,14.23
GFDL-ESM4,ssp245,Edirne,SPI,2070-2099,3,21,0.3,GEV,5.05,5.97,6.2
GFDL-ESM4,ssp245,Edirne,SPI,2070-2099,6,15,0.5,Lojistik,8.86,11.65,12.75
GFDL-ESM4,ssp245,Edirne,SPI,2070-2099,9,12,0.6,Gumbel,11.81,16.7,18.7
GFDL-ESM4,ssp245,Edirne,SPEI,2030-2059,3,28,0.067,Weibull3,7.9,10.53,11.5
GFDL-ESM4,ssp245,Edirne,SPEI,2030-2059,6,22,0.267,Normal,13.73,16.82,17.89
GFDL-ESM4,ssp245,Edirne,SPEI,2030-2059,9,19,0.367,Weibull3,18.67,26.48,29.54
GFDL-ESM4,ssp245,Edirne,SPEI,2030-2059,12,13,0.567,GEV,23.13,29.14,30.95
GFDL-ESM4,ssp245,Edirne,SPEI,2070-2099,3,30,0.0,Weibull3,9.29,12.05,13.05
GFDL-ESM4,ssp245,Edirne,SPEI,2070-2099,6,25,0.167,LN3,16.73,22.13,24.25
GFDL-ESM4,ssp245,Edirne,SPEI,2070-2099,9,23,0.233,LN3,23.94,30.51,33.0
GFDL-ESM4,ssp245,Edirne,SPEI,2070-2099,12,19,0.367,Weibull3,30.79,38.19,40.72
GFDL-ESM4,ssp245,Kırklareli,SPI,2030-2059,3,22,0.267,Weibull3,5.47,8.32,9.45
GFDL-ESM4,ssp245,Kırklareli,SPI,2030-2059,6,16,0.467,LN3,8.61,11.9,13.15
GFDL-ESM4,ssp245,Kırklareli,SPI,2070-2099,3,22,0.267,Normal,4.74,6.02,6.46
GFDL-ESM4,ssp245,Kırklareli,SPI,2070-2099,6,17,0.433,Gamma3,8.31,11.89,13.36
GFDL-ESM4,ssp245,Kırklareli,SPI,2070-2099,9,15,0.5,Gamma3,11.59,17.48,19.92
GFDL-ESM4,ssp245,Kırklareli,SPI,2070-2099,12,12,0.6,Lojistik,15.5,20.1,21.89
GFDL-ESM4,ssp245,Kırklareli,SPEI,2030-2059,3,28,0.067,Weibull3,8.48,11.41,12.5
GFDL-ESM4,ssp245,Kırklareli,SPEI,2030-2059,6,25,0.167,Weibull3,15.31,21.75,24.35
GFDL-ESM4,ssp245,Kırklareli,SPEI,2030-2059,9,23,0.233,Normal,19.8,24.2,25.72
GFDL-ESM4,ssp245,Kırklareli,SPEI,2030-2059,12,18,0.4,Normal,24.41,29.92,31.8
GFDL-ESM4,ssp245,Kırklareli,SPEI,2070-2099,3,30,0.0,Gumbel,9.24,12.73,14.21
GFDL-ESM4,ssp245,Kırklareli,SPEI,2070-2099,6,27,0.1,Weibull3,17.26,22.28,24.12
GFDL-ESM4,ssp245,Kırklareli,SPEI,2070-2099,9,26,0.133,Gamma3,23.98,31.5,34.47
GFDL-ESM4,ssp245,Kırklareli,SPEI,2070-2099,12,22,0.267,Weibull3,30.46,40.46,44.31
GFDL-ESM4,ssp245,Lüleburgaz,SPI,2030-2059,3,17,0.433,GEV,4.53,6.33,6.96
GFDL-ESM4,ssp245,Lüleburgaz,SPI,2030-2059,6,13,0.567,Gamma3,7.23,9.61,10.4
GFDL-ESM4,ssp245,Lüleburgaz,SPI,2070-2099,3,21,0.3,Lojistik,4.21,5.76,6.4
GFDL-ESM4,ssp245,Lüleburgaz,SPI,2070-2099,6,15,0.5,Gumbel,7.1,10.76,12.27
GFDL-ESM4,ssp245,Lüleburgaz,SPI,2070-2099,9,12,0.6,Gamma3,9.56,14.97,17.12
GFDL-ESM4,ssp245,Lüleburgaz,SPEI,2030-2059,3,26,0.133,LN3,8.38,15.53,19.21
GFDL-ESM4,ssp245,Lüleburgaz,SPEI,2030-2059,6,20,0.333,Gumbel,13.44,20.15,22.96
GFDL-ESM4,ssp245,Lüleburgaz,SPEI,2030-2059,9,13,0.567,Lojistik,17.36,23.04,25.27
GFDL-ESM4,ssp245,Lüleburgaz,SPEI,2070-2099,3,29,0.033,LN3,11.52,18.92,22.47
GFDL-ESM4,ssp245,Lüleburgaz,SPEI,2070-2099,6,24,0.2,LN3,19.6,35.96,44.93
GFDL-ESM4,ssp245,Lüleburgaz,SPEI,2070-2099,9,24,0.2,Weibull3,26.81,40.66,46.42
GFDL-ESM4,ssp245,Lüleburgaz,SPEI,2070-2099,12,20,0.333,LN3,32.83,60.65,76.16
GFDL-ESM4,ssp245,Sarıyer,SPI,2030-2059,3,21,0.3,Normal,5.43,6.76,7.22
GFDL-ESM4,ssp245,Sarıyer,SPI,2030-2059,6,17,0.433,Gamma3,9.75,13.18,14.43
GFDL-ESM4,ssp245,Sarıyer,SPI,2030-2059,9,13,0.567,Gamma3,12.98,16.78,18.08
GFDL-ESM4,ssp245,Sarıyer,SPI,2070-2099,3,24,0.2,Lojistik,4.62,6.14,6.76
GFDL-ESM4,ssp245,Sarıyer,SPI,2070-2099,6,16,0.467,GEV,9.02,13.77,15.93
GFDL-ESM4,ssp245,Sarıyer,SPI,2070-2099,9,13,0.567,GEV,11.53,27.1,39.87
GFDL-ESM4,ssp245,Sarıyer,SPEI,2030-2059,3,22,0.267,Weibull3,6.57,7.87,8.31
GFDL-ESM4,ssp245,Sarıyer,SPEI,2030-2059,6,20,0.333,Weibull3,12.07,14.91,15.88
GFDL-ESM4,ssp245,Sarıyer,SPEI,2030-2059,9,18,0.4,LN3,16.59,21.1,22.76
GFDL-ESM4,ssp245,Sarıyer,SPEI,2030-2059,12,14,0.533,Weibull3,21.73,25.14,26.09
GFDL-ESM4,ssp245,Sarıyer,SPEI,2070-2099,3,27,0.1,GEV,6.8,8.4,8.95
GFDL-ESM4,ssp245,Sarıyer,SPEI,2070-2099,6,23,0.233,Weibull3,12.7,16.09,17.3
GFDL-ESM4,ssp245,Sarıyer,SPEI,2070-2099,9,22,0.267,Lojistik,17.65,22.52,24.52
GFDL-ESM4,ssp245,Sarıyer,SPEI,2070-2099,12,20,0.333,LN3,23.01,30.59,33.54
GFDL-ESM4,ssp245,Tekirdağ,SPI,2030-2059,3,18,0.4,Lojistik,3.6,4.76,5.23
GFDL-ESM4,ssp245,Tekirdağ,SPI,2070-2099,3,23,0.233,Weibull3,4.97,7.2,8.06
GFDL-ESM4,ssp245,Tekirdağ,SPI,2070-2099,6,16,0.467,Weibull3,9.07,12.86,14.24
GFDL-ESM4,ssp245,Tekirdağ,SPI,2070-2099,9,13,0.567,Lojistik,12.88,17.14,18.82
GFDL-ESM4,ssp245,Tekirdağ,SPEI,2030-2059,3,24,0.2,Weibull3,5.59,6.88,7.32
GFDL-ESM4,ssp245,Tekirdağ,SPEI,2030-2059,6,18,0.4,Gamma3,9.77,13.49,14.94
GFDL-ESM4,ssp245,Tekirdağ,SPEI,2030-2059,9,16,0.467,LN3,13.29,18.11,19.97
GFDL-ESM4,ssp245,Tekirdağ,SPEI,2030-2059,12,14,0.533,Gumbel,15.61,22.37,25.16
GFDL-ESM4,ssp245,Tekirdağ,SPEI,2070-2099,3,29,0.033,Weibull3,8.03,10.29,11.12
GFDL-ESM4,ssp245,Tekirdağ,SPEI,2070-2099,6,28,0.067,Weibull3,15.1,19.16,20.61
GFDL-ESM4,ssp245,Tekirdağ,SPEI,2070-2099,9,26,0.133,LN3,21.4,29.86,33.52
GFDL-ESM4,ssp245,Tekirdağ,SPEI,2070-2099,12,24,0.2,Weibull3,26.59,33.77,36.36
GFDL-ESM4,ssp245,Uzunköprü,SPI,2030-2059,3,19,0.367,LN3,4.66,6.77,7.59
GFDL-ESM4,ssp245,Uzunköprü,SPI,2030-2059,6,13,0.567,Gamma3,7.39,9.9,10.76
GFDL-ESM4,ssp245,Uzunköprü,SPI,2070-2099,3,21,0.3,Normal,4.16,5.29,5.68
GFDL-ESM4,ssp245,Uzunköprü,SPI,2070-2099,6,17,0.433,Gamma3,6.96,9.7,10.76
GFDL-ESM4,ssp245,Uzunköprü,SPI,2070-2099,9,14,0.533,GEV,9.29,14.45,17.01
GFDL-ESM4,ssp245,Uzunköprü,SPI,2070-2099,12,12,0.6,GEV,11.75,19.35,23.6
GFDL-ESM4,ssp245,Uzunköprü,SPEI,2030-2059,3,26,0.133,LN3,7.54,12.73,15.26
GFDL-ESM4,ssp245,Uzunköprü,SPEI,2030-2059,6,20,0.333,GEV,12.45,16.12,17.31
GFDL-ESM4,ssp245,Uzunköprü,SPEI,2030-2059,9,15,0.5,GEV,16.93,19.74,20.33
GFDL-ESM4,ssp245,Uzunköprü,SPEI,2070-2099,3,28,0.067,LN3,8.64,12.4,14.0
GFDL-ESM4,ssp245,Uzunköprü,SPEI,2070-2099,6,23,0.233,Gumbel,15.43,21.75,24.41
GFDL-ESM4,ssp245,Uzunköprü,SPEI,2070-2099,9,22,0.267,Gumbel,21.51,29.9,33.42
GFDL-ESM4,ssp245,Uzunköprü,SPEI,2070-2099,12,18,0.4,Gumbel,26.81,37.01,41.26
GFDL-ESM4,ssp245,Çorlu,SPI,2030-2059,3,19,0.367,Lojistik,4.89,6.62,7.32
GFDL-ESM4,ssp245,Çorlu,SPI,2030-2059,6,15,0.5,GEV,7.86,10.41,11.35
GFDL-ESM4,ssp245,Çorlu,SPI,2070-2099,3,23,0.233,Gumbel,4.55,6.69,7.58
GFDL-ESM4,ssp245,Çorlu,SPI,2070-2099,6,16,0.467,Gamma3,8.26,12.37,14.04
GFDL-ESM4,ssp245,Çorlu,SPI,2070-2099,9,13,0.567,Gumbel,11.38,16.66,18.83
GFDL-ESM4,ssp245,Çorlu,SPEI,2030-2059,3,24,0.2,LN3,7.13,9.46,10.35
GFDL-ESM4,ssp245,Çorlu,SPEI,2030-2059,6,22,0.267,LN3,12.2,15.08,16.08
GFDL-ESM4,ssp245,Çorlu,SPEI,2030-2059,9,19,0.367,Weibull3,16.76,20.65,21.91
GFDL-ESM4,ssp245,Çorlu,SPEI,2030-2059,12,14,0.533,GEV,21.21,24.1,24.69
GFDL-ESM4,ssp245,Çorlu,SPEI,2070-2099,3,29,0.033,Gamma3,8.21,11.29,12.52
GFDL-ESM4,ssp245,Çorlu,SPEI,2070-2099,6,24,0.2,Weibull3,15.55,19.71,21.16
GFDL-ESM4,ssp245,Çorlu,SPEI,2070-2099,9,21,0.3,Weibull3,21.86,28.41,30.77
GFDL-ESM4,ssp245,Çorlu,SPEI,2070-2099,12,18,0.4,Weibull3,27.25,35.55,38.61
GFDL-ESM4,ssp245,İpsala,SPI,2030-2059,3,15,0.5,Lojistik,3.32,4.41,4.84
GFDL-ESM4,ssp245,İpsala,SPI,2070-2099,3,21,0.3,GEV,3.78,5.36,5.95
GFDL-ESM4,ssp245,İpsala,SPI,2070-2099,6,14,0.533,Weibull3,7.16,9.47,10.25
GFDL-ESM4,ssp245,İpsala,SPEI,2030-2059,3,22,0.267,Lojistik,5.34,7.09,7.81
GFDL-ESM4,ssp245,İpsala,SPEI,2030-2059,6,18,0.4,GEV,9.44,12.46,13.52
GFDL-ESM4,ssp245,İpsala,SPEI,2030-2059,9,15,0.5,Gamma3,13.01,17.35,18.96
GFDL-ESM4,ssp245,İpsala,SPEI,2030-2059,12,13,0.567,Gamma3,16.02,20.74,22.35
GFDL-ESM4,ssp245,İpsala,SPEI,2070-2099,3,29,0.033,Weibull3,8.36,11.69,12.98
GFDL-ESM4,ssp245,İpsala,SPEI,2070-2099,6,26,0.133,Weibull3,14.42,18.36,19.76
GFDL-ESM4,ssp245,İpsala,SPEI,2070-2099,9,24,0.2,Weibull3,19.86,25.25,27.18
GFDL-ESM4,ssp245,İpsala,SPEI,2070-2099,12,20,0.333,Lojistik,24.82,31.49,34.2
GFDL-ESM4,ssp585,Edirne,SPI,2030-2059,3,20,0.333,GEV,5.74,9.11,10.69
GFDL-ESM4,ssp585,Edirne,SPI,2030-2059,6,18,0.4,GEV,10.18,17.64,21.57
GFDL-ESM4,ssp585,Edirne,SPI,2030-2059,9,15,0.5,GEV,14.1,25.86,32.39
GFDL-ESM4,ssp585,Edirne,SPI,2070-2099,3,29,0.033,Gumbel,7.85,10.93,12.22
GFDL-ESM4,ssp585,Edirne,SPI,2070-2099,6,24,0.2,Gamma3,14.67,20.65,23.12
GFDL-ESM4,ssp585,Edirne,SPI,2070-2099,9,24,0.2,LN3,21.32,31.15,35.65
GFDL-ESM4,ssp585,Edirne,SPI,2070-2099,12,17,0.433,Gumbel,27.82,38.71,43.24
GFDL-ESM4,ssp585,Edirne,SPEI,2030-2059,3,24,0.2,Lojistik,9.62,12.87,14.21
GFDL-ESM4,ssp585,Edirne,SPEI,2030-2059,6,23,0.233,Gumbel,18.35,26.47,29.89
GFDL-ESM4,ssp585,Edirne,SPEI,2030-2059,9,20,0.333,GEV,25.25,36.35,41.16
GFDL-ESM4,ssp585,Edirne,SPEI,2030-2059,12,18,0.4,LN3,32.96,56.49,69.0
GFDL-ESM4,ssp585,Edirne,SPEI,2070-2099,3,30,0.0,Gamma3,14.38,16.78,17.64
GFDL-ESM4,ssp585,Edirne,SPEI,2070-2099,6,30,0.0,Gamma3,27.43,32.29,34.03
GFDL-ESM4,ssp585,Edirne,SPEI,2070-2099,9,29,0.033,Weibull3,39.96,45.79,47.77
GFDL-ESM4,ssp585,Edirne,SPEI,2070-2099,12,29,0.033,Gamma3,52.06,60.47,63.45
GFDL-ESM4,ssp585,Kırklareli,SPI,2030-2059,3,20,0.333,GEV,5.54,8.99,10.68
GFDL-ESM4,ssp585,Kırklareli,SPI,2030-2059,6,18,0.4,GEV,9.99,16.6,19.88
GFDL-ESM4,ssp585,Kırklareli,SPI,2030-2059,9,16,0.467,GEV,13.71,22.91,27.57
GFDL-ESM4,ssp585,Kırklareli,SPI,2070-2099,3,29,0.033,Gumbel,7.31,10.16,11.36
GFDL-ESM4,ssp585,Kırklareli,SPI,2070-2099,6,25,0.167,Gumbel,13.79,19.0,21.19
GFDL-ESM4,ssp585,Kırklareli,SPI,2070-2099,9,24,0.2,LN3,20.53,32.42,38.37
GFDL-ESM4,ssp585,Kırklareli,SPI,2070-2099,12,20,0.333,GEV,26.33,36.06,39.93
GFDL-ESM4,ssp585,Kırklareli,SPEI,2030-2059,3,25,0.167,Lojistik,9.47,12.64,13.95
GFDL-ESM4,ssp585,Kırklareli,SPEI,2030-2059,6,25,0.167,Lojistik,17.03,22.61,24.9
GFDL-ESM4,ssp585,Kırklareli,SPEI,2030-2059,9,22,0.267,GEV,25.2,35.67,39.97
GFDL-ESM4,ssp585,Kırklareli,SPEI,2030-2059,12,22,0.267,Gumbel,32.41,46.6,52.56
GFDL-ESM4,ssp585,Kırklareli,SPEI,2070-2099,3,30,0.0,GEV,13.54,14.12,14.22
GFDL-ESM4,ssp585,Kırklareli,SPEI,2070-2099,6,30,0.0,Weibull3,26.01,28.21,28.89
GFDL-ESM4,ssp585,Kırklareli,SPEI,2070-2099,9,29,0.033,Weibull3,38.11,42.52,43.96
GFDL-ESM4,ssp585,Kırklareli,SPEI,2070-2099,12,29,0.033,Normal,49.94,57.56,60.25
GFDL-ESM4,ssp585,Lüleburgaz,SPI,2030-2059,3,19,0.367,GEV,4.47,7.62,9.2
GFDL-ESM4,ssp585,Lüleburgaz,SPI,2030-2059,6,15,0.5,GEV,7.74,14.74,18.79
GFDL-ESM4,ssp585,Lüleburgaz,SPI,2070-2099,3,27,0.1,LN3,6.62,9.96,11.52
GFDL-ESM4,ssp585,Lüleburgaz,SPI,2070-2099,6,24,0.2,Gumbel,13.01,18.6,20.95
GFDL-ESM4,ssp585,Lüleburgaz,SPI,2070-2099,9,22,0.267,Weibull3,18.99,26.84,29.89
GFDL-ESM4,ssp585,Lüleburgaz,SPI,2070-2099,12,17,0.433,LN3,24.45,32.93,36.18
GFDL-ESM4,ssp585,Lüleburgaz,SPEI,2030-2059,3,22,0.267,GEV,9.24,14.06,16.15
GFDL-ESM4,ssp585,Lüleburgaz,SPEI,2030-2059,6,20,0.333,GEV,16.04,26.61,32.1
GFDL-ESM4,ssp585,Lüleburgaz,SPEI,2030-2059,9,18,0.4,GEV,20.96,41.55,55.84
GFDL-ESM4,ssp585,Lüleburgaz,SPEI,2030-2059,12,14,0.533,GEV,28.09,88.92,152.57
GFDL-ESM4,ssp585,Lüleburgaz,SPEI,2070-2099,3,30,0.0,Lojistik,16.29,19.1,20.27
GFDL-ESM4,ssp585,Lüleburgaz,SPEI,2070-2099,6,30,0.0,Lojistik,30.83,37.37,40.09
GFDL-ESM4,ssp585,Lüleburgaz,SPEI,2070-2099,9,28,0.067,Lojistik,43.55,51.98,55.47
GFDL-ESM4,ssp585,Lüleburgaz,SPEI,2070-2099,12,28,0.067,Weibull3,53.71,58.46,59.91
GFDL-ESM4,ssp585,Sarıyer,SPI,2030-2059,3,18,0.4,Gamma3,5.17,8.11,9.32
GFDL-ESM4,ssp585,Sarıyer,SPI,2030-2059,6,15,0.5,GEV,8.77,16.5,21.31
GFDL-ESM4,ssp585,Sarıyer,SPI,2030-2059,9,13,0.567,GEV,12.29,24.56,34.16
GFDL-ESM4,ssp585,Sarıyer,SPI,2070-2099,3,27,0.1,GEV,7.3,8.85,9.31
GFDL-ESM4,ssp585,Sarıyer,SPI,2070-2099,6,24,0.2,Weibull3,13.73,17.65,19.04
GFDL-ESM4,ssp585,Sarıyer,SPI,2070-2099,9,22,0.267,Normal,19.28,23.67,25.18
GFDL-ESM4,ssp585,Sarıyer,SPI,2070-2099,12,19,0.367,Normal,24.24,29.85,31.77
GFDL-ESM4,ssp585,Sarıyer,SPEI,2030-2059,3,23,0.233,GEV,6.92,9.73,10.86
GFDL-ESM4,ssp585,Sarıyer,SPEI,2030-2059,6,22,0.267,LN3,12.45,17.1,18.95
GFDL-ESM4,ssp585,Sarıyer,SPEI,2030-2059,9,17,0.433,Gumbel,17.84,23.94,26.47
GFDL-ESM4,ssp585,Sarıyer,SPEI,2030-2059,12,15,0.5,Weibull3,23.51,32.75,36.48
GFDL-ESM4,ssp585,Sarıyer,SPEI,2070-2099,3,29,0.033,Weibull3,10.07,12.25,13.04
GFDL-ESM4,ssp585,Sarıyer,SPEI,2070-2099,6,29,0.033,Weibull3,18.89,23.13,24.7
GFDL-ESM4,ssp585,Sarıyer,SPEI,2070-2099,9,29,0.033,GEV,26.77,30.82,32.05
GFDL-ESM4,ssp585,Sarıyer,SPEI,2070-2099,12,29,0.033,LN3,34.91,41.44,43.83
GFDL-ESM4,ssp585,Tekirdağ,SPI,2030-2059,3,17,0.433,GEV,4.75,6.2,6.65
GFDL-ESM4,ssp585,Tekirdağ,SPI,2030-2059,6,14,0.533,Gamma3,8.19,11.28,12.42
GFDL-ESM4,ssp585,Tekirdağ,SPI,2030-2059,9,12,0.6,Gamma3,11.56,16.52,18.47
GFDL-ESM4,ssp585,Tekirdağ,SPI,2070-2099,3,28,0.067,GEV,6.69,8.03,8.45
GFDL-ESM4,ssp585,Tekirdağ,SPI,2070-2099,6,24,0.2,GEV,11.99,13.58,13.98
GFDL-ESM4,ssp585,Tekirdağ,SPI,2070-2099,9,23,0.233,GEV,17.46,19.08,19.41
GFDL-ESM4,ssp585,Tekirdağ,SPI,2070-2099,12,21,0.3,GEV,22.46,24.42,24.79
GFDL-ESM4,ssp585,Tekirdağ,SPEI,2030-2059,3,23,0.233,Normal,6.9,8.64,9.24
GFDL-ESM4,ssp585,Tekirdağ,SPEI,2030-2059,6,20,0.333,Lojistik,12.76,16.77,18.4
GFDL-ESM4,ssp585,Tekirdağ,SPEI,2030-2059,9,18,0.4,GEV,18.66,24.75,26.94
GFDL-ESM4,ssp585,Tekirdağ,SPEI,2030-2059,12,14,0.533,Gumbel,23.94,35.49,40.25
GFDL-ESM4,ssp585,Tekirdağ,SPEI,2070-2099,3,30,0.0,GEV,11.61,12.39,12.56
GFDL-ESM4,ssp585,Tekirdağ,SPEI,2070-2099,6,30,0.0,GEV,21.54,22.45,22.6
GFDL-ESM4,ssp585,Tekirdağ,SPEI,2070-2099,9,28,0.067,GEV,30.99,32.69,33.03
GFDL-ESM4,ssp585,Tekirdağ,SPEI,2070-2099,12,28,0.067,Weibull3,40.04,44.08,45.36
GFDL-ESM4,ssp585,Uzunköprü,SPI,2030-2059,3,20,0.333,LN3,4.88,7.69,8.94
GFDL-ESM4,ssp585,Uzunköprü,SPI,2030-2059,6,16,0.467,GEV,8.4,14.98,18.45
GFDL-ESM4,ssp585,Uzunköprü,SPI,2070-2099,3,27,0.1,Gamma3,6.29,9.06,10.21
GFDL-ESM4,ssp585,Uzunköprü,SPI,2070-2099,6,23,0.233,Gamma3,12.02,17.12,19.22
GFDL-ESM4,ssp585,Uzunköprü,SPI,2070-2099,9,22,0.267,Gamma3,17.74,25.04,27.97
GFDL-ESM4,ssp585,Uzunköprü,SPI,2070-2099,12,17,0.433,LN3,22.84,30.33,33.16
GFDL-ESM4,ssp585,Uzunköprü,SPEI,2030-2059,3,22,0.267,Lojistik,7.87,10.46,11.51
GFDL-ESM4,ssp585,Uzunköprü,SPEI,2030-2059,6,20,0.333,GEV,15.05,23.73,28.15
GFDL-ESM4,ssp585,Uzunköprü,SPEI,2030-2059,9,19,0.367,GEV,19.59,36.39,47.93
GFDL-ESM4,ssp585,Uzunköprü,SPEI,2030-2059,12,15,0.5,GEV,25.87,49.12,64.47
GFDL-ESM4,ssp585,Uzunköprü,SPEI,2070-2099,3,30,0.0,Lojistik,15.18,18.47,19.83
GFDL-ESM4,ssp585,Uzunköprü,SPEI,2070-2099,6,30,0.0,Weibull3,26.75,29.31,30.09
GFDL-ESM4,ssp585,Uzunköprü,SPEI,2070-2099,9,28,0.067,GEV,36.6,38.55,38.92
GFDL-ESM4,ssp585,Uzunköprü,SPEI,2070-2099,12,28,0.067,GEV,45.85,49.15,49.86
GFDL-ESM4,ssp585,Çorlu,SPI,2030-2059,3,18,0.4,LN3,5.5,9.34,11.15
GFDL-ESM4,ssp585,Çorlu,SPI,2030-2059,6,16,0.467,GEV,9.71,22.02,30.63
GFDL-ESM4,ssp585,Çorlu,SPI,2030-2059,9,14,0.533,GEV,13.22,30.05,42.42
GFDL-ESM4,ssp585,Çorlu,SPI,2070-2099,3,26,0.133,GEV,6.49,7.31,7.5
GFDL-ESM4,ssp585,Çorlu,SPI,2070-2099,6,24,0.2,GEV,11.92,13.92,14.44
GFDL-ESM4,ssp585,Çorlu,SPI,2070-2099,9,21,0.3,Normal,17.09,20.99,22.33
GFDL-ESM4,ssp585,Çorlu,SPI,2070-2099,12,17,0.433,Weibull3,21.45,28.44,31.04
GFDL-ESM4,ssp585,Çorlu,SPEI,2030-2059,3,23,0.233,Lojistik,7.51,10.01,11.03
GFDL-ESM4,ssp585,Çorlu,SPEI,2030-2059,6,22,0.267,GEV,14.5,21.74,24.96
GFDL-ESM4,ssp585,Çorlu,SPEI,2030-2059,9,18,0.4,Gumbel,21.22,30.74,34.7
GFDL-ESM4,ssp585,Çorlu,SPEI,2030-2059,12,15,0.5,GEV,26.63,39.8,45.71
GFDL-ESM4,ssp585,Çorlu,SPEI,2070-2099,3,30,0.0,Gamma3,12.47,15.0,15.91
GFDL-ESM4,ssp585,Çorlu,SPEI,2070-2099,6,30,0.0,Weibull3,22.46,25.31,26.22
GFDL-ESM4,ssp585,Çorlu,SPEI,2070-2099,9,29,0.033,GEV,31.62,33.25,33.53
GFDL-ESM4,ssp585,Çorlu,SPEI,2070-2099,12,29,0.033,Weibull3,40.09,45.53,47.32
GFDL-ESM4,ssp585,İpsala,SPI,2030-2059,3,17,0.433,Lojistik,3.83,5.22,5.78
GFDL-ESM4,ssp585,İpsala,SPI,2030-2059,6,13,0.567,Lojistik,6.7,8.79,9.61
GFDL-ESM4,ssp585,İpsala,SPI,2070-2099,3,28,0.067,Gamma3,5.6,7.26,7.9
GFDL-ESM4,ssp585,İpsala,SPI,2070-2099,6,25,0.167,Gumbel,10.23,14.04,15.65
GFDL-ESM4,ssp585,İpsala,SPI,2070-2099,9,25,0.167,Lojistik,14.59,18.83,20.58
GFDL-ESM4,ssp585,İpsala,SPI,2070-2099,12,20,0.333,Gumbel,19.6,27.49,30.79
GFDL-ESM4,ssp585,İpsala,SPEI,2030-2059,3,21,0.3,Gumbel,7.3,10.57,11.93
GFDL-ESM4,ssp585,İpsala,SPEI,2030-2059,6,19,0.367,Weibull3,12.89,17.39,18.99
GFDL-ESM4,ssp585,İpsala,SPEI,2030-2059,9,18,0.4,GEV,17.76,24.52,27.11
GFDL-ESM4,ssp585,İpsala,SPEI,2070-2099,3,30,0.0,GEV,12.25,12.65,12.7
GFDL-ESM4,ssp585,İpsala,SPEI,2070-2099,6,30,0.0,GEV,21.21,21.97,22.09
GFDL-ESM4,ssp585,İpsala,SPEI,2070-2099,9,29,0.033,GEV,30.02,31.61,31.9
GFDL-ESM4,ssp585,İpsala,SPEI,2070-2099,12,29,0.033,Weibull3,37.9,41.19,42.2
MRI-ESM2-0,ssp245,Edirne,SPI,2030-2059,3,19,0.367,LN3,3.76,7.02,8.71
MRI-ESM2-0,ssp245,Edirne,SPI,2030-2059,6,12,0.6,GEV,5.88,15.98,23.46
MRI-ESM2-0,ssp245,Edirne,SPI,2070-2099,3,22,0.267,LN3,6.93,10.36,11.81
MRI-ESM2-0,ssp245,Edirne,SPI,2070-2099,6,19,0.367,Normal,13.15,16.81,18.05
MRI-ESM2-0,ssp245,Edirne,SPI,2070-2099,9,16,0.467,Normal,18.86,23.72,25.35
MRI-ESM2-0,ssp245,Edirne,SPI,2070-2099,12,13,0.567,Lojistik,23.43,29.93,32.49
MRI-ESM2-0,ssp245,Edirne,SPEI,2030-2059,3,25,0.167,GEV,6.41,10.83,13.18
MRI-ESM2-0,ssp245,Edirne,SPEI,2030-2059,6,19,0.367,GEV,11.36,21.19,26.93
MRI-ESM2-0,ssp245,Edirne,SPEI,2030-2059,9,13,0.567,GEV,15.5,31.81,42.55
MRI-ESM2-0,ssp245,Edirne,SPEI,2030-2059,12,12,0.6,GEV,19.85,39.82,52.98
MRI-ESM2-0,ssp245,Edirne,SPEI,2070-2099,3,27,0.1,GEV,11.19,14.6,15.82
MRI-ESM2-0,ssp245,Edirne,SPEI,2070-2099,6,25,0.167,Lojistik,21.28,27.82,30.51
MRI-ESM2-0,ssp245,Edirne,SPEI,2070-2099,9,23,0.233,Weibull3,31.72,40.14,43.1
MRI-ESM2-0,ssp245,Edirne,SPEI,2070-2099,12,22,0.267,Gumbel,39.92,55.1,61.48
MRI-ESM2-0,ssp245,Kırklareli,SPI,2030-2059,3,20,0.333,GEV,3.62,7.42,9.79
MRI-ESM2-0,ssp245,Kırklareli,SPI,2070-2099,3,21,0.3,LN3,6.47,9.47,10.72
MRI-ESM2-0,ssp245,Kırklareli,SPI,2070-2099,6,20,0.333,Weibull3,12.4,16.84,18.44
MRI-ESM2-0,ssp245,Kırklareli,SPI,2070-2099,9,16,0.467,Normal,17.55,21.93,23.39
MRI-ESM2-0,ssp245,Kırklareli,SPI,2070-2099,12,13,0.567,Normal,22.06,27.11,28.77
MRI-ESM2-0,ssp245,Kırklareli,SPEI,2030-2059,3,25,0.167,GEV,6.48,10.78,13.08
MRI-ESM2-0,ssp245,Kırklareli,SPEI,2030-2059,6,21,0.3,GEV,11.56,21.72,27.75
MRI-ESM2-0,ssp245,Kırklareli,SPEI,2030-2059,9,13,0.567,GEV,14.7,80.91,192.68
MRI-ESM2-0,ssp245,Kırklareli,SPEI,2030-2059,12,12,0.6,GEV,18.84,70.19,134.58
MRI-ESM2-0,ssp245,Kırklareli,SPEI,2070-2099,3,27,0.1,LN3,11.6,15.48,16.99
MRI-ESM2-0,ssp245,Kırklareli,SPEI,2070-2099,6,24,0.2,GEV,21.83,25.26,26.14
MRI-ESM2-0,ssp245,Kırklareli,SPEI,2070-2099,9,22,0.267,Weibull3,30.51,36.54,38.54
MRI-ESM2-0,ssp245,Kırklareli,SPEI,2070-2099,12,21,0.3,Weibull3,38.51,47.64,50.83
MRI-ESM2-0,ssp245,Lüleburgaz,SPI,2030-2059,3,15,0.5,GEV,4.77,8.39,10.21
MRI-ESM2-0,ssp245,Lüleburgaz,SPI,2070-2099,3,19,0.367,Gamma3,6.49,10.28,11.88
MRI-ESM2-0,ssp245,Lüleburgaz,SPI,2070-2099,6,16,0.467,GEV,11.89,14.2,14.77
MRI-ESM2-0,ssp245,Lüleburgaz,SPI,2070-2099,9,14,0.533,GEV,16.23,19.32,20.12
MRI-ESM2-0,ssp245,Lüleburgaz,SPI,2070-2099,12,12,0.6,Lojistik,19.35,24.7,26.78
MRI-ESM2-0,ssp245,Lüleburgaz,SPEI,2030-2059,3,23,0.233,LN3,9.2,21.25,28.41
MRI-ESM2-0,ssp245,Lüleburgaz,SPEI,2030-2059,6,16,0.467,GEV,14.95,26.52,32.29
MRI-ESM2-0,ssp245,Lüleburgaz,SPEI,2030-2059,9,15,0.5,GEV,19.76,42.82,57.35
MRI-ESM2-0,ssp245,Lüleburgaz,SPEI,2030-2059,12,14,0.533,Weibull3,25.14,45.22,53.5
MRI-ESM2-0,ssp245,Lüleburgaz,SPEI,2070-2099,3,30,0.0,Gamma3,12.84,19.22,21.86
MRI-ESM2-0,ssp245,Lüleburgaz,SPEI,2070-2099,6,29,0.033,Weibull3,23.53,33.72,37.7
MRI-ESM2-0,ssp245,Lüleburgaz,SPEI,2070-2099,9,24,0.2,GEV,32.34,42.66,46.43
MRI-ESM2-0,ssp245,Lüleburgaz,SPEI,2070-2099,12,23,0.233,LN3,40.14,52.62,57.4
MRI-ESM2-0,ssp245,Sarıyer,SPI,2030-2059,3,15,0.5,Lojistik,4.55,6.44,7.19
MRI-ESM2-0,ssp245,Sarıyer,SPI,2070-2099,3,16,0.467,GEV,6.03,12.35,16.15
MRI-ESM2-0,ssp245,Sarıyer,SPI,2070-2099,6,12,0.6,Gamma3,12.71,22.66,26.71
MRI-ESM2-0,ssp245,Sarıyer,SPEI,2030-2059,3,24,0.2,GEV,6.14,8.57,9.53
MRI-ESM2-0,ssp245,Sarıyer,SPEI,2030-2059,6,20,0.333,GEV,11.45,15.57,17.09
MRI-ESM2-0,ssp245,Sarıyer,SPEI,2030-2059,9,16,0.467,Lojistik,15.93,21.64,23.92
MRI-ESM2-0,ssp245,Sarıyer,SPEI,2030-2059,12,15,0.5,Lojistik,20.14,27.04,29.79
MRI-ESM2-0,ssp245,Sarıyer,SPEI,2070-2099,3,25,0.167,Weibull3,8.57,13.41,15.42
MRI-ESM2-0,ssp245,Sarıyer,SPEI,2070-2099,6,21,0.3,LN3,16.0,27.29,32.82
MRI-ESM2-0,ssp245,Sarıyer,SPEI,2070-2099,9,18,0.4,LN3,22.8,36.16,42.13
MRI-ESM2-0,ssp245,Sarıyer,SPEI,2070-2099,12,13,0.567,Gumbel,29.41,43.79,49.71
MRI-ESM2-0,ssp245,Tekirdağ,SPI,2030-2059,3,17,0.433,Gumbel,4.69,7.33,8.44
MRI-ESM2-0,ssp245,Tekirdağ,SPI,2070-2099,3,21,0.3,Weibull3,6.45,9.16,10.16
MRI-ESM2-0,ssp245,Tekirdağ,SPI,2070-2099,6,17,0.433,GEV,11.83,14.23,14.81
MRI-ESM2-0,ssp245,Tekirdağ,SPI,2070-2099,9,14,0.533,GEV,16.66,18.62,18.96
MRI-ESM2-0,ssp245,Tekirdağ,SPI,2070-2099,12,13,0.567,Weibull3,19.89,23.32,24.3
MRI-ESM2-0,ssp245,Tekirdağ,SPEI,2030-2059,3,24,0.2,LN3,6.79,10.56,12.27
MRI-ESM2-0,ssp245,Tekirdağ,SPEI,2030-2059,6,19,0.367,GEV,12.07,18.48,21.53
MRI-ESM2-0,ssp245,Tekirdağ,SPEI,2030-2059,9,15,0.5,GEV,16.88,27.46,33.08
MRI-ESM2-0,ssp245,Tekirdağ,SPEI,2030-2059,12,14,0.533,GEV,20.66,41.07,55.05
MRI-ESM2-0,ssp245,Tekirdağ,SPEI,2070-2099,3,30,0.0,Weibull3,9.54,12.96,14.25
MRI-ESM2-0,ssp245,Tekirdağ,SPEI,2070-2099,6,29,0.033,Weibull3,18.25,24.97,27.55
MRI-ESM2-0,ssp245,Tekirdağ,SPEI,2070-2099,9,26,0.133,GEV,24.9,29.25,30.46
MRI-ESM2-0,ssp245,Tekirdağ,SPEI,2070-2099,12,23,0.233,Normal,31.63,38.27,40.58
MRI-ESM2-0,ssp245,Uzunköprü,SPI,2030-2059,3,19,0.367,Gumbel,4.5,7.02,8.07
MRI-ESM2-0,ssp245,Uzunköprü,SPI,2070-2099,3,21,0.3,Gumbel,6.47,9.77,11.16
MRI-ESM2-0,ssp245,Uzunköprü,SPI,2070-2099,6,17,0.433,GEV,11.73,13.4,13.73
MRI-ESM2-0,ssp245,Uzunköprü,SPI,2070-2099,9,14,0.533,Weibull3,16.08,18.45,19.11
MRI-ESM2-0,ssp245,Uzunköprü,SPEI,2030-2059,3,24,0.2,GEV,7.93,17.21,23.33
MRI-ESM2-0,ssp245,Uzunköprü,SPEI,2030-2059,6,18,0.4,LN3,14.22,24.48,29.42
MRI-ESM2-0,ssp245,Uzunköprü,SPEI,2030-2059,9,16,0.467,GEV,18.4,43.16,61.6
MRI-ESM2-0,ssp245,Uzunköprü,SPEI,2030-2059,12,15,0.5,GEV,22.25,45.21,60.12
MRI-ESM2-0,ssp245,Uzunköprü,SPEI,2070-2099,3,30,0.0,LN3,12.21,19.75,23.32
MRI-ESM2-0,ssp245,Uzunköprü,SPEI,2070-2099,6,29,0.033,Gamma3,24.54,38.01,43.67
MRI-ESM2-0,ssp245,Uzunköprü,SPEI,2070-2099,9,28,0.067,Weibull3,32.19,47.2,53.18
MRI-ESM2-0,ssp245,Uzunköprü,SPEI,2070-2099,12,24,0.2,GEV,36.47,41.61,42.81
MRI-ESM2-0,ssp245,Çorlu,SPI,2030-2059,3,14,0.533,LN3,4.22,6.21,6.96
MRI-ESM2-0,ssp245,Çorlu,SPI,2070-2099,3,20,0.333,LN3,5.08,11.05,14.51
MRI-ESM2-0,ssp245,Çorlu,SPI,2070-2099,6,14,0.533,Gamma3,9.55,15.35,17.73
MRI-ESM2-0,ssp245,Çorlu,SPI,2070-2099,9,13,0.567,GEV,12.49,21.37,26.39
MRI-ESM2-0,ssp245,Çorlu,SPEI,2030-2059,3,24,0.2,Gumbel,6.26,9.3,10.58
MRI-ESM2-0,ssp245,Çorlu,SPEI,2030-2059,6,17,0.433,Gumbel,11.38,15.96,17.87
MRI-ESM2-0,ssp245,Çorlu,SPEI,2030-2059,9,16,0.467,LN3,15.97,25.11,29.4
MRI-ESM2-0,ssp245,Çorlu,SPEI,2030-2059,12,15,0.5,LN3,20.0,30.33,34.92
MRI-ESM2-0,ssp245,Çorlu,SPEI,2070-2099,3,27,0.1,Weibull3,9.08,13.43,15.16
MRI-ESM2-0,ssp245,Çorlu,SPEI,2070-2099,6,24,0.2,Weibull3,17.22,25.95,29.44
MRI-ESM2-0,ssp245,Çorlu,SPEI,2070-2099,9,22,0.267,Weibull3,23.95,33.78,37.48
MRI-ESM2-0,ssp245,Çorlu,SPEI,2070-2099,12,19,0.367,Weibull3,28.86,38.89,42.5
MRI-ESM2-0,ssp245,İpsala,SPI,2030-2059,3,20,0.333,GEV,3.82,5.68,6.44
MRI-ESM2-0,ssp245,İpsala,SPI,2030-2059,6,13,0.567,GEV,6.4,9.63,10.88
MRI-ESM2-0,ssp245,İpsala,SPI,2070-2099,3,24,0.2,Weibull3,5.3,7.35,8.13
MRI-ESM2-0,ssp245,İpsala,SPI,2070-2099,6,21,0.3,GEV,9.7,11.16,11.5
MRI-ESM2-0,ssp245,İpsala,SPI,2070-2099,9,17,0.433,Weibull3,13.83,15.98,16.62
MRI-ESM2-0,ssp245,İpsala,SPI,2070-2099,12,15,0.5,Weibull3,17.19,19.26,19.85
MRI-ESM2-0,ssp245,İpsala,SPEI,2030-2059,3,26,0.133,LN3,6.61,10.82,12.88
MRI-ESM2-0,ssp245,İpsala,SPEI,2030-2059,6,23,0.233,Gamma3,11.56,17.15,19.44
MRI-ESM2-0,ssp245,İpsala,SPEI,2030-2059,9,19,0.367,LN3,15.46,22.25,25.12
MRI-ESM2-0,ssp245,İpsala,SPEI,2030-2059,12,16,0.467,GEV,20.36,149.85,416.6
MRI-ESM2-0,ssp245,İpsala,SPEI,2070-2099,3,30,0.0,Weibull3,10.53,14.22,15.63
MRI-ESM2-0,ssp245,İpsala,SPEI,2070-2099,6,29,0.033,Weibull3,18.36,22.81,24.41
MRI-ESM2-0,ssp245,İpsala,SPEI,2070-2099,9,27,0.1,GEV,25.05,28.85,29.91
MRI-ESM2-0,ssp245,İpsala,SPEI,2070-2099,12,26,0.133,GEV,31.92,36.08,37.14
MRI-ESM2-0,ssp585,Edirne,SPI,2030-2059,3,22,0.267,Weibull3,5.27,6.57,7.02
MRI-ESM2-0,ssp585,Edirne,SPI,2030-2059,6,17,0.433,Gamma3,8.68,10.85,11.59
MRI-ESM2-0,ssp585,Edirne,SPI,2070-2099,3,26,0.133,Weibull3,10.02,13.07,14.17
MRI-ESM2-0,ssp585,Edirne,SPI,2070-2099,6,25,0.167,GEV,17.67,22.83,24.61
MRI-ESM2-0,ssp585,Edirne,SPI,2070-2099,9,24,0.2,Lojistik,24.42,32.04,35.18
MRI-ESM2-0,ssp585,Edirne,SPI,2070-2099,12,22,0.267,GEV,30.59,37.7,39.87
MRI-ESM2-0,ssp585,Edirne,SPEI,2030-2059,3,28,0.067,GEV,8.38,9.25,9.44
MRI-ESM2-0,ssp585,Edirne,SPEI,2030-2059,6,27,0.1,Weibull3,15.13,18.25,19.32
MRI-ESM2-0,ssp585,Edirne,SPEI,2030-2059,9,21,0.3,Weibull3,20.88,25.52,27.1
MRI-ESM2-0,ssp585,Edirne,SPEI,2030-2059,12,19,0.367,Weibull3,26.27,30.36,31.66
MRI-ESM2-0,ssp585,Edirne,SPEI,2070-2099,3,30,0.0,Lojistik,15.62,19.12,20.57
MRI-ESM2-0,ssp585,Edirne,SPEI,2070-2099,6,30,0.0,Lojistik,30.52,37.89,40.94
MRI-ESM2-0,ssp585,Edirne,SPEI,2070-2099,9,30,0.0,Weibull3,41.74,46.04,47.36
MRI-ESM2-0,ssp585,Edirne,SPEI,2070-2099,12,28,0.067,Weibull3,54.62,59.8,61.38
MRI-ESM2-0,ssp585,Kırklareli,SPI,2030-2059,3,22,0.267,GEV,4.83,5.42,5.56
MRI-ESM2-0,ssp585,Kırklareli,SPI,2030-2059,6,16,0.467,Lojistik,8.1,10.15,10.97
MRI-ESM2-0,ssp585,Kırklareli,SPI,2070-2099,3,27,0.1,Weibull3,9.45,12.48,13.59
MRI-ESM2-0,ssp585,Kırklareli,SPI,2070-2099,6,24,0.2,Weibull3,17.42,23.29,25.45
MRI-ESM2-0,ssp585,Kırklareli,SPI,2070-2099,9,24,0.2,GEV,23.92,30.0,31.96
MRI-ESM2-0,ssp585,Kırklareli,SPI,2070-2099,12,22,0.267,GEV,29.79,35.51,37.14
MRI-ESM2-0,ssp585,Kırklareli,SPEI,2030-2059,3,28,0.067,GEV,8.36,8.79,8.86
MRI-ESM2-0,ssp585,Kırklareli,SPEI,2030-2059,6,27,0.1,GEV,15.04,16.1,16.29
MRI-ESM2-0,ssp585,Kırklareli,SPEI,2030-2059,9,23,0.233,Gamma3,20.9,25.39,26.98
MRI-ESM2-0,ssp585,Kırklareli,SPEI,2030-2059,12,20,0.333,Weibull3,26.04,29.83,31.05
MRI-ESM2-0,ssp585,Kırklareli,SPEI,2070-2099,3,30,0.0,Lojistik,15.23,18.49,19.84
MRI-ESM2-0,ssp585,Kırklareli,SPEI,2070-2099,6,30,0.0,Weibull3,27.44,30.11,30.93
MRI-ESM2-0,ssp585,Kırklareli,SPEI,2070-2099,9,30,0.0,Weibull3,40.13,44.19,45.44
MRI-ESM2-0,ssp585,Kırklareli,SPEI,2070-2099,12,28,0.067,GEV,51.77,53.58,53.84
MRI-ESM2-0,ssp585,Lüleburgaz,SPI,2030-2059,3,23,0.233,Normal,5.94,7.42,7.94
MRI-ESM2-0,ssp585,Lüleburgaz,SPI,2030-2059,6,18,0.4,GEV,10.22,11.86,12.24
MRI-ESM2-0,ssp585,Lüleburgaz,SPI,2030-2059,9,16,0.467,Weibull3,13.85,17.23,18.31
MRI-ESM2-0,ssp585,Lüleburgaz,SPI,2030-2059,12,13,0.567,Gumbel,16.3,22.91,25.62
MRI-ESM2-0,ssp585,Lüleburgaz,SPI,2070-2099,3,26,0.133,Gumbel,9.37,13.3,14.96
MRI-ESM2-0,ssp585,Lüleburgaz,SPI,2070-2099,6,26,0.133,Weibull3,17.3,24.29,26.99
MRI-ESM2-0,ssp585,Lüleburgaz,SPI,2070-2099,9,26,0.133,GEV,24.0,35.18,40.14
MRI-ESM2-0,ssp585,Lüleburgaz,SPI,2070-2099,12,21,0.3,GEV,30.48,42.92,48.15
MRI-ESM2-0,ssp585,Lüleburgaz,SPEI,2030-2059,3,28,0.067,Weibull3,11.93,16.28,17.92
MRI-ESM2-0,ssp585,Lüleburgaz,SPEI,2030-2059,6,26,0.133,Weibull3,20.15,28.81,32.21
MRI-ESM2-0,ssp585,Lüleburgaz,SPEI,2030-2059,9,24,0.2,Weibull3,26.83,37.75,41.94
MRI-ESM2-0,ssp585,Lüleburgaz,SPEI,2030-2059,12,20,0.333,GEV,31.4,42.58,46.84
MRI-ESM2-0,ssp585,Lüleburgaz,SPEI,2070-2099,3,30,0.0,Gumbel,19.71,26.72,29.68
MRI-ESM2-0,ssp585,Lüleburgaz,SPEI,2070-2099,6,29,0.033,Lojistik,32.4,39.02,41.76
MRI-ESM2-0,ssp585,Lüleburgaz,SPEI,2070-2099,9,29,0.033,GEV,41.99,42.59,42.64
MRI-ESM2-0,ssp585,Lüleburgaz,SPEI,2070-2099,12,28,0.067,Lojistik,59.21,70.71,75.47
MRI-ESM2-0,ssp585,Sarıyer,SPI,2030-2059,3,25,0.167,GEV,6.7,8.69,9.36
MRI-ESM2-0,ssp585,Sarıyer,SPI,2030-2059,6,21,0.3,Weibull3,11.74,15.84,17.33
MRI-ESM2-0,ssp585,Sarıyer,SPI,2030-2059,9,18,0.4,Normal,15.95,19.96,21.31
MRI-ESM2-0,ssp585,Sarıyer,SPI,2030-2059,12,12,0.6,GEV,19.22,23.79,25.04
MRI-ESM2-0,ssp585,Sarıyer,SPI,2070-2099,3,30,0.0,Gamma3,7.6,10.44,11.57
MRI-ESM2-0,ssp585,Sarıyer,SPI,2070-2099,6,27,0.1,Gamma3,14.65,21.14,23.81
MRI-ESM2-0,ssp585,Sarıyer,SPI,2070-2099,9,27,0.1,LN3,21.43,35.6,42.67
MRI-ESM2-0,ssp585,Sarıyer,SPI,2070-2099,12,22,0.267,Gamma3,27.74,41.15,46.68
MRI-ESM2-0,ssp585,Sarıyer,SPEI,2030-2059,3,28,0.067,GEV,8.18,9.72,10.18
MRI-ESM2-0,ssp585,Sarıyer,SPEI,2030-2059,6,28,0.067,Normal,15.0,18.12,19.22
MRI-ESM2-0,ssp585,Sarıyer,SPEI,2030-2059,9,26,0.133,GEV,21.12,23.76,24.39
MRI-ESM2-0,ssp585,Sarıyer,SPEI,2030-2059,12,23,0.233,GEV,26.47,29.5,30.23
MRI-ESM2-0,ssp585,Sarıyer,SPEI,2070-2099,3,30,0.0,LN3,11.31,14.19,15.38
MRI-ESM2-0,ssp585,Sarıyer,SPEI,2070-2099,6,30,0.0,Weibull3,21.18,25.91,27.66
MRI-ESM2-0,ssp585,Sarıyer,SPEI,2070-2099,9,30,0.0,Weibull3,30.93,37.26,39.53
MRI-ESM2-0,ssp585,Sarıyer,SPEI,2070-2099,12,29,0.033,Weibull3,40.25,47.4,49.88
MRI-ESM2-0,ssp585,Tekirdağ,SPI,2030-2059,3,25,0.167,Lojistik,6.21,8.29,9.15
MRI-ESM2-0,ssp585,Tekirdağ,SPI,2030-2059,6,20,0.333,GEV,10.31,12.34,12.85
MRI-ESM2-0,ssp585,Tekirdağ,SPI,2030-2059,9,13,0.567,GEV,14.72,16.72,17.08
MRI-ESM2-0,ssp585,Tekirdağ,SPI,2070-2099,3,26,0.133,Weibull3,9.89,14.71,16.67
MRI-ESM2-0,ssp585,Tekirdağ,SPI,2070-2099,6,25,0.167,LN3,16.84,25.43,29.37
MRI-ESM2-0,ssp585,Tekirdağ,SPI,2070-2099,9,25,0.167,GEV,23.4,35.39,41.06
MRI-ESM2-0,ssp585,Tekirdağ,SPI,2070-2099,12,21,0.3,GEV,29.74,43.19,49.25
MRI-ESM2-0,ssp585,Tekirdağ,SPEI,2030-2059,3,28,0.067,GEV,8.78,10.15,10.53
MRI-ESM2-0,ssp585,Tekirdağ,SPEI,2030-2059,6,27,0.1,Weibull3,15.92,19.03,20.09
MRI-ESM2-0,ssp585,Tekirdağ,SPEI,2030-2059,9,25,0.167,Weibull3,22.11,27.85,29.95
MRI-ESM2-0,ssp585,Tekirdağ,SPEI,2030-2059,12,21,0.3,GEV,26.94,33.77,36.31
MRI-ESM2-0,ssp585,Tekirdağ,SPEI,2070-2099,3,30,0.0,GEV,12.77,13.49,13.63
MRI-ESM2-0,ssp585,Tekirdağ,SPEI,2070-2099,6,29,0.033,Weibull3,24.45,26.97,27.75
MRI-ESM2-0,ssp585,Tekirdağ,SPEI,2070-2099,9,29,0.033,Weibull3,35.44,39.51,40.79
MRI-ESM2-0,ssp585,Tekirdağ,SPEI,2070-2099,12,28,0.067,Weibull3,45.24,50.27,51.85
MRI-ESM2-0,ssp585,Uzunköprü,SPI,2030-2059,3,24,0.2,Weibull3,6.16,8.44,9.3
MRI-ESM2-0,ssp585,Uzunköprü,SPI,2030-2059,6,20,0.333,GEV,10.12,13.34,14.5
MRI-ESM2-0,ssp585,Uzunköprü,SPI,2030-2059,9,14,0.533,Normal,13.97,17.37,18.49
MRI-ESM2-0,ssp585,Uzunköprü,SPI,2030-2059,12,12,0.6,GEV,16.06,22.52,25.27
MRI-ESM2-0,ssp585,Uzunköprü,SPI,2070-2099,3,29,0.033,Weibull3,8.99,12.39,13.68
MRI-ESM2-0,ssp585,Uzunköprü,SPI,2070-2099,6,24,0.2,LN3,16.05,23.46,26.78
MRI-ESM2-0,ssp585,Uzunköprü,SPI,2070-2099,9,23,0.233,GEV,22.27,34.76,41.36
MRI-ESM2-0,ssp585,Uzunköprü,SPI,2070-2099,12,21,0.3,GEV,28.94,42.82,49.4
MRI-ESM2-0,ssp585,Uzunköprü,SPEI,2030-2059,3,28,0.067,Weibull3,9.77,12.36,13.27
MRI-ESM2-0,ssp585,Uzunköprü,SPEI,2030-2059,6,26,0.133,Weibull3,17.12,22.44,24.42
MRI-ESM2-0,ssp585,Uzunköprü,SPEI,2030-2059,9,24,0.2,GEV,22.47,26.62,27.78
MRI-ESM2-0,ssp585,Uzunköprü,SPEI,2030-2059,12,19,0.367,Normal,27.47,33.33,35.33
MRI-ESM2-0,ssp585,Uzunköprü,SPEI,2070-2099,3,30,0.0,Gumbel,16.85,22.76,25.26
MRI-ESM2-0,ssp585,Uzunköprü,SPEI,2070-2099,6,29,0.033,GEV,26.87,27.4,27.46
MRI-ESM2-0,ssp585,Uzunköprü,SPEI,2070-2099,9,29,0.033,GEV,37.83,39.72,40.04
MRI-ESM2-0,ssp585,Uzunköprü,SPEI,2070-2099,12,28,0.067,GEV,47.47,49.99,50.43
MRI-ESM2-0,ssp585,Çorlu,SPI,2030-2059,3,24,0.2,Weibull3,6.55,9.27,10.32
MRI-ESM2-0,ssp585,Çorlu,SPI,2030-2059,6,22,0.267,Weibull3,10.85,14.8,16.26
MRI-ESM2-0,ssp585,Çorlu,SPI,2030-2059,9,16,0.467,GEV,14.29,17.24,18.01
MRI-ESM2-0,ssp585,Çorlu,SPI,2030-2059,12,12,0.6,GEV,15.51,20.44,22.07
MRI-ESM2-0,ssp585,Çorlu,SPI,2070-2099,3,26,0.133,Weibull3,9.19,13.43,15.11
MRI-ESM2-0,ssp585,Çorlu,SPI,2070-2099,6,24,0.2,Weibull3,16.67,25.08,28.48
MRI-ESM2-0,ssp585,Çorlu,SPI,2070-2099,9,24,0.2,LN3,23.15,38.41,45.86
MRI-ESM2-0,ssp585,Çorlu,SPI,2070-2099,12,20,0.333,LN3,29.06,45.79,53.52
MRI-ESM2-0,ssp585,Çorlu,SPEI,2030-2059,3,27,0.1,GEV,8.27,9.82,10.28
MRI-ESM2-0,ssp585,Çorlu,SPEI,2030-2059,6,27,0.1,GEV,15.65,18.97,20.02
MRI-ESM2-0,ssp585,Çorlu,SPEI,2030-2059,9,26,0.133,Normal,21.53,26.06,27.64
MRI-ESM2-0,ssp585,Çorlu,SPEI,2030-2059,12,24,0.2,Normal,26.05,31.19,32.98
MRI-ESM2-0,ssp585,Çorlu,SPEI,2070-2099,3,30,0.0,Weibull3,12.36,14.37,15.05
MRI-ESM2-0,ssp585,Çorlu,SPEI,2070-2099,6,28,0.067,GEV,23.12,24.91,25.29
MRI-ESM2-0,ssp585,Çorlu,SPEI,2070-2099,9,28,0.067,GEV,33.26,36.66,37.48
MRI-ESM2-0,ssp585,Çorlu,SPEI,2070-2099,12,28,0.067,GEV,41.99,46.23,47.24
MRI-ESM2-0,ssp585,İpsala,SPI,2030-2059,3,22,0.267,GEV,4.23,4.87,5.01
MRI-ESM2-0,ssp585,İpsala,SPI,2030-2059,6,15,0.5,Gamma3,7.11,9.2,9.94
MRI-ESM2-0,ssp585,İpsala,SPI,2070-2099,3,26,0.133,Gumbel,8.38,11.93,13.43
MRI-ESM2-0,ssp585,İpsala,SPI,2070-2099,6,24,0.2,Gumbel,15.41,21.97,24.73
MRI-ESM2-0,ssp585,İpsala,SPI,2070-2099,9,22,0.267,GEV,21.6,31.69,36.39
MRI-ESM2-0,ssp585,İpsala,SPI,2070-2099,12,21,0.3,GEV,27.74,40.35,46.21
MRI-ESM2-0,ssp585,İpsala,SPEI,2030-2059,3,28,0.067,LN3,9.6,13.88,15.71
MRI-ESM2-0,ssp585,İpsala,SPEI,2030-2059,6,26,0.133,Weibull3,15.46,20.36,22.16
MRI-ESM2-0,ssp585,İpsala,SPEI,2030-2059,9,20,0.333,Normal,20.75,25.28,26.83
MRI-ESM2-0,ssp585,İpsala,SPEI,2030-2059,12,19,0.367,Weibull3,26.06,31.64,33.51
MRI-ESM2-0,ssp585,İpsala,SPEI,2070-2099,3,30,0.0,GEV,12.8,12.98,13.0
MRI-ESM2-0,ssp585,İpsala,SPEI,2070-2099,6,30,0.0,GEV,24.13,25.0,25.13
MRI-ESM2-0,ssp585,İpsala,SPEI,2070-2099,9,30,0.0,GEV,34.8,36.32,36.56
MRI-ESM2-0,ssp585,İpsala,SPEI,2070-2099,12,29,0.033,GEV,45.26,47.39,47.74
